TransactionID,SaleDate,Region,ProductID,Quantity,Revenue,CustomerID
TXN-000231,2023-10-01,NORTH,PROD-105,4,2792.84,CUST-2987
TXN-000244,2023-10-01,NORTH,PROD-115,3,465.95,CUST-1324
TXN-000265,2023-10-01,NORTH,PROD-120,5,724.15,CUST-2250
TXN-000290,2023-10-01,NORTH,PROD-102,4,513.3,CUST-1874
TXN-000310,2023-10-01,NORTH,PROD-120,3,407.58,CUST-1560
TXN-000322,2023-10-01,NORTH,PROD-107,3,980.13,CUST-2572
TXN-001847,2023-10-01,SOUTH,PROD-113,1,27.07,CUST-2344
TXN-001852,2023-10-01,SOUTH,PROD-107,1,282.54,CUST-2329
TXN-001857,2023-10-01,SOUTH,PROD-115,5,711.35,CUST-1604
TXN-001863,2023-10-01,SOUTH,PROD-114,5,72.19,CUST-1131
TXN-001875,2023-10-01,SOUTH,PROD-112,3,291.39,CUST-1325
TXN-001943,2023-10-01,SOUTH,PROD-119,3,1062.79,CUST-1254
TXN-001952,2023-10-01,SOUTH,PROD-117,3,585.81,CUST-1187
TXN-001978,2023-10-01,SOUTH,PROD-105,1,664.13,CUST-1009
TXN-002002,2023-10-01,SOUTH,PROD-108,4,305.59,CUST-2879
TXN-002005,2023-10-01,SOUTH,PROD-119,3,1121.47,CUST-1507
TXN-002016,2023-10-01,SOUTH,PROD-115,4,595.67,CUST-1877
TXN-002084,2023-10-01,SOUTH,PROD-119,1,379.54,CUST-1315
TXN-002212,2023-10-01,SOUTH,PROD-111,1,51.33,CUST-2789
TXN-002222,2023-10-01,SOUTH,PROD-106,3,259.29,CUST-2570
TXN-004013,2023-10-01,EAST,PROD-101,1,2750.17,CUST-1338
TXN-004074,2023-10-01,EAST,PROD-119,1,338.41,CUST-1850
TXN-004108,2023-10-01,EAST,PROD-120,1,150.21,CUST-2157
TXN-004142,2023-10-01,EAST,PROD-101,5,14802.7,CUST-1801
TXN-004156,2023-10-01,EAST,PROD-118,1,20.97,CUST-2008
TXN-004159,2023-10-01,EAST,PROD-113,5,155.19,CUST-1539
TXN-004164,2023-10-01,EAST,PROD-107,2,621.34,CUST-1161
TXN-004216,2023-10-01,EAST,PROD-113,2,62.17,CUST-2623
TXN-004218,2023-10-01,EAST,PROD-112,4,390.44,CUST-2269
TXN-004237,2023-10-01,EAST,PROD-107,3,923.03,CUST-1246
TXN-004327,2023-10-01,EAST,PROD-103,3,1409.62,CUST-1568
TXN-005544,2023-10-01,WEST,PROD-106,2,155.42,CUST-1084
TXN-005593,2023-10-01,WEST,PROD-117,3,587.72,CUST-1257
TXN-005603,2023-10-01,WEST,PROD-101,5,15606.44,CUST-1856
TXN-005632,2023-10-01,WEST,PROD-103,4,2047.85,CUST-2157
TXN-005644,2023-10-01,WEST,PROD-120,3,425.41,CUST-2791
TXN-005671,2023-10-01,WEST,PROD-117,4,801.25,CUST-2039
TXN-005750,2023-10-01,WEST,PROD-113,4,117.52,CUST-2980
TXN-005779,2023-10-01,WEST,PROD-103,4,2063.51,CUST-1504
TXN-005808,2023-10-01,WEST,PROD-119,2,754.89,CUST-2641
TXN-005809,2023-10-01,WEST,PROD-110,3,161.75,CUST-1241
TXN-005853,2023-10-01,WEST,PROD-120,3,435.48,CUST-2411
TXN-005871,2023-10-01,WEST,PROD-110,4,214.5,CUST-1316
TXN-005889,2023-10-01,WEST,PROD-112,4,363.9,CUST-1381
TXN-005912,2023-10-01,WEST,PROD-101,4,12692.6,CUST-1504
TXN-007227,2023-10-01,CENTRAL,PROD-113,1,32.0,CUST-2950
TXN-007255,2023-10-01,CENTRAL,PROD-116,1,49.7,CUST-1161
TXN-007300,2023-10-01,CENTRAL,PROD-110,2,95.84,CUST-2191
TXN-007313,2023-10-01,CENTRAL,PROD-101,1,3013.01,CUST-1258
TXN-007336,2023-10-01,CENTRAL,PROD-116,2,105.08,CUST-1510
TXN-007398,2023-10-01,CENTRAL,PROD-102,2,232.76,CUST-2710
TXN-007412,2023-10-01,CENTRAL,PROD-107,3,854.74,CUST-1451
TXN-007435,2023-10-01,CENTRAL,PROD-105,2,1377.78,CUST-1532
TXN-007456,2023-10-01,CENTRAL,PROD-119,3,1111.37,CUST-2653
TXN-007459,2023-10-01,CENTRAL,PROD-107,1,285.75,CUST-2654
TXN-007463,2023-10-01,CENTRAL,PROD-108,2,150.0,CUST-2920
TXN-007515,2023-10-01,CENTRAL,PROD-104,3,2787.78,CUST-2287
TXN-007583,2023-10-01,CENTRAL,PROD-116,2,99.13,CUST-2264
TXN-007603,2023-10-01,CENTRAL,PROD-109,3,516.04,CUST-1518
TXN-000013,2023-10-02,NORTH,PROD-108,3,230.35,CUST-2752
TXN-000099,2023-10-02,NORTH,PROD-104,5,4441.06,CUST-2493
TXN-000177,2023-10-02,NORTH,PROD-118,3,62.34,CUST-1259
TXN-000187,2023-10-02,NORTH,PROD-120,1,163.42,CUST-1426
TXN-000195,2023-10-02,NORTH,PROD-106,3,244.53,CUST-2689
TXN-000207,2023-10-02,NORTH,PROD-115,1,144.43,CUST-1663
TXN-000254,2023-10-02,NORTH,PROD-110,4,181.3,CUST-1748
TXN-000268,2023-10-02,NORTH,PROD-110,4,184.61,CUST-1481
TXN-000316,2023-10-02,NORTH,PROD-105,2,1366.13,CUST-1102
TXN-000321,2023-10-02,NORTH,PROD-108,4,307.09,CUST-1113
TXN-000327,2023-10-02,NORTH,PROD-114,1,14.87,CUST-1160
TXN-000344,2023-10-02,NORTH,PROD-112,3,274.58,CUST-2770
TXN-000351,2023-10-02,NORTH,PROD-108,4,307.45,CUST-2074
TXN-000375,2023-10-02,NORTH,PROD-116,3,166.77,CUST-1211
TXN-000380,2023-10-02,NORTH,PROD-113,5,146.17,CUST-1791
TXN-000405,2023-10-02,NORTH,PROD-111,3,138.71,CUST-1754
TXN-000418,2023-10-02,NORTH,PROD-120,2,310.72,CUST-2944
TXN-000437,2023-10-02,NORTH,PROD-104,5,4187.67,CUST-1338
TXN-000444,2023-10-02,NORTH,PROD-101,1,2727.27,CUST-2314
TXN-000464,2023-10-02,NORTH,PROD-119,5,1643.08,CUST-2134
TXN-001780,2023-10-02,SOUTH,PROD-113,5,147.82,CUST-1533
TXN-001800,2023-10-02,SOUTH,PROD-105,4,2793.23,CUST-2710
TXN-001881,2023-10-02,SOUTH,PROD-115,4,655.47,CUST-2548
TXN-001905,2023-10-02,SOUTH,PROD-118,3,58.65,CUST-2473
TXN-001972,2023-10-02,SOUTH,PROD-106,5,405.0,CUST-1616
TXN-002007,2023-10-02,SOUTH,PROD-111,5,264.65,CUST-2933
TXN-002010,2023-10-02,SOUTH,PROD-102,4,462.04,CUST-2737
TXN-002109,2023-10-02,SOUTH,PROD-108,2,133.65,CUST-2287
TXN-002125,2023-10-02,SOUTH,PROD-117,1,195.61,CUST-1632
TXN-002151,2023-10-02,SOUTH,PROD-117,4,823.65,CUST-1591
TXN-002213,2023-10-02,SOUTH,PROD-111,4,189.3,CUST-1993
TXN-002275,2023-10-02,SOUTH,PROD-103,1,500.6,CUST-1745
TXN-004024,2023-10-02,EAST,PROD-117,4,794.73,CUST-1091
TXN-004036,2023-10-02,EAST,PROD-109,1,195.4,CUST-2773
TXN-004069,2023-10-02,EAST,PROD-103,1,541.8,CUST-2254
TXN-004088,2023-10-02,EAST,PROD-110,2,100.37,CUST-1835
TXN-004107,2023-10-02,EAST,PROD-104,3,2673.8,CUST-2422
TXN-004122,2023-10-02,EAST,PROD-114,5,77.94,CUST-2143
TXN-004141,2023-10-02,EAST,PROD-101,2,5974.08,CUST-1459
TXN-004149,2023-10-02,EAST,PROD-115,4,632.8,CUST-2768
TXN-004154,2023-10-02,EAST,PROD-115,2,313.54,CUST-2563
TXN-004170,2023-10-02,EAST,PROD-106,5,385.79,CUST-1289
TXN-004200,2023-10-02,EAST,PROD-120,2,309.72,CUST-2111
TXN-005507,2023-10-02,WEST,PROD-112,2,217.58,CUST-2712
TXN-005546,2023-10-02,WEST,PROD-104,5,4846.21,CUST-1464
TXN-005608,2023-10-02,WEST,PROD-101,2,6137.41,CUST-1103
TXN-005613,2023-10-02,WEST,PROD-114,1,16.28,CUST-1295
TXN-005630,2023-10-02,WEST,PROD-109,4,764.43,CUST-1970
TXN-005648,2023-10-02,WEST,PROD-119,2,696.75,CUST-1160
TXN-005652,2023-10-02,WEST,PROD-113,4,109.94,CUST-2542
TXN-005664,2023-10-02,WEST,PROD-108,2,138.42,CUST-2874
TXN-005778,2023-10-02,WEST,PROD-112,4,402.68,CUST-2801
TXN-005799,2023-10-02,WEST,PROD-118,3,55.05,CUST-2424
TXN-005802,2023-10-02,WEST,PROD-120,1,151.74,CUST-1726
TXN-005822,2023-10-02,WEST,PROD-114,4,54.47,CUST-2475
TXN-005824,2023-10-02,WEST,PROD-120,2,272.44,CUST-2392
TXN-005829,2023-10-02,WEST,PROD-111,2,105.99,CUST-1494
TXN-005831,2023-10-02,WEST,PROD-110,4,211.91,CUST-2377
TXN-005848,2023-10-02,WEST,PROD-105,5,3501.56,CUST-1180
TXN-005852,2023-10-02,WEST,PROD-108,1,64.99,CUST-1278
TXN-005868,2023-10-02,WEST,PROD-111,4,195.16,CUST-1481
TXN-007199,2023-10-02,CENTRAL,PROD-119,3,1092.16,CUST-1899
TXN-007221,2023-10-02,CENTRAL,PROD-115,2,329.28,CUST-1253
TXN-007243,2023-10-02,CENTRAL,PROD-108,5,381.51,CUST-1346
TXN-007266,2023-10-02,CENTRAL,PROD-116,5,297.42,CUST-1700
TXN-007299,2023-10-02,CENTRAL,PROD-108,3,227.95,CUST-2326
TXN-007302,2023-10-02,CENTRAL,PROD-119,3,946.96,CUST-1135
TXN-007327,2023-10-02,CENTRAL,PROD-110,2,102.81,CUST-1256
TXN-007368,2023-10-02,CENTRAL,PROD-119,1,322.64,CUST-1162
TXN-007370,2023-10-02,CENTRAL,PROD-107,5,1394.59,CUST-2703
TXN-007391,2023-10-02,CENTRAL,PROD-114,4,60.28,CUST-2482
TXN-007407,2023-10-02,CENTRAL,PROD-111,3,152.67,CUST-1065
TXN-007473,2023-10-02,CENTRAL,PROD-103,1,549.63,CUST-2235
TXN-007530,2023-10-02,CENTRAL,PROD-118,4,79.61,CUST-1403
TXN-007559,2023-10-02,CENTRAL,PROD-106,3,243.67,CUST-2410
TXN-007576,2023-10-02,CENTRAL,PROD-112,4,436.46,CUST-1066
TXN-000004,2023-10-03,NORTH,PROD-107,2,600.62,CUST-1055
TXN-000045,2023-10-03,NORTH,PROD-102,2,219.22,CUST-1065
TXN-000064,2023-10-03,NORTH,PROD-106,1,81.51,CUST-2383
TXN-000067,2023-10-03,NORTH,PROD-114,5,75.93,CUST-1648
TXN-000071,2023-10-03,NORTH,PROD-101,4,12290.74,CUST-2154
TXN-000151,2023-10-03,NORTH,PROD-119,2,644.25,CUST-2583
TXN-000192,2023-10-03,NORTH,PROD-108,3,222.06,CUST-2281
TXN-000215,2023-10-03,NORTH,PROD-108,1,69.45,CUST-1241
TXN-000245,2023-10-03,NORTH,PROD-115,3,493.86,CUST-1613
TXN-000292,2023-10-03,NORTH,PROD-103,3,1532.46,CUST-1135
TXN-000301,2023-10-03,NORTH,PROD-114,1,15.72,CUST-1764
TXN-000359,2023-10-03,NORTH,PROD-110,5,243.79,CUST-2622
TXN-000381,2023-10-03,NORTH,PROD-112,2,181.11,CUST-2907
TXN-000393,2023-10-03,NORTH,PROD-117,5,1001.42,CUST-2040
TXN-000425,2023-10-03,NORTH,PROD-115,2,323.9,CUST-1912
TXN-000426,2023-10-03,NORTH,PROD-111,3,156.25,CUST-2127
TXN-001823,2023-10-03,SOUTH,PROD-118,5,97.58,CUST-1817
TXN-001835,2023-10-03,SOUTH,PROD-110,4,197.45,CUST-2858
TXN-001841,2023-10-03,SOUTH,PROD-117,1,184.55,CUST-2355
TXN-001843,2023-10-03,SOUTH,PROD-114,3,43.3,CUST-2483
TXN-001872,2023-10-03,SOUTH,PROD-116,2,102.79,CUST-1321
TXN-001965,2023-10-03,SOUTH,PROD-117,2,422.61,CUST-1292
TXN-001973,2023-10-03,SOUTH,PROD-113,1,31.97,CUST-2485
TXN-002008,2023-10-03,SOUTH,PROD-120,5,740.73,CUST-1196
TXN-002013,2023-10-03,SOUTH,PROD-104,1,910.66,CUST-1604
TXN-002020,2023-10-03,SOUTH,PROD-119,2,756.59,CUST-1259
TXN-002062,2023-10-03,SOUTH,PROD-110,4,200.71,CUST-1472
TXN-002147,2023-10-03,SOUTH,PROD-102,2,233.96,CUST-1608
TXN-002156,2023-10-03,SOUTH,PROD-116,1,59.98,CUST-1107
TXN-002169,2023-10-03,SOUTH,PROD-111,2,104.28,CUST-1401
TXN-002218,2023-10-03,SOUTH,PROD-110,5,274.31,CUST-1957
TXN-002227,2023-10-03,SOUTH,PROD-111,4,216.36,CUST-2522
TXN-002230,2023-10-03,SOUTH,PROD-104,1,871.23,CUST-2213
TXN-002248,2023-10-03,SOUTH,PROD-117,3,573.85,CUST-2891
TXN-002293,2023-10-03,SOUTH,PROD-112,3,316.65,CUST-1300
TXN-002309,2023-10-03,SOUTH,PROD-110,4,210.78,CUST-2732
TXN-002310,2023-10-03,SOUTH,PROD-103,1,522.98,CUST-2936
TXN-002311,2023-10-03,SOUTH,PROD-106,5,364.55,CUST-2523
TXN-003979,2023-10-03,EAST,PROD-117,5,945.82,CUST-2179
TXN-004006,2023-10-03,EAST,PROD-109,3,521.84,CUST-1279
TXN-004010,2023-10-03,EAST,PROD-114,5,68.66,CUST-2557
TXN-004022,2023-10-03,EAST,PROD-105,2,1384.31,CUST-1592
TXN-004081,2023-10-03,EAST,PROD-104,5,4625.31,CUST-2178
TXN-004160,2023-10-03,EAST,PROD-107,2,564.3,CUST-1476
TXN-004161,2023-10-03,EAST,PROD-105,3,1894.54,CUST-2906
TXN-004169,2023-10-03,EAST,PROD-118,3,57.66,CUST-2214
TXN-004191,2023-10-03,EAST,PROD-113,3,81.24,CUST-1687
TXN-004290,2023-10-03,EAST,PROD-117,4,781.15,CUST-2347
TXN-005502,2023-10-03,WEST,PROD-115,3,463.58,CUST-2004
TXN-005527,2023-10-03,WEST,PROD-106,5,369.38,CUST-1794
TXN-005540,2023-10-03,WEST,PROD-112,3,322.89,CUST-1488
TXN-005580,2023-10-03,WEST,PROD-117,5,947.21,CUST-2677
TXN-005602,2023-10-03,WEST,PROD-110,5,253.62,CUST-2217
TXN-005746,2023-10-03,WEST,PROD-105,3,1981.75,CUST-2162
TXN-005767,2023-10-03,WEST,PROD-107,3,831.25,CUST-1419
TXN-005797,2023-10-03,WEST,PROD-101,4,11792.45,CUST-1157
TXN-005804,2023-10-03,WEST,PROD-104,3,2913.37,CUST-1926
TXN-005837,2023-10-03,WEST,PROD-110,4,209.79,CUST-2686
TXN-005874,2023-10-03,WEST,PROD-112,2,207.22,CUST-1139
TXN-005908,2023-10-03,WEST,PROD-111,3,155.67,CUST-1260
TXN-005911,2023-10-03,WEST,PROD-107,5,1637.76,CUST-1255
TXN-007260,2023-10-03,CENTRAL,PROD-113,3,90.51,CUST-2269
TXN-007348,2023-10-03,CENTRAL,PROD-119,5,1629.65,CUST-2666
TXN-007366,2023-10-03,CENTRAL,PROD-110,2,103.7,CUST-2419
TXN-007390,2023-10-03,CENTRAL,PROD-109,4,717.2,CUST-2156
TXN-007433,2023-10-03,CENTRAL,PROD-111,2,99.45,CUST-2253
TXN-007523,2023-10-03,CENTRAL,PROD-104,1,824.96,CUST-1670
TXN-007527,2023-10-03,CENTRAL,PROD-108,1,63.65,CUST-2516
TXN-007590,2023-10-03,CENTRAL,PROD-102,5,553.73,CUST-1622
TXN-007604,2023-10-03,CENTRAL,PROD-101,4,11038.98,CUST-1801
TXN-000026,2023-10-04,NORTH,PROD-105,2,1375.92,CUST-1865
TXN-000036,2023-10-04,NORTH,PROD-112,3,284.34,CUST-1494
TXN-000043,2023-10-04,NORTH,PROD-108,2,127.77,CUST-1044
TXN-000072,2023-10-04,NORTH,PROD-103,5,2356.53,CUST-1544
TXN-000101,2023-10-04,NORTH,PROD-113,5,140.66,CUST-1091
TXN-000105,2023-10-04,NORTH,PROD-110,5,240.42,CUST-1837
TXN-000181,2023-10-04,NORTH,PROD-103,4,1996.66,CUST-2182
TXN-000208,2023-10-04,NORTH,PROD-113,5,159.69,CUST-1003
TXN-000213,2023-10-04,NORTH,PROD-101,5,15897.89,CUST-2454
TXN-000237,2023-10-04,NORTH,PROD-104,4,3359.75,CUST-1614
TXN-000276,2023-10-04,NORTH,PROD-115,1,154.87,CUST-2315
TXN-000286,2023-10-04,NORTH,PROD-103,4,1979.27,CUST-1742
TXN-000382,2023-10-04,NORTH,PROD-111,2,92.73,CUST-1588
TXN-001782,2023-10-04,SOUTH,PROD-101,5,14805.43,CUST-2885
TXN-001829,2023-10-04,SOUTH,PROD-112,5,469.94,CUST-1913
TXN-001882,2023-10-04,SOUTH,PROD-104,5,4598.64,CUST-2758
TXN-001912,2023-10-04,SOUTH,PROD-102,1,118.76,CUST-2173
TXN-001929,2023-10-04,SOUTH,PROD-112,5,478.91,CUST-2071
TXN-001953,2023-10-04,SOUTH,PROD-104,5,4201.29,CUST-1295
TXN-002006,2023-10-04,SOUTH,PROD-116,2,120.07,CUST-2705
TXN-002038,2023-10-04,SOUTH,PROD-105,3,1926.73,CUST-2293
TXN-002069,2023-10-04,SOUTH,PROD-103,3,1361.46,CUST-1411
TXN-002117,2023-10-04,SOUTH,PROD-105,3,2016.38,CUST-1951
TXN-002121,2023-10-04,SOUTH,PROD-106,3,221.93,CUST-2519
TXN-002130,2023-10-04,SOUTH,PROD-106,2,145.39,CUST-2050
TXN-002131,2023-10-04,SOUTH,PROD-111,3,151.83,CUST-1389
TXN-002133,2023-10-04,SOUTH,PROD-108,2,128.95,CUST-1663
TXN-002202,2023-10-04,SOUTH,PROD-107,5,1587.48,CUST-1770
TXN-002273,2023-10-04,SOUTH,PROD-102,2,243.58,CUST-2337
TXN-002292,2023-10-04,SOUTH,PROD-118,4,73.02,CUST-2312
TXN-004064,2023-10-04,EAST,PROD-120,4,603.11,CUST-2478
TXN-004075,2023-10-04,EAST,PROD-118,2,42.68,CUST-2073
TXN-004092,2023-10-04,EAST,PROD-105,4,2745.72,CUST-1037
TXN-004097,2023-10-04,EAST,PROD-106,2,152.11,CUST-1698
TXN-004117,2023-10-04,EAST,PROD-110,1,52.71,CUST-2818
TXN-004163,2023-10-04,EAST,PROD-115,5,814.02,CUST-1951
TXN-004174,2023-10-04,EAST,PROD-113,4,120.78,CUST-2900
TXN-004220,2023-10-04,EAST,PROD-106,3,259.16,CUST-1361
TXN-004239,2023-10-04,EAST,PROD-116,5,274.08,CUST-1097
TXN-004243,2023-10-04,EAST,PROD-111,3,141.04,CUST-1444
TXN-005511,2023-10-04,WEST,PROD-109,2,372.84,CUST-1551
TXN-005570,2023-10-04,WEST,PROD-115,2,271.57,CUST-2170
TXN-005576,2023-10-04,WEST,PROD-110,2,103.3,CUST-1102
TXN-005679,2023-10-04,WEST,PROD-115,1,142.86,CUST-2755
TXN-005704,2023-10-04,WEST,PROD-111,5,253.94,CUST-2548
TXN-005719,2023-10-04,WEST,PROD-120,4,642.99,CUST-1352
TXN-005781,2023-10-04,WEST,PROD-117,4,811.46,CUST-1984
TXN-005786,2023-10-04,WEST,PROD-101,1,2997.71,CUST-2016
TXN-005876,2023-10-04,WEST,PROD-111,4,182.12,CUST-2079
TXN-005883,2023-10-04,WEST,PROD-119,1,368.08,CUST-2910
TXN-007205,2023-10-04,CENTRAL,PROD-102,4,523.48,CUST-2180
TXN-007244,2023-10-04,CENTRAL,PROD-108,1,75.83,CUST-1071
TXN-007355,2023-10-04,CENTRAL,PROD-111,4,214.29,CUST-1644
TXN-007454,2023-10-04,CENTRAL,PROD-115,5,775.23,CUST-1635
TXN-007498,2023-10-04,CENTRAL,PROD-120,4,617.67,CUST-1935
TXN-000073,2023-10-05,NORTH,PROD-112,1,107.57,CUST-1757
TXN-000114,2023-10-05,NORTH,PROD-101,1,2846.9,CUST-1974
TXN-000117,2023-10-05,NORTH,PROD-101,1,3167.04,CUST-1449
TXN-000127,2023-10-05,NORTH,PROD-105,2,1269.57,CUST-1313
TXN-000137,2023-10-05,NORTH,PROD-120,5,679.0,CUST-1807
TXN-000139,2023-10-05,NORTH,PROD-115,2,273.0,CUST-1777
TXN-000232,2023-10-05,NORTH,PROD-103,4,2112.57,CUST-1543
TXN-000271,2023-10-05,NORTH,PROD-114,1,15.99,CUST-2261
TXN-000282,2023-10-05,NORTH,PROD-118,3,63.55,CUST-1226
TXN-000293,2023-10-05,NORTH,PROD-109,5,923.9,CUST-2124
TXN-000306,2023-10-05,NORTH,PROD-116,2,117.62,CUST-1718
TXN-000313,2023-10-05,NORTH,PROD-101,1,3147.66,CUST-1441
TXN-000323,2023-10-05,NORTH,PROD-109,3,521.41,CUST-1016
TXN-000349,2023-10-05,NORTH,PROD-102,4,441.9,CUST-2842
TXN-000398,2023-10-05,NORTH,PROD-102,3,363.28,CUST-2667
TXN-000420,2023-10-05,NORTH,PROD-117,3,587.73,CUST-2331
TXN-000454,2023-10-05,NORTH,PROD-104,1,862.23,CUST-1787
TXN-000467,2023-10-05,NORTH,PROD-104,4,3508.66,CUST-1695
TXN-001781,2023-10-05,SOUTH,PROD-103,3,1401.01,CUST-2162
TXN-001834,2023-10-05,SOUTH,PROD-116,5,282.07,CUST-2075
TXN-001851,2023-10-05,SOUTH,PROD-105,1,609.79,CUST-2672
TXN-001853,2023-10-05,SOUTH,PROD-108,4,299.11,CUST-2758
TXN-001891,2023-10-05,SOUTH,PROD-117,4,845.91,CUST-1283
TXN-001894,2023-10-05,SOUTH,PROD-101,5,16330.87,CUST-1174
TXN-001930,2023-10-05,SOUTH,PROD-104,3,2594.63,CUST-1767
TXN-001932,2023-10-05,SOUTH,PROD-119,4,1273.59,CUST-2832
TXN-002048,2023-10-05,SOUTH,PROD-107,2,603.89,CUST-2423
TXN-002081,2023-10-05,SOUTH,PROD-110,1,49.99,CUST-2350
TXN-002150,2023-10-05,SOUTH,PROD-109,3,555.48,CUST-2558
TXN-002170,2023-10-05,SOUTH,PROD-107,1,270.76,CUST-2026
TXN-002180,2023-10-05,SOUTH,PROD-109,5,891.94,CUST-2395
TXN-002181,2023-10-05,SOUTH,PROD-109,2,367.33,CUST-2950
TXN-002244,2023-10-05,SOUTH,PROD-107,2,624.03,CUST-1108
TXN-002279,2023-10-05,SOUTH,PROD-119,4,1454.59,CUST-2071
TXN-002282,2023-10-05,SOUTH,PROD-110,2,109.13,CUST-2234
TXN-002290,2023-10-05,SOUTH,PROD-111,4,195.12,CUST-2975
TXN-003985,2023-10-05,EAST,PROD-110,4,182.41,CUST-1921
TXN-004086,2023-10-05,EAST,PROD-103,2,990.24,CUST-1687
TXN-004175,2023-10-05,EAST,PROD-115,4,620.03,CUST-1349
TXN-004188,2023-10-05,EAST,PROD-101,3,9476.13,CUST-1771
TXN-004214,2023-10-05,EAST,PROD-105,3,1956.26,CUST-1402
TXN-004253,2023-10-05,EAST,PROD-108,5,351.82,CUST-2755
TXN-004296,2023-10-05,EAST,PROD-119,5,1893.32,CUST-1439
TXN-005545,2023-10-05,WEST,PROD-112,3,290.61,CUST-2994
TXN-005559,2023-10-05,WEST,PROD-108,4,274.44,CUST-1155
TXN-005579,2023-10-05,WEST,PROD-112,3,321.57,CUST-1315
TXN-005620,2023-10-05,WEST,PROD-108,1,65.87,CUST-2777
TXN-005659,2023-10-05,WEST,PROD-115,4,650.9,CUST-1342
TXN-005687,2023-10-05,WEST,PROD-114,3,49.16,CUST-2576
TXN-005777,2023-10-05,WEST,PROD-119,5,1897.37,CUST-2673
TXN-005782,2023-10-05,WEST,PROD-110,1,48.09,CUST-2629
TXN-005816,2023-10-05,WEST,PROD-113,3,83.81,CUST-2430
TXN-005840,2023-10-05,WEST,PROD-114,2,28.47,CUST-2440
TXN-005870,2023-10-05,WEST,PROD-110,5,246.1,CUST-1917
TXN-005902,2023-10-05,WEST,PROD-108,2,126.59,CUST-1193
TXN-007219,2023-10-05,CENTRAL,PROD-113,2,59.94,CUST-2207
TXN-007222,2023-10-05,CENTRAL,PROD-118,5,98.34,CUST-1384
TXN-007240,2023-10-05,CENTRAL,PROD-112,3,318.01,CUST-1983
TXN-007261,2023-10-05,CENTRAL,PROD-103,1,536.83,CUST-1552
TXN-007272,2023-10-05,CENTRAL,PROD-108,2,137.22,CUST-1155
TXN-007304,2023-10-05,CENTRAL,PROD-110,2,98.09,CUST-2423
TXN-007306,2023-10-05,CENTRAL,PROD-102,2,235.78,CUST-2228
TXN-007405,2023-10-05,CENTRAL,PROD-109,1,166.98,CUST-1768
TXN-007411,2023-10-05,CENTRAL,PROD-110,4,183.86,CUST-1440
TXN-007422,2023-10-05,CENTRAL,PROD-108,1,64.81,CUST-2837
TXN-007546,2023-10-05,CENTRAL,PROD-113,4,129.83,CUST-1359
TXN-007560,2023-10-05,CENTRAL,PROD-101,3,9818.12,CUST-2954
TXN-007563,2023-10-05,CENTRAL,PROD-107,3,901.54,CUST-1149
TXN-007594,2023-10-05,CENTRAL,PROD-108,3,190.58,CUST-2528
TXN-000032,2023-10-06,NORTH,PROD-117,1,214.81,CUST-1612
TXN-000090,2023-10-06,NORTH,PROD-114,1,14.03,CUST-2894
TXN-000118,2023-10-06,NORTH,PROD-117,4,728.0,CUST-1511
TXN-000202,2023-10-06,NORTH,PROD-116,5,283.28,CUST-2877
TXN-000214,2023-10-06,NORTH,PROD-110,5,225.64,CUST-1836
TXN-000241,2023-10-06,NORTH,PROD-106,1,81.74,CUST-1784
TXN-000334,2023-10-06,NORTH,PROD-103,5,2566.56,CUST-2087
TXN-000362,2023-10-06,NORTH,PROD-107,3,980.55,CUST-1996
TXN-000367,2023-10-06,NORTH,PROD-106,5,424.67,CUST-1340
TXN-000377,2023-10-06,NORTH,PROD-109,4,778.32,CUST-1302
TXN-000410,2023-10-06,NORTH,PROD-118,3,57.83,CUST-1164
TXN-000438,2023-10-06,NORTH,PROD-111,2,96.9,CUST-2927
TXN-001814,2023-10-06,SOUTH,PROD-114,1,14.23,CUST-2021
TXN-001832,2023-10-06,SOUTH,PROD-114,4,55.08,CUST-2052
TXN-001856,2023-10-06,SOUTH,PROD-105,4,2841.17,CUST-1966
TXN-001866,2023-10-06,SOUTH,PROD-110,2,99.36,CUST-1898
TXN-001871,2023-10-06,SOUTH,PROD-120,2,286.93,CUST-2535
TXN-001876,2023-10-06,SOUTH,PROD-117,1,212.26,CUST-1692
TXN-001884,2023-10-06,SOUTH,PROD-104,2,1947.93,CUST-1322
TXN-001954,2023-10-06,SOUTH,PROD-109,1,167.54,CUST-2951
TXN-001956,2023-10-06,SOUTH,PROD-101,1,2878.81,CUST-1203
TXN-001969,2023-10-06,SOUTH,PROD-101,1,3260.09,CUST-1988
TXN-002042,2023-10-06,SOUTH,PROD-107,1,280.56,CUST-1537
TXN-002046,2023-10-06,SOUTH,PROD-117,5,1076.28,CUST-2799
TXN-002056,2023-10-06,SOUTH,PROD-111,3,150.73,CUST-1990
TXN-002066,2023-10-06,SOUTH,PROD-115,2,285.92,CUST-1156
TXN-002108,2023-10-06,SOUTH,PROD-119,1,342.54,CUST-2937
TXN-002134,2023-10-06,SOUTH,PROD-101,4,12369.54,CUST-1025
TXN-002195,2023-10-06,SOUTH,PROD-107,1,314.98,CUST-2658
TXN-002198,2023-10-06,SOUTH,PROD-103,3,1375.68,CUST-1256
TXN-002219,2023-10-06,SOUTH,PROD-115,1,149.46,CUST-2108
TXN-002260,2023-10-06,SOUTH,PROD-113,1,31.66,CUST-2772
TXN-002272,2023-10-06,SOUTH,PROD-101,5,14841.65,CUST-1644
TXN-002274,2023-10-06,SOUTH,PROD-103,5,2378.33,CUST-2543
TXN-002296,2023-10-06,SOUTH,PROD-117,3,610.63,CUST-2653
TXN-003997,2023-10-06,EAST,PROD-120,4,573.46,CUST-1533
TXN-004044,2023-10-06,EAST,PROD-117,5,1028.99,CUST-2366
TXN-004162,2023-10-06,EAST,PROD-107,3,974.81,CUST-1822
TXN-004190,2023-10-06,EAST,PROD-108,3,202.74,CUST-1327
TXN-004199,2023-10-06,EAST,PROD-105,1,695.6,CUST-2636
TXN-004207,2023-10-06,EAST,PROD-108,5,343.07,CUST-1800
TXN-004209,2023-10-06,EAST,PROD-101,5,14855.97,CUST-1780
TXN-004259,2023-10-06,EAST,PROD-105,4,2707.13,CUST-2045
TXN-004279,2023-10-06,EAST,PROD-118,1,20.94,CUST-1390
TXN-004300,2023-10-06,EAST,PROD-111,3,156.04,CUST-1501
TXN-004307,2023-10-06,EAST,PROD-115,5,798.68,CUST-2763
TXN-005501,2023-10-06,WEST,PROD-105,4,2393.67,CUST-2560
TXN-005520,2023-10-06,WEST,PROD-119,3,1109.3,CUST-1888
TXN-005539,2023-10-06,WEST,PROD-120,1,139.97,CUST-2581
TXN-005543,2023-10-06,WEST,PROD-112,2,189.87,CUST-1355
TXN-005561,2023-10-06,WEST,PROD-103,1,488.38,CUST-2220
TXN-005582,2023-10-06,WEST,PROD-101,3,9488.96,CUST-1990
TXN-005598,2023-10-06,WEST,PROD-112,4,373.4,CUST-2809
TXN-005607,2023-10-06,WEST,PROD-103,4,2134.34,CUST-2326
TXN-005611,2023-10-06,WEST,PROD-110,4,183.71,CUST-2945
TXN-005636,2023-10-06,WEST,PROD-108,3,203.48,CUST-2600
TXN-005639,2023-10-06,WEST,PROD-112,3,316.33,CUST-1758
TXN-005646,2023-10-06,WEST,PROD-103,4,2090.4,CUST-1481
TXN-005682,2023-10-06,WEST,PROD-102,1,117.64,CUST-1334
TXN-005714,2023-10-06,WEST,PROD-110,3,160.24,CUST-1669
TXN-005749,2023-10-06,WEST,PROD-106,4,324.03,CUST-1264
TXN-005784,2023-10-06,WEST,PROD-111,2,109.27,CUST-2345
TXN-005830,2023-10-06,WEST,PROD-104,1,916.91,CUST-1826
TXN-005832,2023-10-06,WEST,PROD-105,1,625.75,CUST-2231
TXN-007220,2023-10-06,CENTRAL,PROD-115,1,155.09,CUST-1175
TXN-007249,2023-10-06,CENTRAL,PROD-117,4,752.44,CUST-2634
TXN-007282,2023-10-06,CENTRAL,PROD-119,1,339.05,CUST-2976
TXN-007316,2023-10-06,CENTRAL,PROD-106,5,403.05,CUST-1497
TXN-007320,2023-10-06,CENTRAL,PROD-114,2,31.43,CUST-1953
TXN-007341,2023-10-06,CENTRAL,PROD-102,2,227.03,CUST-1092
TXN-007475,2023-10-06,CENTRAL,PROD-111,2,97.9,CUST-1796
TXN-007522,2023-10-06,CENTRAL,PROD-113,1,27.03,CUST-2366
TXN-007545,2023-10-06,CENTRAL,PROD-111,2,105.75,CUST-2093
TXN-007549,2023-10-06,CENTRAL,PROD-106,3,224.85,CUST-2260
TXN-007586,2023-10-06,CENTRAL,PROD-116,5,285.85,CUST-2561
TXN-000061,2023-10-07,NORTH,PROD-102,5,628.24,CUST-1125
TXN-000079,2023-10-07,NORTH,PROD-109,5,897.89,CUST-2855
TXN-000095,2023-10-07,NORTH,PROD-113,3,85.99,CUST-1143
TXN-000247,2023-10-07,NORTH,PROD-113,4,110.52,CUST-1782
TXN-000337,2023-10-07,NORTH,PROD-106,5,372.18,CUST-2555
TXN-000363,2023-10-07,NORTH,PROD-108,2,130.32,CUST-1606
TXN-000429,2023-10-07,NORTH,PROD-105,2,1375.48,CUST-1054
TXN-000460,2023-10-07,NORTH,PROD-119,3,955.19,CUST-1577
TXN-001784,2023-10-07,SOUTH,PROD-107,3,861.8,CUST-2013
TXN-001786,2023-10-07,SOUTH,PROD-110,2,98.35,CUST-1837
TXN-001813,2023-10-07,SOUTH,PROD-119,1,351.81,CUST-2169
TXN-001907,2023-10-07,SOUTH,PROD-103,5,2525.84,CUST-2068
TXN-001918,2023-10-07,SOUTH,PROD-112,4,367.8,CUST-2458
TXN-001946,2023-10-07,SOUTH,PROD-116,5,296.77,CUST-1247
TXN-001985,2023-10-07,SOUTH,PROD-115,1,141.64,CUST-1041
TXN-001995,2023-10-07,SOUTH,PROD-101,5,15343.32,CUST-2395
TXN-002001,2023-10-07,SOUTH,PROD-111,1,53.79,CUST-2655
TXN-002019,2023-10-07,SOUTH,PROD-104,1,812.2,CUST-2461
TXN-002029,2023-10-07,SOUTH,PROD-107,1,290.48,CUST-2368
TXN-002036,2023-10-07,SOUTH,PROD-113,2,63.89,CUST-1014
TXN-002040,2023-10-07,SOUTH,PROD-110,2,94.36,CUST-1537
TXN-002059,2023-10-07,SOUTH,PROD-115,2,293.73,CUST-1627
TXN-002087,2023-10-07,SOUTH,PROD-113,1,30.2,CUST-1386
TXN-002114,2023-10-07,SOUTH,PROD-117,1,198.48,CUST-1150
TXN-002124,2023-10-07,SOUTH,PROD-102,5,565.89,CUST-2427
TXN-002128,2023-10-07,SOUTH,PROD-103,1,492.16,CUST-1030
TXN-002148,2023-10-07,SOUTH,PROD-105,4,2446.24,CUST-1078
TXN-002175,2023-10-07,SOUTH,PROD-114,3,47.41,CUST-2540
TXN-002249,2023-10-07,SOUTH,PROD-118,4,73.52,CUST-1663
TXN-002253,2023-10-07,SOUTH,PROD-107,1,291.72,CUST-2754
TXN-002316,2023-10-07,SOUTH,PROD-101,4,12486.18,CUST-2536
TXN-003983,2023-10-07,EAST,PROD-106,2,151.48,CUST-1093
TXN-003992,2023-10-07,EAST,PROD-103,2,982.99,CUST-1891
TXN-004061,2023-10-07,EAST,PROD-107,3,844.95,CUST-2078
TXN-004066,2023-10-07,EAST,PROD-108,5,321.35,CUST-2391
TXN-004067,2023-10-07,EAST,PROD-116,2,101.95,CUST-2319
TXN-004104,2023-10-07,EAST,PROD-111,3,142.09,CUST-2768
TXN-004106,2023-10-07,EAST,PROD-108,3,214.78,CUST-1255
TXN-004119,2023-10-07,EAST,PROD-106,2,147.45,CUST-2719
TXN-004223,2023-10-07,EAST,PROD-105,3,2077.29,CUST-2253
TXN-004240,2023-10-07,EAST,PROD-117,3,609.81,CUST-1552
TXN-004269,2023-10-07,EAST,PROD-101,3,8711.84,CUST-1070
TXN-004294,2023-10-07,EAST,PROD-115,2,325.53,CUST-2343
TXN-005550,2023-10-07,WEST,PROD-120,2,315.28,CUST-1503
TXN-005551,2023-10-07,WEST,PROD-106,3,256.76,CUST-1808
TXN-005595,2023-10-07,WEST,PROD-111,3,137.38,CUST-2200
TXN-005633,2023-10-07,WEST,PROD-106,3,249.44,CUST-1085
TXN-005674,2023-10-07,WEST,PROD-119,4,1317.18,CUST-2393
TXN-005688,2023-10-07,WEST,PROD-108,4,257.03,CUST-2511
TXN-005785,2023-10-07,WEST,PROD-116,5,264.82,CUST-1829
TXN-005787,2023-10-07,WEST,PROD-106,1,79.93,CUST-2988
TXN-005854,2023-10-07,WEST,PROD-115,3,456.13,CUST-2426
TXN-005865,2023-10-07,WEST,PROD-110,3,157.83,CUST-1816
TXN-005881,2023-10-07,WEST,PROD-104,3,2804.94,CUST-2880
TXN-005894,2023-10-07,WEST,PROD-105,5,3379.04,CUST-1436
TXN-005905,2023-10-07,WEST,PROD-110,4,206.35,CUST-2239
TXN-007218,2023-10-07,CENTRAL,PROD-119,5,1887.52,CUST-1833
TXN-007225,2023-10-07,CENTRAL,PROD-108,1,74.02,CUST-1442
TXN-007247,2023-10-07,CENTRAL,PROD-119,5,1806.59,CUST-2106
TXN-007294,2023-10-07,CENTRAL,PROD-111,3,153.65,CUST-1948
TXN-007400,2023-10-07,CENTRAL,PROD-108,4,291.35,CUST-1988
TXN-007514,2023-10-07,CENTRAL,PROD-119,5,1817.83,CUST-1918
TXN-007571,2023-10-07,CENTRAL,PROD-113,4,108.25,CUST-2456
TXN-007575,2023-10-07,CENTRAL,PROD-107,1,317.78,CUST-2113
TXN-007593,2023-10-07,CENTRAL,PROD-114,1,16.48,CUST-1276
TXN-007596,2023-10-07,CENTRAL,PROD-109,2,387.13,CUST-2311
TXN-000002,2023-10-08,NORTH,PROD-105,1,672.96,CUST-2828
TXN-000014,2023-10-08,NORTH,PROD-104,4,3440.1,CUST-2302
TXN-000054,2023-10-08,NORTH,PROD-103,4,2123.17,CUST-2754
TXN-000057,2023-10-08,NORTH,PROD-106,4,319.04,CUST-1438
TXN-000069,2023-10-08,NORTH,PROD-109,4,666.81,CUST-2322
TXN-000185,2023-10-08,NORTH,PROD-117,4,792.04,CUST-1907
TXN-000189,2023-10-08,NORTH,PROD-106,5,365.96,CUST-1006
TXN-000191,2023-10-08,NORTH,PROD-110,3,156.06,CUST-1930
TXN-000200,2023-10-08,NORTH,PROD-119,5,1907.72,CUST-2567
TXN-000218,2023-10-08,NORTH,PROD-115,5,696.65,CUST-1391
TXN-000236,2023-10-08,NORTH,PROD-110,2,104.91,CUST-1889
TXN-000243,2023-10-08,NORTH,PROD-115,3,446.33,CUST-2366
TXN-000252,2023-10-08,NORTH,PROD-107,5,1425.14,CUST-2548
TXN-000266,2023-10-08,NORTH,PROD-103,4,2163.71,CUST-1619
TXN-000278,2023-10-08,NORTH,PROD-105,5,3058.34,CUST-2700
TXN-000332,2023-10-08,NORTH,PROD-114,5,73.46,CUST-1162
TXN-000387,2023-10-08,NORTH,PROD-110,1,45.47,CUST-1860
TXN-000417,2023-10-08,NORTH,PROD-112,3,292.94,CUST-2162
TXN-000453,2023-10-08,NORTH,PROD-115,1,143.01,CUST-1508
TXN-001788,2023-10-08,SOUTH,PROD-120,4,648.84,CUST-1758
TXN-001806,2023-10-08,SOUTH,PROD-106,1,79.51,CUST-1335
TXN-001867,2023-10-08,SOUTH,PROD-117,2,406.99,CUST-2403
TXN-001878,2023-10-08,SOUTH,PROD-116,3,181.26,CUST-2608
TXN-002003,2023-10-08,SOUTH,PROD-107,2,579.49,CUST-1129
TXN-002035,2023-10-08,SOUTH,PROD-116,3,175.11,CUST-1770
TXN-002050,2023-10-08,SOUTH,PROD-102,5,610.43,CUST-2750
TXN-002119,2023-10-08,SOUTH,PROD-115,2,298.23,CUST-1572
TXN-002145,2023-10-08,SOUTH,PROD-101,5,15776.77,CUST-1255
TXN-002149,2023-10-08,SOUTH,PROD-120,4,628.67,CUST-1674
TXN-002160,2023-10-08,SOUTH,PROD-114,2,30.61,CUST-1621
TXN-002220,2023-10-08,SOUTH,PROD-108,2,130.75,CUST-2934
TXN-002236,2023-10-08,SOUTH,PROD-104,4,3246.58,CUST-2746
TXN-002295,2023-10-08,SOUTH,PROD-113,1,31.69,CUST-1253
TXN-003986,2023-10-08,EAST,PROD-120,2,271.87,CUST-2487
TXN-003993,2023-10-08,EAST,PROD-106,3,250.23,CUST-2462
TXN-004026,2023-10-08,EAST,PROD-113,3,92.43,CUST-1182
TXN-004033,2023-10-08,EAST,PROD-114,5,80.29,CUST-2144
TXN-004046,2023-10-08,EAST,PROD-114,2,29.19,CUST-2486
TXN-004052,2023-10-08,EAST,PROD-112,3,302.58,CUST-1383
TXN-004057,2023-10-08,EAST,PROD-118,5,100.32,CUST-2701
TXN-004126,2023-10-08,EAST,PROD-117,5,944.03,CUST-2373
TXN-004152,2023-10-08,EAST,PROD-109,3,487.79,CUST-2015
TXN-004173,2023-10-08,EAST,PROD-115,2,310.9,CUST-2704
TXN-004217,2023-10-08,EAST,PROD-112,1,103.9,CUST-2809
TXN-004267,2023-10-08,EAST,PROD-103,2,926.21,CUST-2797
TXN-004299,2023-10-08,EAST,PROD-118,5,92.83,CUST-2837
TXN-004322,2023-10-08,EAST,PROD-113,1,31.88,CUST-2752
TXN-005498,2023-10-08,WEST,PROD-117,3,557.63,CUST-1371
TXN-005521,2023-10-08,WEST,PROD-118,1,20.15,CUST-2962
TXN-005528,2023-10-08,WEST,PROD-112,1,95.96,CUST-2582
TXN-005585,2023-10-08,WEST,PROD-106,5,407.11,CUST-2144
TXN-005699,2023-10-08,WEST,PROD-118,5,104.8,CUST-1570
TXN-005722,2023-10-08,WEST,PROD-120,1,148.68,CUST-2302
TXN-005766,2023-10-08,WEST,PROD-102,3,376.61,CUST-2156
TXN-005800,2023-10-08,WEST,PROD-106,5,407.4,CUST-1161
TXN-005806,2023-10-08,WEST,PROD-120,1,162.64,CUST-1097
TXN-005819,2023-10-08,WEST,PROD-111,4,185.25,CUST-1114
TXN-005842,2023-10-08,WEST,PROD-101,2,6298.83,CUST-1151
TXN-005890,2023-10-08,WEST,PROD-116,4,233.21,CUST-1182
TXN-005901,2023-10-08,WEST,PROD-118,3,61.79,CUST-1096
TXN-005904,2023-10-08,WEST,PROD-106,5,382.26,CUST-1284
TXN-007254,2023-10-08,CENTRAL,PROD-107,2,605.01,CUST-2038
TXN-007307,2023-10-08,CENTRAL,PROD-102,5,631.2,CUST-2471
TXN-007326,2023-10-08,CENTRAL,PROD-111,3,142.77,CUST-2922
TXN-007353,2023-10-08,CENTRAL,PROD-110,5,273.0,CUST-2908
TXN-007396,2023-10-08,CENTRAL,PROD-103,5,2274.36,CUST-2282
TXN-007450,2023-10-08,CENTRAL,PROD-109,1,172.1,CUST-1406
TXN-007466,2023-10-08,CENTRAL,PROD-108,5,322.41,CUST-1469
TXN-007481,2023-10-08,CENTRAL,PROD-113,1,27.14,CUST-1110
TXN-007491,2023-10-08,CENTRAL,PROD-108,2,144.62,CUST-2063
TXN-007495,2023-10-08,CENTRAL,PROD-101,1,2886.66,CUST-2423
TXN-007499,2023-10-08,CENTRAL,PROD-104,4,3395.81,CUST-2164
TXN-007554,2023-10-08,CENTRAL,PROD-108,1,68.96,CUST-1050
TXN-007561,2023-10-08,CENTRAL,PROD-115,2,276.96,CUST-1366
TXN-007579,2023-10-08,CENTRAL,PROD-106,1,72.62,CUST-1967
TXN-000077,2023-10-09,NORTH,PROD-104,1,943.62,CUST-1319
TXN-000078,2023-10-09,NORTH,PROD-110,5,235.48,CUST-1703
TXN-000081,2023-10-09,NORTH,PROD-102,1,116.0,CUST-1268
TXN-000125,2023-10-09,NORTH,PROD-115,1,156.4,CUST-1481
TXN-000126,2023-10-09,NORTH,PROD-111,3,161.76,CUST-1166
TXN-000164,2023-10-09,NORTH,PROD-120,3,454.99,CUST-2059
TXN-000174,2023-10-09,NORTH,PROD-119,5,1783.83,CUST-1206
TXN-000203,2023-10-09,NORTH,PROD-106,5,394.82,CUST-2668
TXN-000285,2023-10-09,NORTH,PROD-102,2,251.58,CUST-2078
TXN-000385,2023-10-09,NORTH,PROD-107,2,605.84,CUST-2490
TXN-000421,2023-10-09,NORTH,PROD-108,1,63.35,CUST-1382
TXN-000423,2023-10-09,NORTH,PROD-109,4,678.86,CUST-2254
TXN-001797,2023-10-09,SOUTH,PROD-106,5,399.38,CUST-1695
TXN-001801,2023-10-09,SOUTH,PROD-112,4,382.6,CUST-2796
TXN-001802,2023-10-09,SOUTH,PROD-120,3,451.5,CUST-1893
TXN-001824,2023-10-09,SOUTH,PROD-106,2,174.86,CUST-2773
TXN-001864,2023-10-09,SOUTH,PROD-114,4,55.37,CUST-2276
TXN-001970,2023-10-09,SOUTH,PROD-120,3,480.52,CUST-1779
TXN-001998,2023-10-09,SOUTH,PROD-104,5,4469.88,CUST-1741
TXN-002162,2023-10-09,SOUTH,PROD-116,1,59.95,CUST-1737
TXN-002199,2023-10-09,SOUTH,PROD-103,3,1358.87,CUST-1481
TXN-002223,2023-10-09,SOUTH,PROD-108,3,216.94,CUST-2949
TXN-002285,2023-10-09,SOUTH,PROD-113,2,58.78,CUST-1171
TXN-003975,2023-10-09,EAST,PROD-120,5,786.91,CUST-2922
TXN-003980,2023-10-09,EAST,PROD-101,4,12471.27,CUST-2915
TXN-004039,2023-10-09,EAST,PROD-106,5,435.82,CUST-2021
TXN-004042,2023-10-09,EAST,PROD-108,2,144.82,CUST-1290
TXN-004058,2023-10-09,EAST,PROD-111,2,99.29,CUST-2704
TXN-004062,2023-10-09,EAST,PROD-119,3,1130.5,CUST-1251
TXN-004228,2023-10-09,EAST,PROD-103,3,1405.95,CUST-2560
TXN-004248,2023-10-09,EAST,PROD-105,1,621.84,CUST-2577
TXN-004283,2023-10-09,EAST,PROD-116,2,103.47,CUST-2133
TXN-005523,2023-10-09,WEST,PROD-102,2,258.27,CUST-2262
TXN-005575,2023-10-09,WEST,PROD-107,2,552.03,CUST-2311
TXN-005581,2023-10-09,WEST,PROD-111,5,264.51,CUST-2210
TXN-005638,2023-10-09,WEST,PROD-115,5,789.08,CUST-1023
TXN-005649,2023-10-09,WEST,PROD-114,1,14.4,CUST-2734
TXN-005706,2023-10-09,WEST,PROD-119,2,756.15,CUST-2340
TXN-005732,2023-10-09,WEST,PROD-119,4,1373.38,CUST-2672
TXN-005758,2023-10-09,WEST,PROD-117,2,363.89,CUST-2941
TXN-005801,2023-10-09,WEST,PROD-112,4,375.37,CUST-1524
TXN-005805,2023-10-09,WEST,PROD-109,5,880.58,CUST-1750
TXN-005815,2023-10-09,WEST,PROD-101,4,12081.99,CUST-1026
TXN-005821,2023-10-09,WEST,PROD-101,5,16223.6,CUST-2844
TXN-005834,2023-10-09,WEST,PROD-112,3,287.75,CUST-2488
TXN-005839,2023-10-09,WEST,PROD-114,4,63.6,CUST-1836
TXN-005878,2023-10-09,WEST,PROD-110,1,47.08,CUST-2210
TXN-005903,2023-10-09,WEST,PROD-101,1,2953.96,CUST-1387
TXN-007210,2023-10-09,CENTRAL,PROD-101,2,6095.94,CUST-2247
TXN-007273,2023-10-09,CENTRAL,PROD-118,3,59.97,CUST-1205
TXN-007332,2023-10-09,CENTRAL,PROD-111,2,104.77,CUST-2376
TXN-007442,2023-10-09,CENTRAL,PROD-104,5,4735.96,CUST-2372
TXN-007444,2023-10-09,CENTRAL,PROD-115,1,161.19,CUST-2163
TXN-007501,2023-10-09,CENTRAL,PROD-117,4,834.78,CUST-1312
TXN-007506,2023-10-09,CENTRAL,PROD-103,2,954.68,CUST-1412
TXN-007532,2023-10-09,CENTRAL,PROD-117,1,199.74,CUST-2821
TXN-007540,2023-10-09,CENTRAL,PROD-104,4,3677.4,CUST-1868
TXN-007543,2023-10-09,CENTRAL,PROD-101,2,5576.79,CUST-2601
TXN-007551,2023-10-09,CENTRAL,PROD-108,4,294.9,CUST-2495
TXN-007597,2023-10-09,CENTRAL,PROD-107,4,1159.38,CUST-1420
TXN-007605,2023-10-09,CENTRAL,PROD-119,4,1261.16,CUST-2405
TXN-000070,2023-10-10,NORTH,PROD-115,3,488.58,CUST-2917
TXN-000074,2023-10-10,NORTH,PROD-106,4,341.32,CUST-2441
TXN-000075,2023-10-10,NORTH,PROD-120,5,676.13,CUST-2674
TXN-000086,2023-10-10,NORTH,PROD-112,1,107.97,CUST-1431
TXN-000152,2023-10-10,NORTH,PROD-120,1,158.88,CUST-2160
TXN-000168,2023-10-10,NORTH,PROD-108,4,290.7,CUST-1628
TXN-000176,2023-10-10,NORTH,PROD-101,5,13879.7,CUST-1094
TXN-000179,2023-10-10,NORTH,PROD-116,4,217.34,CUST-1378
TXN-000186,2023-10-10,NORTH,PROD-119,4,1345.47,CUST-2272
TXN-000197,2023-10-10,NORTH,PROD-113,3,89.98,CUST-2012
TXN-000222,2023-10-10,NORTH,PROD-110,5,253.95,CUST-2352
TXN-000239,2023-10-10,NORTH,PROD-112,3,295.81,CUST-1501
TXN-000249,2023-10-10,NORTH,PROD-101,4,11458.71,CUST-2160
TXN-000295,2023-10-10,NORTH,PROD-115,5,765.76,CUST-1204
TXN-000305,2023-10-10,NORTH,PROD-112,1,101.55,CUST-1436
TXN-000315,2023-10-10,NORTH,PROD-111,5,254.76,CUST-2810
TXN-000320,2023-10-10,NORTH,PROD-119,4,1407.5,CUST-1632
TXN-000353,2023-10-10,NORTH,PROD-113,4,126.54,CUST-2391
TXN-000424,2023-10-10,NORTH,PROD-116,2,101.68,CUST-2747
TXN-000432,2023-10-10,NORTH,PROD-113,4,120.58,CUST-2576
TXN-000465,2023-10-10,NORTH,PROD-103,4,2001.66,CUST-2566
TXN-001910,2023-10-10,SOUTH,PROD-114,5,69.11,CUST-1123
TXN-001916,2023-10-10,SOUTH,PROD-119,2,729.99,CUST-2065
TXN-001931,2023-10-10,SOUTH,PROD-110,4,181.08,CUST-1293
TXN-001933,2023-10-10,SOUTH,PROD-110,2,93.64,CUST-2515
TXN-002073,2023-10-10,SOUTH,PROD-112,4,435.62,CUST-2684
TXN-002099,2023-10-10,SOUTH,PROD-119,2,700.33,CUST-2403
TXN-002146,2023-10-10,SOUTH,PROD-108,4,294.36,CUST-2270
TXN-002161,2023-10-10,SOUTH,PROD-119,4,1530.92,CUST-1413
TXN-002233,2023-10-10,SOUTH,PROD-102,5,604.22,CUST-2735
TXN-002251,2023-10-10,SOUTH,PROD-115,2,304.61,CUST-1905
TXN-002312,2023-10-10,SOUTH,PROD-118,4,84.89,CUST-1022
TXN-004053,2023-10-10,EAST,PROD-107,1,310.11,CUST-1963
TXN-004055,2023-10-10,EAST,PROD-117,5,1091.94,CUST-2087
TXN-004082,2023-10-10,EAST,PROD-104,5,4312.97,CUST-1474
TXN-004115,2023-10-10,EAST,PROD-105,5,3434.24,CUST-2187
TXN-004118,2023-10-10,EAST,PROD-119,5,1852.25,CUST-2755
TXN-004148,2023-10-10,EAST,PROD-120,1,160.72,CUST-1659
TXN-004224,2023-10-10,EAST,PROD-106,2,164.27,CUST-1273
TXN-004263,2023-10-10,EAST,PROD-120,1,164.02,CUST-2664
TXN-004266,2023-10-10,EAST,PROD-112,2,203.43,CUST-2799
TXN-005599,2023-10-10,WEST,PROD-115,2,303.13,CUST-1387
TXN-005635,2023-10-10,WEST,PROD-109,3,494.37,CUST-2017
TXN-005690,2023-10-10,WEST,PROD-120,3,420.42,CUST-2203
TXN-005691,2023-10-10,WEST,PROD-106,1,75.29,CUST-2425
TXN-005735,2023-10-10,WEST,PROD-108,4,269.78,CUST-2730
TXN-005763,2023-10-10,WEST,PROD-110,1,51.51,CUST-2349
TXN-005794,2023-10-10,WEST,PROD-118,5,89.96,CUST-1555
TXN-007198,2023-10-10,CENTRAL,PROD-118,3,64.73,CUST-2759
TXN-007207,2023-10-10,CENTRAL,PROD-112,4,387.27,CUST-1307
TXN-007232,2023-10-10,CENTRAL,PROD-103,2,1001.15,CUST-1497
TXN-007251,2023-10-10,CENTRAL,PROD-119,3,1112.38,CUST-1356
TXN-007267,2023-10-10,CENTRAL,PROD-118,2,37.59,CUST-2174
TXN-007285,2023-10-10,CENTRAL,PROD-120,2,328.39,CUST-2852
TXN-007287,2023-10-10,CENTRAL,PROD-104,3,2923.93,CUST-1613
TXN-007291,2023-10-10,CENTRAL,PROD-119,4,1463.69,CUST-1483
TXN-007325,2023-10-10,CENTRAL,PROD-110,2,99.01,CUST-2002
TXN-007331,2023-10-10,CENTRAL,PROD-108,5,342.97,CUST-1040
TXN-007339,2023-10-10,CENTRAL,PROD-116,3,149.19,CUST-2168
TXN-007414,2023-10-10,CENTRAL,PROD-108,3,195.58,CUST-1630
TXN-007455,2023-10-10,CENTRAL,PROD-115,1,150.06,CUST-1849
TXN-007477,2023-10-10,CENTRAL,PROD-117,4,794.18,CUST-1616
TXN-007489,2023-10-10,CENTRAL,PROD-110,1,54.44,CUST-2660
TXN-007492,2023-10-10,CENTRAL,PROD-119,4,1535.74,CUST-2896
TXN-000020,2023-10-11,NORTH,PROD-113,3,82.16,CUST-2871
TXN-000052,2023-10-11,NORTH,PROD-104,2,1688.95,CUST-2099
TXN-000091,2023-10-11,NORTH,PROD-114,2,28.58,CUST-2613
TXN-000106,2023-10-11,NORTH,PROD-113,3,90.95,CUST-1393
TXN-000140,2023-10-11,NORTH,PROD-107,4,1158.4,CUST-2559
TXN-000162,2023-10-11,NORTH,PROD-101,4,12842.24,CUST-1373
TXN-000205,2023-10-11,NORTH,PROD-104,2,1738.71,CUST-2421
TXN-000224,2023-10-11,NORTH,PROD-118,5,97.5,CUST-2911
TXN-000225,2023-10-11,NORTH,PROD-107,2,608.6,CUST-1479
TXN-000233,2023-10-11,NORTH,PROD-120,4,617.94,CUST-2745
TXN-000234,2023-10-11,NORTH,PROD-118,4,87.22,CUST-2284
TXN-000360,2023-10-11,NORTH,PROD-105,5,2985.7,CUST-2374
TXN-000407,2023-10-11,NORTH,PROD-106,4,332.25,CUST-1753
TXN-000411,2023-10-11,NORTH,PROD-110,3,148.35,CUST-2470
TXN-000457,2023-10-11,NORTH,PROD-107,2,599.77,CUST-2055
TXN-000472,2023-10-11,NORTH,PROD-106,4,351.36,CUST-2515
TXN-001833,2023-10-11,SOUTH,PROD-115,2,308.84,CUST-2462
TXN-001868,2023-10-11,SOUTH,PROD-120,4,555.7,CUST-1601
TXN-001889,2023-10-11,SOUTH,PROD-110,5,233.52,CUST-1545
TXN-001895,2023-10-11,SOUTH,PROD-111,4,219.23,CUST-1337
TXN-001908,2023-10-11,SOUTH,PROD-106,1,72.44,CUST-2632
TXN-001941,2023-10-11,SOUTH,PROD-118,1,21.82,CUST-2823
TXN-001957,2023-10-11,SOUTH,PROD-105,4,2804.32,CUST-1529
TXN-001977,2023-10-11,SOUTH,PROD-107,4,1310.11,CUST-1673
TXN-002026,2023-10-11,SOUTH,PROD-110,3,164.08,CUST-2061
TXN-002032,2023-10-11,SOUTH,PROD-106,1,79.26,CUST-2617
TXN-002070,2023-10-11,SOUTH,PROD-107,3,854.98,CUST-2527
TXN-002078,2023-10-11,SOUTH,PROD-103,3,1603.71,CUST-1879
TXN-002129,2023-10-11,SOUTH,PROD-107,1,283.22,CUST-2807
TXN-002153,2023-10-11,SOUTH,PROD-108,2,141.08,CUST-2857
TXN-002267,2023-10-11,SOUTH,PROD-103,5,2342.4,CUST-2665
TXN-003974,2023-10-11,EAST,PROD-108,5,323.27,CUST-2650
TXN-004011,2023-10-11,EAST,PROD-115,2,310.86,CUST-2736
TXN-004012,2023-10-11,EAST,PROD-101,1,3159.28,CUST-2598
TXN-004018,2023-10-11,EAST,PROD-113,1,31.76,CUST-2033
TXN-004068,2023-10-11,EAST,PROD-108,1,75.34,CUST-2751
TXN-004087,2023-10-11,EAST,PROD-114,1,13.77,CUST-2913
TXN-004167,2023-10-11,EAST,PROD-105,4,2597.75,CUST-2175
TXN-004195,2023-10-11,EAST,PROD-119,4,1531.25,CUST-2547
TXN-004219,2023-10-11,EAST,PROD-115,5,680.7,CUST-2379
TXN-004229,2023-10-11,EAST,PROD-116,2,119.09,CUST-1704
TXN-004260,2023-10-11,EAST,PROD-109,5,923.74,CUST-2501
TXN-004305,2023-10-11,EAST,PROD-109,3,548.35,CUST-2952
TXN-005547,2023-10-11,WEST,PROD-110,3,158.85,CUST-2399
TXN-005606,2023-10-11,WEST,PROD-102,5,583.31,CUST-1398
TXN-005618,2023-10-11,WEST,PROD-108,4,261.68,CUST-1556
TXN-005631,2023-10-11,WEST,PROD-111,1,50.11,CUST-1904
TXN-005637,2023-10-11,WEST,PROD-107,5,1597.12,CUST-2173
TXN-005645,2023-10-11,WEST,PROD-111,4,209.63,CUST-1549
TXN-005647,2023-10-11,WEST,PROD-119,5,1580.56,CUST-2635
TXN-005661,2023-10-11,WEST,PROD-102,4,494.34,CUST-2716
TXN-005760,2023-10-11,WEST,PROD-107,5,1508.31,CUST-1389
TXN-005774,2023-10-11,WEST,PROD-108,1,70.97,CUST-1993
TXN-005817,2023-10-11,WEST,PROD-103,4,1912.96,CUST-1896
TXN-005828,2023-10-11,WEST,PROD-118,3,60.61,CUST-2149
TXN-005879,2023-10-11,WEST,PROD-110,4,202.65,CUST-1116
TXN-005886,2023-10-11,WEST,PROD-113,1,30.31,CUST-1399
TXN-005910,2023-10-11,WEST,PROD-114,5,77.79,CUST-2275
TXN-007239,2023-10-11,CENTRAL,PROD-108,4,274.93,CUST-1620
TXN-007246,2023-10-11,CENTRAL,PROD-118,4,87.39,CUST-2890
TXN-007257,2023-10-11,CENTRAL,PROD-103,2,1087.78,CUST-1302
TXN-007309,2023-10-11,CENTRAL,PROD-105,4,2465.66,CUST-2934
TXN-007342,2023-10-11,CENTRAL,PROD-103,4,1819.24,CUST-1510
TXN-007363,2023-10-11,CENTRAL,PROD-102,3,335.05,CUST-1644
TXN-007393,2023-10-11,CENTRAL,PROD-116,1,50.41,CUST-1624
TXN-007428,2023-10-11,CENTRAL,PROD-103,4,1960.98,CUST-1089
TXN-007434,2023-10-11,CENTRAL,PROD-118,3,57.6,CUST-1319
TXN-007453,2023-10-11,CENTRAL,PROD-103,2,931.3,CUST-2303
TXN-007493,2023-10-11,CENTRAL,PROD-112,2,189.13,CUST-1224
TXN-007510,2023-10-11,CENTRAL,PROD-115,5,693.75,CUST-2804
TXN-000009,2023-10-12,NORTH,PROD-112,5,476.4,CUST-1089
TXN-000094,2023-10-12,NORTH,PROD-110,2,94.44,CUST-2352
TXN-000132,2023-10-12,NORTH,PROD-110,4,214.1,CUST-2953
TXN-000154,2023-10-12,NORTH,PROD-103,5,2573.72,CUST-1026
TXN-000156,2023-10-12,NORTH,PROD-115,2,296.11,CUST-2503
TXN-000170,2023-10-12,NORTH,PROD-114,5,72.41,CUST-2440
TXN-000263,2023-10-12,NORTH,PROD-109,5,878.54,CUST-2308
TXN-000275,2023-10-12,NORTH,PROD-102,4,458.45,CUST-2983
TXN-000304,2023-10-12,NORTH,PROD-114,1,16.39,CUST-2230
TXN-000396,2023-10-12,NORTH,PROD-103,3,1422.31,CUST-2346
TXN-000415,2023-10-12,NORTH,PROD-117,2,436.2,CUST-1293
TXN-000419,2023-10-12,NORTH,PROD-112,4,421.0,CUST-2176
TXN-000430,2023-10-12,NORTH,PROD-118,5,97.33,CUST-2646
TXN-000435,2023-10-12,NORTH,PROD-105,5,3340.81,CUST-1373
TXN-001796,2023-10-12,SOUTH,PROD-105,5,2951.69,CUST-1368
TXN-001879,2023-10-12,SOUTH,PROD-102,5,572.05,CUST-1310
TXN-001890,2023-10-12,SOUTH,PROD-114,3,46.13,CUST-1503
TXN-001921,2023-10-12,SOUTH,PROD-117,4,814.08,CUST-2063
TXN-001966,2023-10-12,SOUTH,PROD-118,2,42.24,CUST-2101
TXN-001971,2023-10-12,SOUTH,PROD-107,5,1602.15,CUST-1577
TXN-002037,2023-10-12,SOUTH,PROD-101,1,2914.72,CUST-2137
TXN-002049,2023-10-12,SOUTH,PROD-111,5,246.43,CUST-2303
TXN-002061,2023-10-12,SOUTH,PROD-109,5,825.21,CUST-2540
TXN-002067,2023-10-12,SOUTH,PROD-103,3,1602.75,CUST-2051
TXN-002206,2023-10-12,SOUTH,PROD-113,4,122.62,CUST-2998
TXN-002207,2023-10-12,SOUTH,PROD-111,1,45.02,CUST-2783
TXN-002262,2023-10-12,SOUTH,PROD-101,1,2769.97,CUST-1250
TXN-003981,2023-10-12,EAST,PROD-115,5,779.34,CUST-1056
TXN-003990,2023-10-12,EAST,PROD-102,5,560.96,CUST-2727
TXN-004027,2023-10-12,EAST,PROD-117,3,603.57,CUST-1830
TXN-004030,2023-10-12,EAST,PROD-102,3,346.3,CUST-1349
TXN-004080,2023-10-12,EAST,PROD-105,1,594.9,CUST-2237
TXN-004098,2023-10-12,EAST,PROD-102,4,480.83,CUST-1376
TXN-004130,2023-10-12,EAST,PROD-114,1,16.43,CUST-2848
TXN-004168,2023-10-12,EAST,PROD-113,1,28.13,CUST-1917
TXN-004234,2023-10-12,EAST,PROD-101,4,12045.4,CUST-2959
TXN-004324,2023-10-12,EAST,PROD-106,2,171.88,CUST-2169
TXN-005534,2023-10-12,WEST,PROD-101,4,12534.64,CUST-2036
TXN-005663,2023-10-12,WEST,PROD-114,4,54.36,CUST-2843
TXN-005731,2023-10-12,WEST,PROD-108,1,65.55,CUST-2863
TXN-005741,2023-10-12,WEST,PROD-119,4,1539.42,CUST-1510
TXN-005788,2023-10-12,WEST,PROD-102,2,236.09,CUST-2552
TXN-005867,2023-10-12,WEST,PROD-105,1,649.12,CUST-2014
TXN-005873,2023-10-12,WEST,PROD-103,3,1501.16,CUST-1056
TXN-007238,2023-10-12,CENTRAL,PROD-110,2,100.57,CUST-1014
TXN-007277,2023-10-12,CENTRAL,PROD-103,5,2315.3,CUST-1245
TXN-007279,2023-10-12,CENTRAL,PROD-105,2,1228.96,CUST-1306
TXN-007319,2023-10-12,CENTRAL,PROD-108,5,316.35,CUST-1346
TXN-007349,2023-10-12,CENTRAL,PROD-103,2,964.13,CUST-2046
TXN-007356,2023-10-12,CENTRAL,PROD-116,1,59.32,CUST-1804
TXN-007377,2023-10-12,CENTRAL,PROD-102,5,585.77,CUST-1820
TXN-007388,2023-10-12,CENTRAL,PROD-104,3,2617.18,CUST-1582
TXN-007394,2023-10-12,CENTRAL,PROD-114,1,14.54,CUST-2245
TXN-007439,2023-10-12,CENTRAL,PROD-102,2,261.24,CUST-2716
TXN-007460,2023-10-12,CENTRAL,PROD-113,3,86.64,CUST-1257
TXN-007490,2023-10-12,CENTRAL,PROD-111,5,246.09,CUST-1573
TXN-007574,2023-10-12,CENTRAL,PROD-118,3,62.73,CUST-1329
TXN-000011,2023-10-13,NORTH,PROD-103,5,2396.54,CUST-2288
TXN-000022,2023-10-13,NORTH,PROD-115,2,285.87,CUST-1506
TXN-000059,2023-10-13,NORTH,PROD-109,4,689.04,CUST-2427
TXN-000108,2023-10-13,NORTH,PROD-118,1,19.21,CUST-1431
TXN-000262,2023-10-13,NORTH,PROD-101,3,9065.8,CUST-1932
TXN-000314,2023-10-13,NORTH,PROD-114,4,58.05,CUST-1758
TXN-000333,2023-10-13,NORTH,PROD-110,3,141.62,CUST-2596
TXN-000373,2023-10-13,NORTH,PROD-117,5,983.68,CUST-1332
TXN-000469,2023-10-13,NORTH,PROD-117,1,181.8,CUST-1281
TXN-001785,2023-10-13,SOUTH,PROD-105,4,2785.25,CUST-2229
TXN-001791,2023-10-13,SOUTH,PROD-114,5,71.3,CUST-1196
TXN-001825,2023-10-13,SOUTH,PROD-103,1,535.22,CUST-1334
TXN-001826,2023-10-13,SOUTH,PROD-113,3,92.62,CUST-2955
TXN-001958,2023-10-13,SOUTH,PROD-104,1,846.45,CUST-2541
TXN-001983,2023-10-13,SOUTH,PROD-120,3,439.78,CUST-2719
TXN-002044,2023-10-13,SOUTH,PROD-104,3,2935.47,CUST-1625
TXN-002122,2023-10-13,SOUTH,PROD-106,1,82.73,CUST-1023
TXN-002127,2023-10-13,SOUTH,PROD-107,2,584.94,CUST-1489
TXN-002135,2023-10-13,SOUTH,PROD-107,4,1132.79,CUST-2348
TXN-002163,2023-10-13,SOUTH,PROD-113,2,59.63,CUST-1866
TXN-002214,2023-10-13,SOUTH,PROD-120,1,145.44,CUST-2924
TXN-002234,2023-10-13,SOUTH,PROD-114,3,47.41,CUST-2634
TXN-002259,2023-10-13,SOUTH,PROD-116,3,171.17,CUST-2955
TXN-002300,2023-10-13,SOUTH,PROD-106,3,254.66,CUST-2389
TXN-002302,2023-10-13,SOUTH,PROD-116,5,254.47,CUST-1020
TXN-002304,2023-10-13,SOUTH,PROD-119,3,956.07,CUST-2486
TXN-003999,2023-10-13,EAST,PROD-118,4,86.79,CUST-2792
TXN-004028,2023-10-13,EAST,PROD-119,1,331.5,CUST-1306
TXN-004037,2023-10-13,EAST,PROD-109,5,832.32,CUST-2139
TXN-004050,2023-10-13,EAST,PROD-106,3,261.38,CUST-1766
TXN-004054,2023-10-13,EAST,PROD-110,4,211.64,CUST-2768
TXN-004063,2023-10-13,EAST,PROD-108,2,148.55,CUST-1185
TXN-004071,2023-10-13,EAST,PROD-104,4,3931.69,CUST-2758
TXN-004083,2023-10-13,EAST,PROD-117,4,774.83,CUST-1055
TXN-004116,2023-10-13,EAST,PROD-119,2,650.55,CUST-2158
TXN-004212,2023-10-13,EAST,PROD-118,2,42.83,CUST-2177
TXN-004226,2023-10-13,EAST,PROD-108,2,141.27,CUST-2847
TXN-004230,2023-10-13,EAST,PROD-106,5,373.7,CUST-2938
TXN-004235,2023-10-13,EAST,PROD-118,3,54.16,CUST-1657
TXN-004242,2023-10-13,EAST,PROD-110,1,48.24,CUST-1930
TXN-004282,2023-10-13,EAST,PROD-101,1,3011.74,CUST-1851
TXN-004304,2023-10-13,EAST,PROD-110,2,108.82,CUST-2170
TXN-005515,2023-10-13,WEST,PROD-107,4,1292.86,CUST-1081
TXN-005596,2023-10-13,WEST,PROD-106,5,372.68,CUST-1376
TXN-005604,2023-10-13,WEST,PROD-106,4,290.51,CUST-1840
TXN-005605,2023-10-13,WEST,PROD-101,3,9753.38,CUST-2827
TXN-005615,2023-10-13,WEST,PROD-104,4,3838.24,CUST-1113
TXN-005627,2023-10-13,WEST,PROD-117,3,597.16,CUST-1861
TXN-005666,2023-10-13,WEST,PROD-116,4,227.26,CUST-1046
TXN-005703,2023-10-13,WEST,PROD-113,3,92.91,CUST-2389
TXN-005740,2023-10-13,WEST,PROD-109,5,908.37,CUST-1244
TXN-005762,2023-10-13,WEST,PROD-101,1,2702.64,CUST-1137
TXN-005845,2023-10-13,WEST,PROD-117,4,727.71,CUST-2901
TXN-005847,2023-10-13,WEST,PROD-108,4,298.39,CUST-1760
TXN-005866,2023-10-13,WEST,PROD-106,2,163.09,CUST-2405
TXN-005896,2023-10-13,WEST,PROD-110,3,136.17,CUST-2779
TXN-007201,2023-10-13,CENTRAL,PROD-101,3,9621.19,CUST-1333
TXN-007253,2023-10-13,CENTRAL,PROD-110,3,138.42,CUST-1018
TXN-007262,2023-10-13,CENTRAL,PROD-114,2,32.23,CUST-1655
TXN-007289,2023-10-13,CENTRAL,PROD-105,3,1989.47,CUST-2060
TXN-007296,2023-10-13,CENTRAL,PROD-112,4,368.79,CUST-2852
TXN-007297,2023-10-13,CENTRAL,PROD-110,2,107.86,CUST-2775
TXN-007311,2023-10-13,CENTRAL,PROD-110,1,47.58,CUST-2967
TXN-007328,2023-10-13,CENTRAL,PROD-120,4,611.8,CUST-2483
TXN-007386,2023-10-13,CENTRAL,PROD-120,4,654.23,CUST-2066
TXN-007402,2023-10-13,CENTRAL,PROD-116,5,273.91,CUST-2213
TXN-007441,2023-10-13,CENTRAL,PROD-113,5,159.31,CUST-2885
TXN-007467,2023-10-13,CENTRAL,PROD-120,3,412.98,CUST-2671
TXN-007469,2023-10-13,CENTRAL,PROD-101,2,5601.38,CUST-2555
TXN-007474,2023-10-13,CENTRAL,PROD-111,3,147.18,CUST-1194
TXN-007497,2023-10-13,CENTRAL,PROD-112,2,208.75,CUST-2470
TXN-007512,2023-10-13,CENTRAL,PROD-119,5,1789.27,CUST-2914
TXN-007547,2023-10-13,CENTRAL,PROD-120,2,297.65,CUST-1533
TXN-000024,2023-10-14,NORTH,PROD-119,4,1361.32,CUST-1284
TXN-000050,2023-10-14,NORTH,PROD-112,4,392.85,CUST-2770
TXN-000107,2023-10-14,NORTH,PROD-113,2,61.37,CUST-1617
TXN-000109,2023-10-14,NORTH,PROD-119,5,1804.1,CUST-1953
TXN-000130,2023-10-14,NORTH,PROD-113,5,163.33,CUST-1041
TXN-000135,2023-10-14,NORTH,PROD-116,1,53.77,CUST-2370
TXN-000142,2023-10-14,NORTH,PROD-109,1,178.92,CUST-2535
TXN-000190,2023-10-14,NORTH,PROD-115,5,745.44,CUST-1067
TXN-000221,2023-10-14,NORTH,PROD-111,5,238.31,CUST-1006
TXN-000272,2023-10-14,NORTH,PROD-109,1,186.84,CUST-1445
TXN-000297,2023-10-14,NORTH,PROD-115,2,294.81,CUST-2695
TXN-000299,2023-10-14,NORTH,PROD-111,3,146.2,CUST-1313
TXN-000361,2023-10-14,NORTH,PROD-117,3,542.16,CUST-1633
TXN-000391,2023-10-14,NORTH,PROD-101,5,14558.4,CUST-2169
TXN-000392,2023-10-14,NORTH,PROD-106,1,80.37,CUST-1739
TXN-000406,2023-10-14,NORTH,PROD-113,4,129.43,CUST-1792
TXN-000409,2023-10-14,NORTH,PROD-103,4,2040.94,CUST-2685
TXN-000412,2023-10-14,NORTH,PROD-106,4,310.46,CUST-1087
TXN-000433,2023-10-14,NORTH,PROD-119,1,323.76,CUST-1650
TXN-000476,2023-10-14,NORTH,PROD-119,3,1112.29,CUST-2486
TXN-001828,2023-10-14,SOUTH,PROD-110,5,231.52,CUST-2363
TXN-001831,2023-10-14,SOUTH,PROD-103,4,2124.36,CUST-2258
TXN-001877,2023-10-14,SOUTH,PROD-104,5,4253.97,CUST-2151
TXN-001888,2023-10-14,SOUTH,PROD-101,2,6401.75,CUST-1971
TXN-001896,2023-10-14,SOUTH,PROD-102,4,504.84,CUST-2353
TXN-001919,2023-10-14,SOUTH,PROD-114,1,13.77,CUST-1871
TXN-001923,2023-10-14,SOUTH,PROD-115,4,627.76,CUST-1854
TXN-001955,2023-10-14,SOUTH,PROD-106,1,81.82,CUST-1667
TXN-001962,2023-10-14,SOUTH,PROD-108,1,66.76,CUST-2974
TXN-002000,2023-10-14,SOUTH,PROD-118,4,77.02,CUST-1803
TXN-002015,2023-10-14,SOUTH,PROD-108,5,370.07,CUST-2278
TXN-002024,2023-10-14,SOUTH,PROD-117,3,577.31,CUST-2813
TXN-002060,2023-10-14,SOUTH,PROD-113,5,139.67,CUST-2726
TXN-002064,2023-10-14,SOUTH,PROD-115,4,591.86,CUST-1753
TXN-002095,2023-10-14,SOUTH,PROD-113,2,65.85,CUST-1265
TXN-002098,2023-10-14,SOUTH,PROD-116,2,112.26,CUST-2924
TXN-002159,2023-10-14,SOUTH,PROD-115,3,419.75,CUST-1405
TXN-002178,2023-10-14,SOUTH,PROD-108,2,139.36,CUST-2888
TXN-002185,2023-10-14,SOUTH,PROD-106,4,304.15,CUST-1619
TXN-002187,2023-10-14,SOUTH,PROD-103,1,513.61,CUST-2591
TXN-002197,2023-10-14,SOUTH,PROD-115,5,691.33,CUST-2304
TXN-002247,2023-10-14,SOUTH,PROD-116,3,173.47,CUST-1801
TXN-002308,2023-10-14,SOUTH,PROD-117,2,384.4,CUST-2758
TXN-004072,2023-10-14,EAST,PROD-118,5,107.78,CUST-1022
TXN-004091,2023-10-14,EAST,PROD-114,1,15.05,CUST-1197
TXN-004099,2023-10-14,EAST,PROD-119,1,348.97,CUST-2736
TXN-004121,2023-10-14,EAST,PROD-113,5,151.74,CUST-2921
TXN-004135,2023-10-14,EAST,PROD-103,2,902.97,CUST-1987
TXN-004181,2023-10-14,EAST,PROD-108,5,331.96,CUST-1236
TXN-004183,2023-10-14,EAST,PROD-101,3,8512.01,CUST-2537
TXN-004201,2023-10-14,EAST,PROD-120,3,450.63,CUST-1598
TXN-004298,2023-10-14,EAST,PROD-111,5,228.72,CUST-1621
TXN-005493,2023-10-14,WEST,PROD-109,1,173.3,CUST-2397
TXN-005503,2023-10-14,WEST,PROD-120,1,164.05,CUST-1219
TXN-005504,2023-10-14,WEST,PROD-106,1,84.46,CUST-1323
TXN-005508,2023-10-14,WEST,PROD-119,1,329.5,CUST-2755
TXN-005536,2023-10-14,WEST,PROD-116,3,173.34,CUST-2734
TXN-005586,2023-10-14,WEST,PROD-112,1,97.15,CUST-2265
TXN-005619,2023-10-14,WEST,PROD-103,4,2130.42,CUST-2350
TXN-005641,2023-10-14,WEST,PROD-118,5,90.78,CUST-2410
TXN-005665,2023-10-14,WEST,PROD-119,5,1660.93,CUST-1056
TXN-005672,2023-10-14,WEST,PROD-111,2,100.03,CUST-1675
TXN-005702,2023-10-14,WEST,PROD-116,5,294.75,CUST-1012
TXN-005743,2023-10-14,WEST,PROD-105,2,1419.77,CUST-1473
TXN-005744,2023-10-14,WEST,PROD-102,4,470.67,CUST-1950
TXN-005775,2023-10-14,WEST,PROD-114,5,81.58,CUST-1210
TXN-007284,2023-10-14,CENTRAL,PROD-107,5,1543.73,CUST-1171
TXN-007303,2023-10-14,CENTRAL,PROD-112,4,378.21,CUST-1851
TXN-007338,2023-10-14,CENTRAL,PROD-110,1,53.44,CUST-1313
TXN-007357,2023-10-14,CENTRAL,PROD-108,2,152.82,CUST-2294
TXN-007392,2023-10-14,CENTRAL,PROD-115,3,411.13,CUST-2150
TXN-007524,2023-10-14,CENTRAL,PROD-103,4,1828.13,CUST-2199
TXN-007537,2023-10-14,CENTRAL,PROD-107,1,301.57,CUST-1815
TXN-007550,2023-10-14,CENTRAL,PROD-109,3,518.51,CUST-2066
TXN-007592,2023-10-14,CENTRAL,PROD-106,2,166.06,CUST-1027
TXN-000031,2023-10-15,NORTH,PROD-101,3,9849.37,CUST-2561
TXN-000053,2023-10-15,NORTH,PROD-105,4,2435.38,CUST-1948
TXN-000110,2023-10-15,NORTH,PROD-115,2,300.65,CUST-2626
TXN-000171,2023-10-15,NORTH,PROD-109,3,513.12,CUST-1248
TXN-000198,2023-10-15,NORTH,PROD-103,5,2269.88,CUST-1885
TXN-000211,2023-10-15,NORTH,PROD-102,2,228.8,CUST-1269
TXN-000273,2023-10-15,NORTH,PROD-115,2,321.31,CUST-1204
TXN-000298,2023-10-15,NORTH,PROD-113,4,125.47,CUST-1641
TXN-000331,2023-10-15,NORTH,PROD-112,1,98.72,CUST-1217
TXN-000342,2023-10-15,NORTH,PROD-110,3,152.71,CUST-1721
TXN-000346,2023-10-15,NORTH,PROD-119,5,1908.93,CUST-2514
TXN-000384,2023-10-15,NORTH,PROD-120,1,162.16,CUST-1039
TXN-000450,2023-10-15,NORTH,PROD-107,3,919.17,CUST-1641
TXN-000458,2023-10-15,NORTH,PROD-116,3,164.88,CUST-1185
TXN-001818,2023-10-15,SOUTH,PROD-116,4,225.61,CUST-1552
TXN-001840,2023-10-15,SOUTH,PROD-119,3,1019.62,CUST-2200
TXN-001842,2023-10-15,SOUTH,PROD-106,2,170.95,CUST-1093
TXN-001844,2023-10-15,SOUTH,PROD-115,5,796.12,CUST-1700
TXN-001855,2023-10-15,SOUTH,PROD-105,4,2559.34,CUST-1239
TXN-001893,2023-10-15,SOUTH,PROD-117,3,653.22,CUST-1907
TXN-001942,2023-10-15,SOUTH,PROD-109,1,193.16,CUST-2449
TXN-001961,2023-10-15,SOUTH,PROD-118,4,73.01,CUST-1060
TXN-002012,2023-10-15,SOUTH,PROD-102,3,367.94,CUST-1885
TXN-002045,2023-10-15,SOUTH,PROD-108,3,222.97,CUST-2354
TXN-002100,2023-10-15,SOUTH,PROD-109,2,324.52,CUST-1293
TXN-002101,2023-10-15,SOUTH,PROD-103,4,2041.9,CUST-1506
TXN-002103,2023-10-15,SOUTH,PROD-119,1,366.6,CUST-1590
TXN-002126,2023-10-15,SOUTH,PROD-102,5,540.51,CUST-2582
TXN-002168,2023-10-15,SOUTH,PROD-110,4,202.45,CUST-1985
TXN-002237,2023-10-15,SOUTH,PROD-111,2,106.3,CUST-1608
TXN-004034,2023-10-15,EAST,PROD-120,3,475.76,CUST-1035
TXN-004096,2023-10-15,EAST,PROD-103,3,1632.06,CUST-1436
TXN-004151,2023-10-15,EAST,PROD-114,2,27.28,CUST-1755
TXN-004153,2023-10-15,EAST,PROD-115,5,717.18,CUST-1333
TXN-004184,2023-10-15,EAST,PROD-101,4,12685.42,CUST-2206
TXN-004186,2023-10-15,EAST,PROD-116,1,53.92,CUST-2922
TXN-004250,2023-10-15,EAST,PROD-113,5,150.83,CUST-1250
TXN-004258,2023-10-15,EAST,PROD-118,4,76.43,CUST-2767
TXN-004284,2023-10-15,EAST,PROD-112,1,100.64,CUST-2571
TXN-004286,2023-10-15,EAST,PROD-106,2,172.77,CUST-1984
TXN-004287,2023-10-15,EAST,PROD-111,3,157.37,CUST-1744
TXN-004309,2023-10-15,EAST,PROD-103,2,911.07,CUST-1505
TXN-005500,2023-10-15,WEST,PROD-107,2,547.14,CUST-1361
TXN-005518,2023-10-15,WEST,PROD-106,3,259.97,CUST-1772
TXN-005563,2023-10-15,WEST,PROD-111,5,274.24,CUST-1201
TXN-005614,2023-10-15,WEST,PROD-116,1,53.01,CUST-1576
TXN-005626,2023-10-15,WEST,PROD-106,4,318.03,CUST-2833
TXN-005642,2023-10-15,WEST,PROD-106,2,160.48,CUST-2504
TXN-005653,2023-10-15,WEST,PROD-112,4,380.47,CUST-1849
TXN-005708,2023-10-15,WEST,PROD-102,1,119.41,CUST-2919
TXN-005710,2023-10-15,WEST,PROD-102,2,217.47,CUST-2289
TXN-005751,2023-10-15,WEST,PROD-119,5,1717.81,CUST-1388
TXN-005792,2023-10-15,WEST,PROD-102,2,230.3,CUST-1377
TXN-005875,2023-10-15,WEST,PROD-108,1,68.91,CUST-2657
TXN-005877,2023-10-15,WEST,PROD-119,1,341.13,CUST-1368
TXN-005882,2023-10-15,WEST,PROD-119,1,337.34,CUST-1943
TXN-007242,2023-10-15,CENTRAL,PROD-118,4,72.4,CUST-1370
TXN-007324,2023-10-15,CENTRAL,PROD-114,1,16.08,CUST-2321
TXN-007383,2023-10-15,CENTRAL,PROD-107,3,885.57,CUST-1037
TXN-007384,2023-10-15,CENTRAL,PROD-117,2,418.15,CUST-2459
TXN-007421,2023-10-15,CENTRAL,PROD-111,4,182.19,CUST-1340
TXN-007424,2023-10-15,CENTRAL,PROD-115,1,140.52,CUST-1162
TXN-007464,2023-10-15,CENTRAL,PROD-109,3,552.74,CUST-2190
TXN-007483,2023-10-15,CENTRAL,PROD-116,2,113.36,CUST-1642
TXN-007508,2023-10-15,CENTRAL,PROD-102,4,432.53,CUST-1746
TXN-007525,2023-10-15,CENTRAL,PROD-107,5,1427.33,CUST-1517
TXN-007566,2023-10-15,CENTRAL,PROD-108,4,306.29,CUST-2632
TXN-007584,2023-10-15,CENTRAL,PROD-101,5,14384.73,CUST-2116
TXN-000049,2023-10-16,NORTH,PROD-114,2,27.55,CUST-2350
TXN-000093,2023-10-16,NORTH,PROD-108,2,148.84,CUST-1943
TXN-000146,2023-10-16,NORTH,PROD-104,5,4902.93,CUST-1953
TXN-000163,2023-10-16,NORTH,PROD-107,3,953.58,CUST-1698
TXN-000166,2023-10-16,NORTH,PROD-118,2,41.5,CUST-2323
TXN-000204,2023-10-16,NORTH,PROD-103,4,1939.15,CUST-1683
TXN-000206,2023-10-16,NORTH,PROD-110,4,212.5,CUST-2127
TXN-000223,2023-10-16,NORTH,PROD-105,4,2620.02,CUST-1707
TXN-000259,2023-10-16,NORTH,PROD-110,3,159.1,CUST-1960
TXN-000318,2023-10-16,NORTH,PROD-120,4,589.66,CUST-1442
TXN-000324,2023-10-16,NORTH,PROD-114,2,27.76,CUST-2091
TXN-000339,2023-10-16,NORTH,PROD-115,5,788.93,CUST-1920
TXN-000422,2023-10-16,NORTH,PROD-117,4,866.12,CUST-1242
TXN-000448,2023-10-16,NORTH,PROD-108,4,268.62,CUST-1150
TXN-000461,2023-10-16,NORTH,PROD-120,4,574.25,CUST-1017
TXN-000475,2023-10-16,NORTH,PROD-101,3,8696.2,CUST-1225
TXN-001793,2023-10-16,SOUTH,PROD-112,5,543.88,CUST-2981
TXN-001848,2023-10-16,SOUTH,PROD-115,4,644.21,CUST-2978
TXN-001861,2023-10-16,SOUTH,PROD-113,4,120.28,CUST-2485
TXN-001874,2023-10-16,SOUTH,PROD-110,2,94.17,CUST-1097
TXN-001927,2023-10-16,SOUTH,PROD-102,2,261.29,CUST-1757
TXN-001934,2023-10-16,SOUTH,PROD-101,1,3028.51,CUST-1139
TXN-002030,2023-10-16,SOUTH,PROD-115,5,778.81,CUST-2745
TXN-002054,2023-10-16,SOUTH,PROD-120,1,140.01,CUST-1795
TXN-002088,2023-10-16,SOUTH,PROD-104,3,2737.51,CUST-1925
TXN-002091,2023-10-16,SOUTH,PROD-101,2,5638.78,CUST-2867
TXN-002118,2023-10-16,SOUTH,PROD-115,1,137.47,CUST-2346
TXN-002138,2023-10-16,SOUTH,PROD-104,5,4762.08,CUST-2889
TXN-002200,2023-10-16,SOUTH,PROD-116,1,49.6,CUST-1545
TXN-002256,2023-10-16,SOUTH,PROD-106,1,73.87,CUST-2056
TXN-002263,2023-10-16,SOUTH,PROD-117,2,361.82,CUST-2174
TXN-002297,2023-10-16,SOUTH,PROD-104,5,4363.96,CUST-2172
TXN-002314,2023-10-16,SOUTH,PROD-116,5,285.13,CUST-2387
TXN-004015,2023-10-16,EAST,PROD-104,4,3804.19,CUST-2104
TXN-004021,2023-10-16,EAST,PROD-110,4,200.85,CUST-2573
TXN-004077,2023-10-16,EAST,PROD-116,3,172.53,CUST-2686
TXN-004100,2023-10-16,EAST,PROD-114,5,77.11,CUST-1293
TXN-004123,2023-10-16,EAST,PROD-105,4,2672.88,CUST-1937
TXN-004187,2023-10-16,EAST,PROD-108,4,280.98,CUST-2654
TXN-004208,2023-10-16,EAST,PROD-107,5,1580.68,CUST-2345
TXN-004215,2023-10-16,EAST,PROD-102,5,578.14,CUST-2074
TXN-004285,2023-10-16,EAST,PROD-113,5,156.13,CUST-2363
TXN-004293,2023-10-16,EAST,PROD-106,1,79.3,CUST-1441
TXN-004311,2023-10-16,EAST,PROD-104,2,1796.5,CUST-2834
TXN-005495,2023-10-16,WEST,PROD-117,5,1076.31,CUST-2024
TXN-005499,2023-10-16,WEST,PROD-107,4,1259.86,CUST-1267
TXN-005512,2023-10-16,WEST,PROD-103,1,492.22,CUST-1052
TXN-005533,2023-10-16,WEST,PROD-109,5,944.75,CUST-2201
TXN-005560,2023-10-16,WEST,PROD-115,3,457.89,CUST-1570
TXN-005583,2023-10-16,WEST,PROD-102,4,479.26,CUST-1783
TXN-005616,2023-10-16,WEST,PROD-114,2,29.33,CUST-1448
TXN-005670,2023-10-16,WEST,PROD-119,3,1107.95,CUST-2259
TXN-005795,2023-10-16,WEST,PROD-114,1,14.82,CUST-2964
TXN-005844,2023-10-16,WEST,PROD-118,4,72.06,CUST-2858
TXN-005859,2023-10-16,WEST,PROD-110,3,142.71,CUST-1560
TXN-007202,2023-10-16,CENTRAL,PROD-102,4,489.02,CUST-2739
TXN-007206,2023-10-16,CENTRAL,PROD-113,3,96.83,CUST-1742
TXN-007233,2023-10-16,CENTRAL,PROD-102,1,126.84,CUST-2765
TXN-007259,2023-10-16,CENTRAL,PROD-112,3,291.97,CUST-1557
TXN-007344,2023-10-16,CENTRAL,PROD-103,3,1634.13,CUST-1665
TXN-007375,2023-10-16,CENTRAL,PROD-118,3,55.04,CUST-2674
TXN-007379,2023-10-16,CENTRAL,PROD-106,5,362.7,CUST-1982
TXN-007494,2023-10-16,CENTRAL,PROD-101,2,6272.25,CUST-1738
TXN-007556,2023-10-16,CENTRAL,PROD-103,3,1445.15,CUST-1713
TXN-007585,2023-10-16,CENTRAL,PROD-109,1,177.72,CUST-2468
TXN-007602,2023-10-16,CENTRAL,PROD-110,1,47.48,CUST-2758
TXN-000025,2023-10-17,NORTH,PROD-116,1,57.8,CUST-2764
TXN-000028,2023-10-17,NORTH,PROD-109,5,964.89,CUST-1024
TXN-000035,2023-10-17,NORTH,PROD-101,5,14472.42,CUST-1040
TXN-000063,2023-10-17,NORTH,PROD-117,2,364.53,CUST-2041
TXN-000122,2023-10-17,NORTH,PROD-114,5,74.14,CUST-1326
TXN-000157,2023-10-17,NORTH,PROD-109,5,955.42,CUST-2103
TXN-000210,2023-10-17,NORTH,PROD-112,5,525.59,CUST-2281
TXN-000217,2023-10-17,NORTH,PROD-109,4,768.16,CUST-1968
TXN-000229,2023-10-17,NORTH,PROD-119,3,1127.6,CUST-2791
TXN-000240,2023-10-17,NORTH,PROD-114,5,77.68,CUST-1369
TXN-000287,2023-10-17,NORTH,PROD-119,1,346.63,CUST-1454
TXN-000335,2023-10-17,NORTH,PROD-107,3,873.17,CUST-2963
TXN-000343,2023-10-17,NORTH,PROD-103,3,1488.49,CUST-1078
TXN-000352,2023-10-17,NORTH,PROD-120,2,291.81,CUST-2880
TXN-000390,2023-10-17,NORTH,PROD-119,2,730.58,CUST-1597
TXN-000403,2023-10-17,NORTH,PROD-113,5,149.15,CUST-1075
TXN-000439,2023-10-17,NORTH,PROD-110,1,47.5,CUST-2301
TXN-000474,2023-10-17,NORTH,PROD-118,4,83.3,CUST-1614
TXN-001799,2023-10-17,SOUTH,PROD-114,2,28.54,CUST-1642
TXN-001812,2023-10-17,SOUTH,PROD-109,5,970.31,CUST-2200
TXN-001839,2023-10-17,SOUTH,PROD-104,5,4432.37,CUST-1194
TXN-001901,2023-10-17,SOUTH,PROD-120,2,312.0,CUST-1914
TXN-001960,2023-10-17,SOUTH,PROD-113,1,28.61,CUST-1652
TXN-001991,2023-10-17,SOUTH,PROD-116,2,111.12,CUST-2352
TXN-001999,2023-10-17,SOUTH,PROD-102,2,218.24,CUST-2881
TXN-002094,2023-10-17,SOUTH,PROD-101,2,5792.11,CUST-2864
TXN-002102,2023-10-17,SOUTH,PROD-111,5,268.91,CUST-1943
TXN-002113,2023-10-17,SOUTH,PROD-111,4,198.0,CUST-1518
TXN-002155,2023-10-17,SOUTH,PROD-111,2,98.83,CUST-1013
TXN-002164,2023-10-17,SOUTH,PROD-120,4,631.2,CUST-2679
TXN-002186,2023-10-17,SOUTH,PROD-118,4,81.34,CUST-2504
TXN-004004,2023-10-17,EAST,PROD-120,5,807.61,CUST-1495
TXN-004023,2023-10-17,EAST,PROD-120,1,144.41,CUST-1961
TXN-004056,2023-10-17,EAST,PROD-101,2,6276.92,CUST-1755
TXN-004094,2023-10-17,EAST,PROD-107,3,880.28,CUST-2812
TXN-004147,2023-10-17,EAST,PROD-102,5,617.74,CUST-1165
TXN-004179,2023-10-17,EAST,PROD-114,2,30.41,CUST-1697
TXN-004233,2023-10-17,EAST,PROD-104,5,4689.5,CUST-1757
TXN-004246,2023-10-17,EAST,PROD-104,2,1907.55,CUST-1917
TXN-004270,2023-10-17,EAST,PROD-107,4,1213.29,CUST-1374
TXN-004272,2023-10-17,EAST,PROD-117,5,976.56,CUST-2202
TXN-005549,2023-10-17,WEST,PROD-118,5,95.65,CUST-2605
TXN-005577,2023-10-17,WEST,PROD-115,4,650.04,CUST-1945
TXN-005589,2023-10-17,WEST,PROD-111,5,264.23,CUST-1736
TXN-005651,2023-10-17,WEST,PROD-117,3,573.07,CUST-1937
TXN-005707,2023-10-17,WEST,PROD-103,3,1350.41,CUST-2925
TXN-005713,2023-10-17,WEST,PROD-106,5,435.62,CUST-2127
TXN-005716,2023-10-17,WEST,PROD-119,3,1144.76,CUST-1377
TXN-005742,2023-10-17,WEST,PROD-112,3,326.31,CUST-1820
TXN-005768,2023-10-17,WEST,PROD-119,4,1349.95,CUST-2846
TXN-005803,2023-10-17,WEST,PROD-101,3,8723.34,CUST-2520
TXN-005884,2023-10-17,WEST,PROD-119,5,1714.2,CUST-2976
TXN-007208,2023-10-17,CENTRAL,PROD-119,4,1302.44,CUST-1794
TXN-007211,2023-10-17,CENTRAL,PROD-109,4,724.05,CUST-1715
TXN-007295,2023-10-17,CENTRAL,PROD-116,2,112.26,CUST-2776
TXN-007371,2023-10-17,CENTRAL,PROD-117,5,1011.4,CUST-2102
TXN-007408,2023-10-17,CENTRAL,PROD-102,5,610.29,CUST-2128
TXN-007480,2023-10-17,CENTRAL,PROD-103,4,1804.81,CUST-2331
TXN-007503,2023-10-17,CENTRAL,PROD-113,3,98.42,CUST-1499
TXN-007529,2023-10-17,CENTRAL,PROD-110,4,213.25,CUST-2279
TXN-007536,2023-10-17,CENTRAL,PROD-118,2,43.01,CUST-1043
TXN-007541,2023-10-17,CENTRAL,PROD-107,3,974.32,CUST-2249
TXN-007572,2023-10-17,CENTRAL,PROD-114,2,32.75,CUST-1805
TXN-000003,2023-10-18,NORTH,PROD-103,5,2460.91,CUST-1062
TXN-000005,2023-10-18,NORTH,PROD-107,5,1475.81,CUST-1920
TXN-000017,2023-10-18,NORTH,PROD-108,2,138.92,CUST-1553
TXN-000041,2023-10-18,NORTH,PROD-107,3,881.79,CUST-2376
TXN-000055,2023-10-18,NORTH,PROD-104,1,927.38,CUST-2108
TXN-000076,2023-10-18,NORTH,PROD-110,1,54.38,CUST-1276
TXN-000103,2023-10-18,NORTH,PROD-107,3,887.6,CUST-2944
TXN-000129,2023-10-18,NORTH,PROD-115,4,547.44,CUST-2706
TXN-000143,2023-10-18,NORTH,PROD-102,3,340.12,CUST-1141
TXN-000184,2023-10-18,NORTH,PROD-114,5,76.39,CUST-2267
TXN-000257,2023-10-18,NORTH,PROD-112,5,500.13,CUST-1559
TXN-000303,2023-10-18,NORTH,PROD-118,3,62.01,CUST-1842
TXN-000355,2023-10-18,NORTH,PROD-113,3,85.51,CUST-2745
TXN-000394,2023-10-18,NORTH,PROD-101,4,12895.95,CUST-1090
TXN-000427,2023-10-18,NORTH,PROD-110,3,160.51,CUST-2458
TXN-000431,2023-10-18,NORTH,PROD-105,5,3499.71,CUST-1135
TXN-000466,2023-10-18,NORTH,PROD-109,5,932.42,CUST-1244
TXN-000468,2023-10-18,NORTH,PROD-112,2,187.94,CUST-2043
TXN-001792,2023-10-18,SOUTH,PROD-102,1,115.98,CUST-1481
TXN-001809,2023-10-18,SOUTH,PROD-116,4,219.65,CUST-2733
TXN-001909,2023-10-18,SOUTH,PROD-119,3,995.65,CUST-2586
TXN-001945,2023-10-18,SOUTH,PROD-119,1,382.0,CUST-2069
TXN-001974,2023-10-18,SOUTH,PROD-109,4,678.32,CUST-2034
TXN-001996,2023-10-18,SOUTH,PROD-115,1,163.13,CUST-2313
TXN-002025,2023-10-18,SOUTH,PROD-105,2,1292.06,CUST-2236
TXN-002051,2023-10-18,SOUTH,PROD-110,2,96.53,CUST-1110
TXN-002068,2023-10-18,SOUTH,PROD-103,3,1627.95,CUST-1202
TXN-002080,2023-10-18,SOUTH,PROD-101,3,8350.08,CUST-2790
TXN-002090,2023-10-18,SOUTH,PROD-106,1,85.21,CUST-2236
TXN-002096,2023-10-18,SOUTH,PROD-114,4,62.88,CUST-1797
TXN-002110,2023-10-18,SOUTH,PROD-110,1,51.97,CUST-2480
TXN-002112,2023-10-18,SOUTH,PROD-104,3,2471.3,CUST-1216
TXN-002167,2023-10-18,SOUTH,PROD-106,3,234.23,CUST-1627
TXN-002283,2023-10-18,SOUTH,PROD-107,5,1457.67,CUST-1264
TXN-002287,2023-10-18,SOUTH,PROD-107,1,307.76,CUST-1552
TXN-003977,2023-10-18,EAST,PROD-106,1,86.81,CUST-2003
TXN-003994,2023-10-18,EAST,PROD-117,5,1079.74,CUST-2879
TXN-003996,2023-10-18,EAST,PROD-119,2,763.48,CUST-1871
TXN-004003,2023-10-18,EAST,PROD-108,2,132.71,CUST-1104
TXN-004005,2023-10-18,EAST,PROD-118,1,19.35,CUST-2101
TXN-004020,2023-10-18,EAST,PROD-105,5,3359.24,CUST-2106
TXN-004103,2023-10-18,EAST,PROD-101,5,16455.39,CUST-2598
TXN-004132,2023-10-18,EAST,PROD-105,4,2647.03,CUST-1735
TXN-004133,2023-10-18,EAST,PROD-105,4,2683.64,CUST-1192
TXN-004178,2023-10-18,EAST,PROD-106,1,82.04,CUST-1535
TXN-004185,2023-10-18,EAST,PROD-114,4,62.13,CUST-1244
TXN-004189,2023-10-18,EAST,PROD-105,1,670.65,CUST-1351
TXN-004192,2023-10-18,EAST,PROD-115,1,155.59,CUST-1830
TXN-004198,2023-10-18,EAST,PROD-110,5,268.35,CUST-2952
TXN-004205,2023-10-18,EAST,PROD-117,4,873.95,CUST-2539
TXN-004288,2023-10-18,EAST,PROD-109,4,667.5,CUST-1317
TXN-004291,2023-10-18,EAST,PROD-108,1,68.49,CUST-2126
TXN-005588,2023-10-18,WEST,PROD-110,4,190.96,CUST-2810
TXN-005591,2023-10-18,WEST,PROD-106,3,249.54,CUST-2456
TXN-005662,2023-10-18,WEST,PROD-113,1,28.73,CUST-1484
TXN-005680,2023-10-18,WEST,PROD-114,1,15.13,CUST-1823
TXN-005697,2023-10-18,WEST,PROD-115,2,270.1,CUST-1530
TXN-005711,2023-10-18,WEST,PROD-102,5,616.82,CUST-2774
TXN-005718,2023-10-18,WEST,PROD-101,4,13048.9,CUST-2404
TXN-005721,2023-10-18,WEST,PROD-102,5,555.97,CUST-1035
TXN-005755,2023-10-18,WEST,PROD-116,4,222.42,CUST-1951
TXN-005796,2023-10-18,WEST,PROD-114,2,31.63,CUST-1646
TXN-005810,2023-10-18,WEST,PROD-109,1,197.79,CUST-1510
TXN-005812,2023-10-18,WEST,PROD-101,2,6106.26,CUST-1807
TXN-005826,2023-10-18,WEST,PROD-110,2,91.56,CUST-1409
TXN-005850,2023-10-18,WEST,PROD-119,1,315.76,CUST-1444
TXN-005863,2023-10-18,WEST,PROD-101,5,13862.28,CUST-2123
TXN-005891,2023-10-18,WEST,PROD-109,2,385.58,CUST-2651
TXN-005897,2023-10-18,WEST,PROD-105,3,1848.6,CUST-1336
TXN-007235,2023-10-18,CENTRAL,PROD-111,3,150.92,CUST-2598
TXN-007241,2023-10-18,CENTRAL,PROD-114,5,75.4,CUST-2968
TXN-007288,2023-10-18,CENTRAL,PROD-115,2,304.95,CUST-1325
TXN-007334,2023-10-18,CENTRAL,PROD-108,3,208.15,CUST-1509
TXN-007340,2023-10-18,CENTRAL,PROD-112,2,208.56,CUST-1940
TXN-007345,2023-10-18,CENTRAL,PROD-116,1,58.33,CUST-2958
TXN-007374,2023-10-18,CENTRAL,PROD-117,1,196.3,CUST-2041
TXN-007404,2023-10-18,CENTRAL,PROD-116,2,99.26,CUST-1212
TXN-007509,2023-10-18,CENTRAL,PROD-104,4,3868.31,CUST-2690
TXN-007528,2023-10-18,CENTRAL,PROD-117,2,412.39,CUST-1396
TXN-007552,2023-10-18,CENTRAL,PROD-114,5,69.15,CUST-2991
TXN-007564,2023-10-18,CENTRAL,PROD-101,2,6146.97,CUST-1706
TXN-000006,2023-10-19,NORTH,PROD-109,1,189.31,CUST-1327
TXN-000044,2023-10-19,NORTH,PROD-118,2,40.69,CUST-1015
TXN-000066,2023-10-19,NORTH,PROD-108,5,356.57,CUST-2269
TXN-000085,2023-10-19,NORTH,PROD-118,2,39.42,CUST-1086
TXN-000116,2023-10-19,NORTH,PROD-107,4,1198.61,CUST-1500
TXN-000138,2023-10-19,NORTH,PROD-119,1,320.87,CUST-1878
TXN-000149,2023-10-19,NORTH,PROD-101,3,9136.4,CUST-2860
TXN-000159,2023-10-19,NORTH,PROD-109,3,577.95,CUST-2702
TXN-000193,2023-10-19,NORTH,PROD-107,4,1107.51,CUST-1461
TXN-000196,2023-10-19,NORTH,PROD-110,4,184.94,CUST-2411
TXN-000248,2023-10-19,NORTH,PROD-112,5,479.54,CUST-2433
TXN-000308,2023-10-19,NORTH,PROD-108,4,299.29,CUST-2996
TXN-000372,2023-10-19,NORTH,PROD-115,4,632.29,CUST-2594
TXN-000442,2023-10-19,NORTH,PROD-119,2,653.95,CUST-2279
TXN-000446,2023-10-19,NORTH,PROD-114,5,77.03,CUST-2020
TXN-001789,2023-10-19,SOUTH,PROD-115,1,135.3,CUST-1273
TXN-001838,2023-10-19,SOUTH,PROD-102,5,549.14,CUST-1093
TXN-001858,2023-10-19,SOUTH,PROD-113,1,28.99,CUST-1211
TXN-001860,2023-10-19,SOUTH,PROD-120,5,824.8,CUST-1076
TXN-001936,2023-10-19,SOUTH,PROD-115,3,475.29,CUST-1974
TXN-001963,2023-10-19,SOUTH,PROD-104,2,1894.65,CUST-2335
TXN-001993,2023-10-19,SOUTH,PROD-105,1,601.56,CUST-2912
TXN-001994,2023-10-19,SOUTH,PROD-108,5,365.97,CUST-1562
TXN-002027,2023-10-19,SOUTH,PROD-105,1,615.85,CUST-2678
TXN-002031,2023-10-19,SOUTH,PROD-119,3,1074.35,CUST-1858
TXN-002039,2023-10-19,SOUTH,PROD-112,1,109.5,CUST-1408
TXN-002053,2023-10-19,SOUTH,PROD-116,2,114.98,CUST-2607
TXN-002063,2023-10-19,SOUTH,PROD-102,4,481.14,CUST-1689
TXN-002074,2023-10-19,SOUTH,PROD-101,4,12369.78,CUST-2559
TXN-002158,2023-10-19,SOUTH,PROD-118,2,37.87,CUST-1161
TXN-002217,2023-10-19,SOUTH,PROD-117,1,185.11,CUST-2632
TXN-002242,2023-10-19,SOUTH,PROD-116,2,109.87,CUST-2443
TXN-002254,2023-10-19,SOUTH,PROD-104,2,1755.54,CUST-1875
TXN-002264,2023-10-19,SOUTH,PROD-116,3,171.36,CUST-1194
TXN-002270,2023-10-19,SOUTH,PROD-118,1,21.0,CUST-1425
TXN-003995,2023-10-19,EAST,PROD-111,4,186.26,CUST-2218
TXN-004000,2023-10-19,EAST,PROD-104,2,1944.28,CUST-1471
TXN-004084,2023-10-19,EAST,PROD-105,4,2441.21,CUST-2670
TXN-004109,2023-10-19,EAST,PROD-103,3,1435.7,CUST-1373
TXN-004112,2023-10-19,EAST,PROD-120,4,631.95,CUST-2173
TXN-004138,2023-10-19,EAST,PROD-111,1,47.51,CUST-1394
TXN-004140,2023-10-19,EAST,PROD-110,5,238.55,CUST-2842
TXN-004158,2023-10-19,EAST,PROD-120,1,158.06,CUST-1540
TXN-004193,2023-10-19,EAST,PROD-105,1,652.96,CUST-2578
TXN-004231,2023-10-19,EAST,PROD-108,2,135.59,CUST-2246
TXN-004261,2023-10-19,EAST,PROD-114,3,47.64,CUST-1650
TXN-004295,2023-10-19,EAST,PROD-106,1,77.2,CUST-1354
TXN-004308,2023-10-19,EAST,PROD-115,1,140.59,CUST-1358
TXN-004318,2023-10-19,EAST,PROD-115,3,466.49,CUST-2420
TXN-004326,2023-10-19,EAST,PROD-106,5,419.89,CUST-2360
TXN-005517,2023-10-19,WEST,PROD-107,2,562.15,CUST-2711
TXN-005519,2023-10-19,WEST,PROD-108,1,75.07,CUST-1903
TXN-005522,2023-10-19,WEST,PROD-102,4,504.56,CUST-1666
TXN-005529,2023-10-19,WEST,PROD-114,1,13.87,CUST-1882
TXN-005556,2023-10-19,WEST,PROD-102,4,506.85,CUST-2539
TXN-005564,2023-10-19,WEST,PROD-105,2,1272.82,CUST-1156
TXN-005571,2023-10-19,WEST,PROD-106,5,432.14,CUST-1646
TXN-005600,2023-10-19,WEST,PROD-109,2,370.5,CUST-1186
TXN-005612,2023-10-19,WEST,PROD-108,4,299.68,CUST-2424
TXN-005660,2023-10-19,WEST,PROD-104,1,949.86,CUST-1631
TXN-005683,2023-10-19,WEST,PROD-101,4,11259.94,CUST-2659
TXN-005684,2023-10-19,WEST,PROD-119,2,737.32,CUST-2043
TXN-005692,2023-10-19,WEST,PROD-118,2,43.76,CUST-1179
TXN-005695,2023-10-19,WEST,PROD-120,4,593.92,CUST-1780
TXN-005730,2023-10-19,WEST,PROD-103,2,1091.34,CUST-1940
TXN-005789,2023-10-19,WEST,PROD-106,1,74.34,CUST-1684
TXN-005791,2023-10-19,WEST,PROD-107,5,1495.23,CUST-1431
TXN-005851,2023-10-19,WEST,PROD-102,5,554.15,CUST-1338
TXN-005899,2023-10-19,WEST,PROD-106,3,223.91,CUST-1970
TXN-005906,2023-10-19,WEST,PROD-117,2,431.14,CUST-1019
TXN-007203,2023-10-19,CENTRAL,PROD-112,5,521.76,CUST-1613
TXN-007237,2023-10-19,CENTRAL,PROD-117,1,190.23,CUST-1742
TXN-007252,2023-10-19,CENTRAL,PROD-104,4,3899.27,CUST-2183
TXN-007280,2023-10-19,CENTRAL,PROD-115,1,159.93,CUST-2179
TXN-007323,2023-10-19,CENTRAL,PROD-102,1,118.37,CUST-2726
TXN-007333,2023-10-19,CENTRAL,PROD-106,3,224.35,CUST-1961
TXN-007351,2023-10-19,CENTRAL,PROD-103,2,1064.44,CUST-2501
TXN-007417,2023-10-19,CENTRAL,PROD-114,3,49.38,CUST-1847
TXN-007430,2023-10-19,CENTRAL,PROD-105,4,2614.11,CUST-1602
TXN-007432,2023-10-19,CENTRAL,PROD-118,4,84.75,CUST-1853
TXN-007443,2023-10-19,CENTRAL,PROD-114,1,14.64,CUST-1051
TXN-007479,2023-10-19,CENTRAL,PROD-117,5,954.28,CUST-1517
TXN-007484,2023-10-19,CENTRAL,PROD-110,5,234.82,CUST-1414
TXN-007520,2023-10-19,CENTRAL,PROD-105,3,1880.61,CUST-2238
TXN-007542,2023-10-19,CENTRAL,PROD-103,4,2139.0,CUST-1890
TXN-007544,2023-10-19,CENTRAL,PROD-103,5,2617.03,CUST-2349
TXN-007567,2023-10-19,CENTRAL,PROD-107,5,1599.12,CUST-2002
TXN-007569,2023-10-19,CENTRAL,PROD-105,3,2035.7,CUST-1552
TXN-007598,2023-10-19,CENTRAL,PROD-104,4,3792.57,CUST-1290
TXN-000012,2023-10-20,NORTH,PROD-112,5,469.18,CUST-1143
TXN-000027,2023-10-20,NORTH,PROD-103,4,1952.61,CUST-1959
TXN-000115,2023-10-20,NORTH,PROD-103,4,1965.74,CUST-2290
TXN-000242,2023-10-20,NORTH,PROD-108,4,303.08,CUST-1294
TXN-000354,2023-10-20,NORTH,PROD-102,3,328.72,CUST-1194
TXN-000386,2023-10-20,NORTH,PROD-117,4,737.75,CUST-1591
TXN-000441,2023-10-20,NORTH,PROD-118,1,20.0,CUST-1346
TXN-000471,2023-10-20,NORTH,PROD-117,2,386.22,CUST-2256
TXN-001795,2023-10-20,SOUTH,PROD-113,3,98.56,CUST-2375
TXN-001819,2023-10-20,SOUTH,PROD-101,3,9845.55,CUST-2344
TXN-001820,2023-10-20,SOUTH,PROD-115,3,490.23,CUST-2504
TXN-001846,2023-10-20,SOUTH,PROD-109,1,177.61,CUST-1037
TXN-001850,2023-10-20,SOUTH,PROD-112,4,424.33,CUST-1180
TXN-001862,2023-10-20,SOUTH,PROD-116,2,114.69,CUST-2082
TXN-001873,2023-10-20,SOUTH,PROD-116,1,58.22,CUST-2932
TXN-001940,2023-10-20,SOUTH,PROD-114,4,56.76,CUST-1810
TXN-001950,2023-10-20,SOUTH,PROD-111,4,203.52,CUST-2007
TXN-001959,2023-10-20,SOUTH,PROD-119,2,699.0,CUST-2541
TXN-001987,2023-10-20,SOUTH,PROD-110,2,94.67,CUST-2012
TXN-002107,2023-10-20,SOUTH,PROD-114,4,58.58,CUST-2350
TXN-002132,2023-10-20,SOUTH,PROD-107,5,1468.47,CUST-1877
TXN-002140,2023-10-20,SOUTH,PROD-111,4,207.07,CUST-2992
TXN-002143,2023-10-20,SOUTH,PROD-119,4,1367.02,CUST-2312
TXN-002203,2023-10-20,SOUTH,PROD-117,3,651.82,CUST-1970
TXN-002216,2023-10-20,SOUTH,PROD-107,2,644.36,CUST-2795
TXN-002239,2023-10-20,SOUTH,PROD-110,2,104.92,CUST-2740
TXN-002291,2023-10-20,SOUTH,PROD-108,1,66.77,CUST-2089
TXN-003998,2023-10-20,EAST,PROD-107,1,281.77,CUST-1606
TXN-004025,2023-10-20,EAST,PROD-102,1,123.88,CUST-2815
TXN-004078,2023-10-20,EAST,PROD-104,4,3899.96,CUST-2807
TXN-004079,2023-10-20,EAST,PROD-107,4,1168.26,CUST-2623
TXN-004095,2023-10-20,EAST,PROD-103,1,488.62,CUST-2403
TXN-004101,2023-10-20,EAST,PROD-107,5,1599.36,CUST-1595
TXN-004114,2023-10-20,EAST,PROD-120,4,550.72,CUST-2070
TXN-004165,2023-10-20,EAST,PROD-106,1,78.07,CUST-1449
TXN-004196,2023-10-20,EAST,PROD-102,5,610.83,CUST-2583
TXN-004252,2023-10-20,EAST,PROD-105,4,2343.46,CUST-1740
TXN-004273,2023-10-20,EAST,PROD-116,2,109.97,CUST-2742
TXN-004317,2023-10-20,EAST,PROD-115,5,750.47,CUST-2769
TXN-005505,2023-10-20,WEST,PROD-118,3,55.34,CUST-1550
TXN-005525,2023-10-20,WEST,PROD-108,5,330.69,CUST-1947
TXN-005541,2023-10-20,WEST,PROD-102,3,342.62,CUST-2173
TXN-005557,2023-10-20,WEST,PROD-113,3,97.31,CUST-2253
TXN-005558,2023-10-20,WEST,PROD-120,2,327.06,CUST-1242
TXN-005694,2023-10-20,WEST,PROD-101,1,2869.36,CUST-2588
TXN-005696,2023-10-20,WEST,PROD-106,1,81.86,CUST-2679
TXN-005698,2023-10-20,WEST,PROD-117,2,436.67,CUST-1557
TXN-005709,2023-10-20,WEST,PROD-105,4,2667.98,CUST-1088
TXN-005745,2023-10-20,WEST,PROD-120,5,736.11,CUST-2199
TXN-005754,2023-10-20,WEST,PROD-118,2,37.7,CUST-2540
TXN-005770,2023-10-20,WEST,PROD-118,4,82.27,CUST-2706
TXN-005773,2023-10-20,WEST,PROD-105,1,652.41,CUST-1479
TXN-005776,2023-10-20,WEST,PROD-109,5,972.98,CUST-1821
TXN-005811,2023-10-20,WEST,PROD-118,2,37.41,CUST-2648
TXN-005838,2023-10-20,WEST,PROD-119,3,1098.1,CUST-2181
TXN-005855,2023-10-20,WEST,PROD-112,2,214.28,CUST-2177
TXN-005864,2023-10-20,WEST,PROD-113,3,92.3,CUST-2085
TXN-005893,2023-10-20,WEST,PROD-112,4,399.07,CUST-1445
TXN-007217,2023-10-20,CENTRAL,PROD-112,4,363.23,CUST-2340
TXN-007226,2023-10-20,CENTRAL,PROD-119,2,665.29,CUST-1777
TXN-007274,2023-10-20,CENTRAL,PROD-115,1,137.86,CUST-1091
TXN-007315,2023-10-20,CENTRAL,PROD-117,3,593.78,CUST-1628
TXN-007364,2023-10-20,CENTRAL,PROD-118,4,79.98,CUST-1735
TXN-007372,2023-10-20,CENTRAL,PROD-107,1,286.85,CUST-2995
TXN-007389,2023-10-20,CENTRAL,PROD-118,2,39.27,CUST-2827
TXN-007415,2023-10-20,CENTRAL,PROD-108,1,69.87,CUST-2995
TXN-007462,2023-10-20,CENTRAL,PROD-109,1,178.37,CUST-1549
TXN-007465,2023-10-20,CENTRAL,PROD-117,4,720.56,CUST-2931
TXN-007488,2023-10-20,CENTRAL,PROD-101,2,6506.27,CUST-1549
TXN-007535,2023-10-20,CENTRAL,PROD-105,2,1426.81,CUST-2582
TXN-007548,2023-10-20,CENTRAL,PROD-120,5,723.08,CUST-2762
TXN-007555,2023-10-20,CENTRAL,PROD-117,1,192.81,CUST-2024
TXN-007557,2023-10-20,CENTRAL,PROD-102,4,499.02,CUST-1342
TXN-007588,2023-10-20,CENTRAL,PROD-111,3,144.93,CUST-2402
TXN-000001,2023-10-21,NORTH,PROD-104,1,943.47,CUST-1502
TXN-000030,2023-10-21,NORTH,PROD-111,1,47.93,CUST-1324
TXN-000042,2023-10-21,NORTH,PROD-112,4,431.93,CUST-1925
TXN-000082,2023-10-21,NORTH,PROD-109,2,377.35,CUST-2130
TXN-000112,2023-10-21,NORTH,PROD-120,3,413.38,CUST-2950
TXN-000178,2023-10-21,NORTH,PROD-116,1,59.09,CUST-2176
TXN-000182,2023-10-21,NORTH,PROD-102,2,223.14,CUST-2153
TXN-000188,2023-10-21,NORTH,PROD-107,3,928.85,CUST-1322
TXN-000194,2023-10-21,NORTH,PROD-105,3,2077.35,CUST-1147
TXN-000216,2023-10-21,NORTH,PROD-105,4,2824.94,CUST-1598
TXN-000246,2023-10-21,NORTH,PROD-114,3,44.58,CUST-1619
TXN-000267,2023-10-21,NORTH,PROD-114,1,13.91,CUST-2938
TXN-000277,2023-10-21,NORTH,PROD-120,1,136.51,CUST-1684
TXN-000338,2023-10-21,NORTH,PROD-103,2,1090.24,CUST-2287
TXN-000341,2023-10-21,NORTH,PROD-111,2,98.78,CUST-1961
TXN-000348,2023-10-21,NORTH,PROD-107,3,918.87,CUST-2027
TXN-000388,2023-10-21,NORTH,PROD-120,4,547.5,CUST-2714
TXN-000395,2023-10-21,NORTH,PROD-113,3,85.54,CUST-1034
TXN-000397,2023-10-21,NORTH,PROD-104,5,4711.62,CUST-1681
TXN-000399,2023-10-21,NORTH,PROD-106,4,350.73,CUST-1981
TXN-000400,2023-10-21,NORTH,PROD-106,2,146.0,CUST-2590
TXN-000414,2023-10-21,NORTH,PROD-102,1,124.1,CUST-1832
TXN-000434,2023-10-21,NORTH,PROD-103,4,1986.29,CUST-2060
TXN-001805,2023-10-21,SOUTH,PROD-115,1,140.66,CUST-1112
TXN-001827,2023-10-21,SOUTH,PROD-105,1,623.8,CUST-2641
TXN-001859,2023-10-21,SOUTH,PROD-114,4,64.14,CUST-2510
TXN-001870,2023-10-21,SOUTH,PROD-112,4,423.94,CUST-2730
TXN-001902,2023-10-21,SOUTH,PROD-107,5,1537.26,CUST-2267
TXN-001903,2023-10-21,SOUTH,PROD-115,3,484.86,CUST-2601
TXN-001904,2023-10-21,SOUTH,PROD-113,2,64.55,CUST-1173
TXN-001915,2023-10-21,SOUTH,PROD-118,5,94.63,CUST-1613
TXN-001938,2023-10-21,SOUTH,PROD-115,4,620.03,CUST-1306
TXN-001944,2023-10-21,SOUTH,PROD-118,1,18.76,CUST-2268
TXN-001990,2023-10-21,SOUTH,PROD-113,1,32.21,CUST-2166
TXN-002004,2023-10-21,SOUTH,PROD-104,1,896.38,CUST-2655
TXN-002009,2023-10-21,SOUTH,PROD-115,5,693.68,CUST-2996
TXN-002021,2023-10-21,SOUTH,PROD-117,3,582.62,CUST-1986
TXN-002034,2023-10-21,SOUTH,PROD-108,2,139.04,CUST-1437
TXN-002052,2023-10-21,SOUTH,PROD-109,2,385.29,CUST-2984
TXN-002058,2023-10-21,SOUTH,PROD-119,1,329.49,CUST-2833
TXN-002089,2023-10-21,SOUTH,PROD-110,1,46.7,CUST-2383
TXN-002104,2023-10-21,SOUTH,PROD-115,3,468.0,CUST-2458
TXN-002115,2023-10-21,SOUTH,PROD-115,4,581.2,CUST-1818
TXN-002157,2023-10-21,SOUTH,PROD-105,2,1202.63,CUST-1356
TXN-002173,2023-10-21,SOUTH,PROD-119,1,343.61,CUST-1080
TXN-002183,2023-10-21,SOUTH,PROD-113,4,124.9,CUST-2996
TXN-002257,2023-10-21,SOUTH,PROD-111,5,246.64,CUST-1305
TXN-002258,2023-10-21,SOUTH,PROD-113,2,54.39,CUST-1494
TXN-002288,2023-10-21,SOUTH,PROD-107,3,911.43,CUST-2327
TXN-002305,2023-10-21,SOUTH,PROD-112,2,207.11,CUST-1857
TXN-003973,2023-10-21,EAST,PROD-119,4,1510.03,CUST-1192
TXN-004016,2023-10-21,EAST,PROD-112,1,105.74,CUST-2533
TXN-004019,2023-10-21,EAST,PROD-110,3,142.8,CUST-1175
TXN-004060,2023-10-21,EAST,PROD-102,3,341.17,CUST-2877
TXN-004150,2023-10-21,EAST,PROD-117,2,429.73,CUST-2945
TXN-004177,2023-10-21,EAST,PROD-103,4,2157.66,CUST-2207
TXN-004202,2023-10-21,EAST,PROD-105,3,2099.14,CUST-1692
TXN-004204,2023-10-21,EAST,PROD-103,3,1454.0,CUST-2283
TXN-004320,2023-10-21,EAST,PROD-118,4,86.75,CUST-2636
TXN-005494,2023-10-21,WEST,PROD-111,4,197.97,CUST-2509
TXN-005532,2023-10-21,WEST,PROD-110,3,164.28,CUST-2205
TXN-005578,2023-10-21,WEST,PROD-105,3,1936.76,CUST-2995
TXN-005650,2023-10-21,WEST,PROD-114,1,14.37,CUST-1934
TXN-005717,2023-10-21,WEST,PROD-115,3,412.97,CUST-1859
TXN-005726,2023-10-21,WEST,PROD-109,3,593.79,CUST-2394
TXN-005769,2023-10-21,WEST,PROD-118,4,74.08,CUST-2212
TXN-005780,2023-10-21,WEST,PROD-101,4,12277.61,CUST-1838
TXN-005807,2023-10-21,WEST,PROD-116,4,198.08,CUST-1584
TXN-005849,2023-10-21,WEST,PROD-114,3,48.0,CUST-2278
TXN-005856,2023-10-21,WEST,PROD-106,4,290.63,CUST-2277
TXN-005860,2023-10-21,WEST,PROD-119,2,636.12,CUST-1586
TXN-005892,2023-10-21,WEST,PROD-104,5,4217.0,CUST-1053
TXN-007224,2023-10-21,CENTRAL,PROD-106,3,225.65,CUST-1475
TXN-007230,2023-10-21,CENTRAL,PROD-105,2,1258.65,CUST-2102
TXN-007263,2023-10-21,CENTRAL,PROD-101,1,2913.3,CUST-1831
TXN-007281,2023-10-21,CENTRAL,PROD-107,4,1220.48,CUST-2036
TXN-007337,2023-10-21,CENTRAL,PROD-107,1,280.84,CUST-1472
TXN-007358,2023-10-21,CENTRAL,PROD-105,3,1914.71,CUST-1036
TXN-007397,2023-10-21,CENTRAL,PROD-115,2,305.29,CUST-1301
TXN-007410,2023-10-21,CENTRAL,PROD-115,2,301.21,CUST-1980
TXN-007427,2023-10-21,CENTRAL,PROD-106,5,430.55,CUST-1025
TXN-007468,2023-10-21,CENTRAL,PROD-113,3,82.25,CUST-2707
TXN-007516,2023-10-21,CENTRAL,PROD-111,3,149.55,CUST-2735
TXN-007539,2023-10-21,CENTRAL,PROD-108,1,65.17,CUST-1847
TXN-007578,2023-10-21,CENTRAL,PROD-109,5,835.03,CUST-1956
TXN-007581,2023-10-21,CENTRAL,PROD-115,2,312.96,CUST-1724
TXN-007595,2023-10-21,CENTRAL,PROD-117,2,360.21,CUST-2853
TXN-000016,2023-10-22,NORTH,PROD-109,1,183.92,CUST-1351
TXN-000029,2023-10-22,NORTH,PROD-104,5,4725.74,CUST-2575
TXN-000039,2023-10-22,NORTH,PROD-116,5,256.54,CUST-2081
TXN-000047,2023-10-22,NORTH,PROD-116,2,110.84,CUST-2482
TXN-000087,2023-10-22,NORTH,PROD-108,1,67.94,CUST-2147
TXN-000097,2023-10-22,NORTH,PROD-118,3,65.24,CUST-1237
TXN-000104,2023-10-22,NORTH,PROD-111,5,240.65,CUST-2737
TXN-000120,2023-10-22,NORTH,PROD-117,5,1019.04,CUST-2946
TXN-000136,2023-10-22,NORTH,PROD-113,2,64.06,CUST-2884
TXN-000169,2023-10-22,NORTH,PROD-119,3,1044.35,CUST-2088
TXN-000201,2023-10-22,NORTH,PROD-109,5,817.2,CUST-2549
TXN-000209,2023-10-22,NORTH,PROD-118,4,78.57,CUST-1385
TXN-000270,2023-10-22,NORTH,PROD-118,4,81.36,CUST-2489
TXN-000274,2023-10-22,NORTH,PROD-112,5,540.12,CUST-2321
TXN-000283,2023-10-22,NORTH,PROD-101,2,5417.81,CUST-2618
TXN-000291,2023-10-22,NORTH,PROD-104,4,3752.89,CUST-1909
TXN-000300,2023-10-22,NORTH,PROD-116,1,50.49,CUST-1175
TXN-000317,2023-10-22,NORTH,PROD-103,3,1482.9,CUST-1869
TXN-000340,2023-10-22,NORTH,PROD-119,5,1688.07,CUST-2989
TXN-000356,2023-10-22,NORTH,PROD-120,2,289.98,CUST-2194
TXN-000357,2023-10-22,NORTH,PROD-105,3,1875.96,CUST-2344
TXN-001815,2023-10-22,SOUTH,PROD-104,3,2443.99,CUST-2396
TXN-001816,2023-10-22,SOUTH,PROD-104,4,3508.92,CUST-2903
TXN-001837,2023-10-22,SOUTH,PROD-110,2,100.44,CUST-1606
TXN-001899,2023-10-22,SOUTH,PROD-118,3,62.63,CUST-1643
TXN-001947,2023-10-22,SOUTH,PROD-118,2,43.68,CUST-1564
TXN-001997,2023-10-22,SOUTH,PROD-102,3,355.11,CUST-1834
TXN-002083,2023-10-22,SOUTH,PROD-113,5,143.94,CUST-2203
TXN-002093,2023-10-22,SOUTH,PROD-117,1,198.18,CUST-1755
TXN-002123,2023-10-22,SOUTH,PROD-109,2,355.71,CUST-1365
TXN-002182,2023-10-22,SOUTH,PROD-106,1,73.86,CUST-1190
TXN-002205,2023-10-22,SOUTH,PROD-111,3,159.47,CUST-2928
TXN-002211,2023-10-22,SOUTH,PROD-116,5,270.17,CUST-1385
TXN-002221,2023-10-22,SOUTH,PROD-103,1,493.48,CUST-2466
TXN-002235,2023-10-22,SOUTH,PROD-105,5,3356.38,CUST-2210
TXN-002255,2023-10-22,SOUTH,PROD-106,1,73.53,CUST-2996
TXN-002277,2023-10-22,SOUTH,PROD-101,2,5760.7,CUST-2938
TXN-002303,2023-10-22,SOUTH,PROD-117,2,412.58,CUST-1293
TXN-004105,2023-10-22,EAST,PROD-118,5,92.68,CUST-1095
TXN-004127,2023-10-22,EAST,PROD-120,3,463.49,CUST-2841
TXN-004145,2023-10-22,EAST,PROD-107,5,1450.4,CUST-2986
TXN-004197,2023-10-22,EAST,PROD-109,2,354.94,CUST-2248
TXN-004211,2023-10-22,EAST,PROD-115,4,613.21,CUST-2009
TXN-004225,2023-10-22,EAST,PROD-118,5,106.88,CUST-2617
TXN-004271,2023-10-22,EAST,PROD-104,3,2593.73,CUST-2744
TXN-004310,2023-10-22,EAST,PROD-120,4,631.13,CUST-2866
TXN-005538,2023-10-22,WEST,PROD-104,5,4913.79,CUST-2730
TXN-005594,2023-10-22,WEST,PROD-119,2,680.72,CUST-2893
TXN-005673,2023-10-22,WEST,PROD-120,1,146.61,CUST-2539
TXN-005678,2023-10-22,WEST,PROD-110,5,231.86,CUST-2697
TXN-005681,2023-10-22,WEST,PROD-115,1,147.2,CUST-1422
TXN-005693,2023-10-22,WEST,PROD-108,3,201.68,CUST-2311
TXN-005700,2023-10-22,WEST,PROD-108,1,72.75,CUST-2604
TXN-005771,2023-10-22,WEST,PROD-113,3,83.85,CUST-2610
TXN-005772,2023-10-22,WEST,PROD-105,3,2109.32,CUST-1675
TXN-005827,2023-10-22,WEST,PROD-105,4,2536.82,CUST-1198
TXN-005888,2023-10-22,WEST,PROD-118,4,78.3,CUST-2956
TXN-007209,2023-10-22,CENTRAL,PROD-119,2,671.43,CUST-1692
TXN-007223,2023-10-22,CENTRAL,PROD-102,4,483.77,CUST-2846
TXN-007258,2023-10-22,CENTRAL,PROD-106,1,73.31,CUST-2818
TXN-007264,2023-10-22,CENTRAL,PROD-119,4,1330.76,CUST-1350
TXN-007298,2023-10-22,CENTRAL,PROD-102,2,245.42,CUST-2171
TXN-007365,2023-10-22,CENTRAL,PROD-114,5,74.13,CUST-2797
TXN-007376,2023-10-22,CENTRAL,PROD-112,4,434.43,CUST-1094
TXN-007425,2023-10-22,CENTRAL,PROD-112,5,506.34,CUST-1090
TXN-007518,2023-10-22,CENTRAL,PROD-105,4,2701.68,CUST-1203
TXN-007531,2023-10-22,CENTRAL,PROD-107,1,273.67,CUST-2363
TXN-007565,2023-10-22,CENTRAL,PROD-120,5,760.12,CUST-2003
TXN-007570,2023-10-22,CENTRAL,PROD-103,1,456.43,CUST-2384
TXN-007580,2023-10-22,CENTRAL,PROD-117,5,940.5,CUST-1352
TXN-000007,2023-10-23,NORTH,PROD-114,3,42.97,CUST-1441
TXN-000083,2023-10-23,NORTH,PROD-114,5,67.6,CUST-1155
TXN-000092,2023-10-23,NORTH,PROD-104,4,3867.92,CUST-2759
TXN-000102,2023-10-23,NORTH,PROD-114,1,15.05,CUST-2652
TXN-000128,2023-10-23,NORTH,PROD-107,1,294.88,CUST-1678
TXN-000147,2023-10-23,NORTH,PROD-109,3,504.09,CUST-2244
TXN-000167,2023-10-23,NORTH,PROD-116,4,232.85,CUST-1191
TXN-000227,2023-10-23,NORTH,PROD-113,4,131.68,CUST-2623
TXN-000235,2023-10-23,NORTH,PROD-116,5,249.43,CUST-1141
TXN-000294,2023-10-23,NORTH,PROD-111,4,219.74,CUST-2087
TXN-000311,2023-10-23,NORTH,PROD-110,3,145.5,CUST-1372
TXN-000325,2023-10-23,NORTH,PROD-108,5,354.06,CUST-2369
TXN-000329,2023-10-23,NORTH,PROD-114,3,41.51,CUST-1043
TXN-000358,2023-10-23,NORTH,PROD-113,2,61.12,CUST-2922
TXN-000376,2023-10-23,NORTH,PROD-117,1,191.39,CUST-2563
TXN-000428,2023-10-23,NORTH,PROD-106,3,240.39,CUST-1249
TXN-000449,2023-10-23,NORTH,PROD-102,2,237.08,CUST-1992
TXN-000470,2023-10-23,NORTH,PROD-111,4,200.73,CUST-1306
TXN-001807,2023-10-23,SOUTH,PROD-115,4,553.89,CUST-2834
TXN-001898,2023-10-23,SOUTH,PROD-117,3,590.29,CUST-2815
TXN-001925,2023-10-23,SOUTH,PROD-115,2,328.06,CUST-2052
TXN-001976,2023-10-23,SOUTH,PROD-115,3,427.11,CUST-1659
TXN-001980,2023-10-23,SOUTH,PROD-116,4,221.64,CUST-2613
TXN-001989,2023-10-23,SOUTH,PROD-120,2,270.41,CUST-2682
TXN-002011,2023-10-23,SOUTH,PROD-103,2,912.38,CUST-2644
TXN-002047,2023-10-23,SOUTH,PROD-103,1,464.43,CUST-2893
TXN-002057,2023-10-23,SOUTH,PROD-116,4,209.77,CUST-1822
TXN-002177,2023-10-23,SOUTH,PROD-112,1,103.01,CUST-2898
TXN-002191,2023-10-23,SOUTH,PROD-114,5,73.7,CUST-1591
TXN-002193,2023-10-23,SOUTH,PROD-105,2,1296.46,CUST-2030
TXN-002208,2023-10-23,SOUTH,PROD-113,2,54.29,CUST-1252
TXN-002241,2023-10-23,SOUTH,PROD-104,3,2968.27,CUST-2447
TXN-002252,2023-10-23,SOUTH,PROD-116,3,178.08,CUST-1430
TXN-002266,2023-10-23,SOUTH,PROD-114,3,45.61,CUST-1204
TXN-002268,2023-10-23,SOUTH,PROD-101,4,12134.5,CUST-2099
TXN-002281,2023-10-23,SOUTH,PROD-104,1,852.67,CUST-1386
TXN-002306,2023-10-23,SOUTH,PROD-115,2,296.32,CUST-1725
TXN-004009,2023-10-23,EAST,PROD-103,5,2323.86,CUST-1906
TXN-004032,2023-10-23,EAST,PROD-102,4,437.06,CUST-1426
TXN-004043,2023-10-23,EAST,PROD-113,5,155.29,CUST-2487
TXN-004059,2023-10-23,EAST,PROD-102,3,326.68,CUST-2407
TXN-004131,2023-10-23,EAST,PROD-119,5,1726.9,CUST-1062
TXN-004251,2023-10-23,EAST,PROD-119,5,1740.46,CUST-1124
TXN-004264,2023-10-23,EAST,PROD-114,3,40.7,CUST-2910
TXN-004274,2023-10-23,EAST,PROD-108,4,277.1,CUST-2306
TXN-005496,2023-10-23,WEST,PROD-111,3,142.61,CUST-1894
TXN-005526,2023-10-23,WEST,PROD-106,4,299.49,CUST-2764
TXN-005530,2023-10-23,WEST,PROD-114,4,58.7,CUST-1679
TXN-005565,2023-10-23,WEST,PROD-108,1,69.73,CUST-1476
TXN-005573,2023-10-23,WEST,PROD-104,1,873.68,CUST-1472
TXN-005617,2023-10-23,WEST,PROD-117,3,541.21,CUST-2173
TXN-005624,2023-10-23,WEST,PROD-104,4,3491.22,CUST-2844
TXN-005643,2023-10-23,WEST,PROD-109,1,185.49,CUST-2961
TXN-005657,2023-10-23,WEST,PROD-103,5,2436.33,CUST-2060
TXN-005737,2023-10-23,WEST,PROD-114,3,44.98,CUST-1163
TXN-005738,2023-10-23,WEST,PROD-118,4,84.59,CUST-2596
TXN-005756,2023-10-23,WEST,PROD-116,4,224.84,CUST-1763
TXN-005764,2023-10-23,WEST,PROD-115,4,557.58,CUST-2264
TXN-005818,2023-10-23,WEST,PROD-120,2,322.0,CUST-2480
TXN-005825,2023-10-23,WEST,PROD-104,5,4679.31,CUST-1190
TXN-005835,2023-10-23,WEST,PROD-102,5,621.42,CUST-2391
TXN-005857,2023-10-23,WEST,PROD-118,4,72.65,CUST-2768
TXN-005880,2023-10-23,WEST,PROD-113,3,94.14,CUST-1749
TXN-007229,2023-10-23,CENTRAL,PROD-108,1,68.57,CUST-1705
TXN-007250,2023-10-23,CENTRAL,PROD-103,3,1590.4,CUST-2650
TXN-007256,2023-10-23,CENTRAL,PROD-102,2,241.28,CUST-1640
TXN-007270,2023-10-23,CENTRAL,PROD-101,4,10917.5,CUST-1181
TXN-007310,2023-10-23,CENTRAL,PROD-104,4,3372.69,CUST-1374
TXN-007329,2023-10-23,CENTRAL,PROD-102,4,474.48,CUST-1745
TXN-007416,2023-10-23,CENTRAL,PROD-109,1,177.75,CUST-2164
TXN-007419,2023-10-23,CENTRAL,PROD-107,3,827.93,CUST-2241
TXN-007429,2023-10-23,CENTRAL,PROD-118,1,21.39,CUST-1446
TXN-007436,2023-10-23,CENTRAL,PROD-118,2,37.99,CUST-2115
TXN-007471,2023-10-23,CENTRAL,PROD-118,1,19.38,CUST-2896
TXN-007511,2023-10-23,CENTRAL,PROD-104,4,3338.06,CUST-1051
TXN-007589,2023-10-23,CENTRAL,PROD-101,1,3274.19,CUST-2813
TXN-007591,2023-10-23,CENTRAL,PROD-118,3,62.49,CUST-1264
TXN-000010,2023-10-24,NORTH,PROD-115,5,693.68,CUST-2889
TXN-000023,2023-10-24,NORTH,PROD-118,5,95.21,CUST-2198
TXN-000051,2023-10-24,NORTH,PROD-102,1,109.45,CUST-2492
TXN-000062,2023-10-24,NORTH,PROD-111,1,45.49,CUST-1977
TXN-000123,2023-10-24,NORTH,PROD-116,4,209.37,CUST-1507
TXN-000172,2023-10-24,NORTH,PROD-107,3,831.49,CUST-2098
TXN-000199,2023-10-24,NORTH,PROD-111,5,237.47,CUST-1188
TXN-000253,2023-10-24,NORTH,PROD-105,1,702.43,CUST-2324
TXN-000255,2023-10-24,NORTH,PROD-105,1,703.24,CUST-1670
TXN-000256,2023-10-24,NORTH,PROD-114,2,28.19,CUST-2611
TXN-000365,2023-10-24,NORTH,PROD-117,1,206.47,CUST-2795
TXN-000368,2023-10-24,NORTH,PROD-115,1,147.32,CUST-2386
TXN-000369,2023-10-24,NORTH,PROD-108,4,286.15,CUST-2541
TXN-000370,2023-10-24,NORTH,PROD-115,2,302.02,CUST-1634
TXN-000413,2023-10-24,NORTH,PROD-112,5,549.76,CUST-1563
TXN-000443,2023-10-24,NORTH,PROD-120,3,480.8,CUST-2155
TXN-000463,2023-10-24,NORTH,PROD-112,4,389.24,CUST-1821
TXN-001810,2023-10-24,SOUTH,PROD-105,1,630.44,CUST-1418
TXN-001849,2023-10-24,SOUTH,PROD-120,4,576.3,CUST-2666
TXN-001869,2023-10-24,SOUTH,PROD-113,4,127.95,CUST-2379
TXN-001885,2023-10-24,SOUTH,PROD-110,4,210.44,CUST-2021
TXN-001886,2023-10-24,SOUTH,PROD-104,2,1852.93,CUST-1686
TXN-001906,2023-10-24,SOUTH,PROD-105,5,3569.7,CUST-1582
TXN-001913,2023-10-24,SOUTH,PROD-101,4,11613.51,CUST-1484
TXN-001917,2023-10-24,SOUTH,PROD-108,1,67.58,CUST-2193
TXN-001992,2023-10-24,SOUTH,PROD-119,5,1772.75,CUST-1134
TXN-002022,2023-10-24,SOUTH,PROD-120,4,562.27,CUST-1282
TXN-002041,2023-10-24,SOUTH,PROD-106,3,256.65,CUST-1504
TXN-002076,2023-10-24,SOUTH,PROD-107,4,1136.06,CUST-2203
TXN-002144,2023-10-24,SOUTH,PROD-108,5,356.07,CUST-1028
TXN-002171,2023-10-24,SOUTH,PROD-112,4,392.33,CUST-1852
TXN-002176,2023-10-24,SOUTH,PROD-112,5,520.86,CUST-2301
TXN-002192,2023-10-24,SOUTH,PROD-114,2,28.04,CUST-1382
TXN-002225,2023-10-24,SOUTH,PROD-116,1,58.24,CUST-1682
TXN-002228,2023-10-24,SOUTH,PROD-113,5,163.93,CUST-1895
TXN-002284,2023-10-24,SOUTH,PROD-120,4,548.89,CUST-1523
TXN-003982,2023-10-24,EAST,PROD-104,5,4069.18,CUST-1564
TXN-003984,2023-10-24,EAST,PROD-106,2,170.45,CUST-1405
TXN-004001,2023-10-24,EAST,PROD-118,1,20.23,CUST-1809
TXN-004045,2023-10-24,EAST,PROD-110,4,191.87,CUST-1043
TXN-004085,2023-10-24,EAST,PROD-106,2,163.39,CUST-2036
TXN-004102,2023-10-24,EAST,PROD-102,1,113.8,CUST-2836
TXN-004125,2023-10-24,EAST,PROD-107,3,911.07,CUST-2484
TXN-004157,2023-10-24,EAST,PROD-116,4,238.57,CUST-1330
TXN-004180,2023-10-24,EAST,PROD-116,5,271.54,CUST-2553
TXN-004244,2023-10-24,EAST,PROD-106,3,245.7,CUST-1440
TXN-004276,2023-10-24,EAST,PROD-101,2,5839.53,CUST-2056
TXN-004277,2023-10-24,EAST,PROD-106,3,229.79,CUST-2945
TXN-004297,2023-10-24,EAST,PROD-114,2,32.71,CUST-2501
TXN-004303,2023-10-24,EAST,PROD-115,4,566.23,CUST-2656
TXN-004315,2023-10-24,EAST,PROD-102,5,562.57,CUST-1078
TXN-004319,2023-10-24,EAST,PROD-112,5,485.69,CUST-1485
TXN-005510,2023-10-24,WEST,PROD-114,5,79.37,CUST-1029
TXN-005524,2023-10-24,WEST,PROD-120,5,723.71,CUST-2432
TXN-005554,2023-10-24,WEST,PROD-118,2,36.96,CUST-2704
TXN-005566,2023-10-24,WEST,PROD-113,2,65.31,CUST-2751
TXN-005590,2023-10-24,WEST,PROD-117,5,938.37,CUST-2514
TXN-005609,2023-10-24,WEST,PROD-103,5,2359.76,CUST-1760
TXN-005640,2023-10-24,WEST,PROD-108,4,299.11,CUST-1281
TXN-005658,2023-10-24,WEST,PROD-120,5,679.99,CUST-1123
TXN-005669,2023-10-24,WEST,PROD-106,4,314.22,CUST-2757
TXN-005677,2023-10-24,WEST,PROD-111,3,160.41,CUST-2729
TXN-005728,2023-10-24,WEST,PROD-110,2,95.95,CUST-2347
TXN-005765,2023-10-24,WEST,PROD-103,3,1572.33,CUST-2355
TXN-005843,2023-10-24,WEST,PROD-118,3,54.17,CUST-1766
TXN-005861,2023-10-24,WEST,PROD-118,5,95.58,CUST-1585
TXN-005885,2023-10-24,WEST,PROD-110,4,203.19,CUST-1880
TXN-007196,2023-10-24,CENTRAL,PROD-115,3,487.08,CUST-2024
TXN-007200,2023-10-24,CENTRAL,PROD-107,1,302.47,CUST-1706
TXN-007212,2023-10-24,CENTRAL,PROD-114,1,16.02,CUST-1777
TXN-007213,2023-10-24,CENTRAL,PROD-119,5,1638.65,CUST-2773
TXN-007275,2023-10-24,CENTRAL,PROD-104,5,4439.01,CUST-2248
TXN-007321,2023-10-24,CENTRAL,PROD-108,4,270.13,CUST-1088
TXN-007322,2023-10-24,CENTRAL,PROD-107,2,612.59,CUST-1033
TXN-007381,2023-10-24,CENTRAL,PROD-118,1,20.68,CUST-2933
TXN-007448,2023-10-24,CENTRAL,PROD-116,4,222.61,CUST-2371
TXN-007519,2023-10-24,CENTRAL,PROD-118,4,78.32,CUST-2531
TXN-007577,2023-10-24,CENTRAL,PROD-117,2,406.22,CUST-1341
TXN-000019,2023-10-25,NORTH,PROD-102,2,255.43,CUST-2649
TXN-000034,2023-10-25,NORTH,PROD-106,5,436.23,CUST-2890
TXN-000113,2023-10-25,NORTH,PROD-108,3,198.41,CUST-1408
TXN-000121,2023-10-25,NORTH,PROD-115,5,797.2,CUST-2827
TXN-000144,2023-10-25,NORTH,PROD-102,1,130.78,CUST-1409
TXN-000158,2023-10-25,NORTH,PROD-116,4,217.13,CUST-2498
TXN-000161,2023-10-25,NORTH,PROD-115,5,766.5,CUST-1777
TXN-000279,2023-10-25,NORTH,PROD-118,2,40.67,CUST-2666
TXN-000309,2023-10-25,NORTH,PROD-120,5,776.19,CUST-2141
TXN-000319,2023-10-25,NORTH,PROD-117,1,193.8,CUST-1228
TXN-000366,2023-10-25,NORTH,PROD-120,2,305.81,CUST-1316
TXN-000404,2023-10-25,NORTH,PROD-107,3,874.23,CUST-2600
TXN-000436,2023-10-25,NORTH,PROD-105,4,2601.45,CUST-2779
TXN-000445,2023-10-25,NORTH,PROD-119,3,1081.71,CUST-2571
TXN-000452,2023-10-25,NORTH,PROD-112,5,506.11,CUST-1654
TXN-001804,2023-10-25,SOUTH,PROD-105,5,3479.42,CUST-2347
TXN-001922,2023-10-25,SOUTH,PROD-113,3,91.49,CUST-2304
TXN-001984,2023-10-25,SOUTH,PROD-101,1,2977.61,CUST-2918
TXN-001986,2023-10-25,SOUTH,PROD-109,3,506.66,CUST-2672
TXN-002055,2023-10-25,SOUTH,PROD-117,3,599.8,CUST-1951
TXN-002079,2023-10-25,SOUTH,PROD-114,2,29.61,CUST-2747
TXN-002141,2023-10-25,SOUTH,PROD-105,3,1823.35,CUST-2560
TXN-002152,2023-10-25,SOUTH,PROD-101,2,6416.3,CUST-1679
TXN-002196,2023-10-25,SOUTH,PROD-107,3,986.9,CUST-2786
TXN-002201,2023-10-25,SOUTH,PROD-101,5,15867.57,CUST-1086
TXN-002204,2023-10-25,SOUTH,PROD-111,5,246.42,CUST-1760
TXN-002250,2023-10-25,SOUTH,PROD-119,1,374.48,CUST-2454
TXN-003976,2023-10-25,EAST,PROD-108,1,69.65,CUST-1568
TXN-003988,2023-10-25,EAST,PROD-110,4,186.12,CUST-1130
TXN-004014,2023-10-25,EAST,PROD-119,1,320.78,CUST-1390
TXN-004035,2023-10-25,EAST,PROD-120,5,702.67,CUST-1133
TXN-004041,2023-10-25,EAST,PROD-107,5,1544.27,CUST-1819
TXN-004051,2023-10-25,EAST,PROD-110,1,46.86,CUST-2616
TXN-004070,2023-10-25,EAST,PROD-117,4,841.3,CUST-1671
TXN-004120,2023-10-25,EAST,PROD-108,3,221.75,CUST-2590
TXN-004124,2023-10-25,EAST,PROD-114,1,15.42,CUST-1357
TXN-004129,2023-10-25,EAST,PROD-101,3,9590.39,CUST-2838
TXN-004139,2023-10-25,EAST,PROD-109,4,725.93,CUST-1493
TXN-004166,2023-10-25,EAST,PROD-114,2,31.93,CUST-2372
TXN-004210,2023-10-25,EAST,PROD-103,5,2281.69,CUST-2286
TXN-004221,2023-10-25,EAST,PROD-111,3,143.02,CUST-1374
TXN-004236,2023-10-25,EAST,PROD-116,3,175.69,CUST-1460
TXN-004254,2023-10-25,EAST,PROD-112,4,372.99,CUST-1281
TXN-004256,2023-10-25,EAST,PROD-114,4,54.66,CUST-1665
TXN-004306,2023-10-25,EAST,PROD-116,5,286.8,CUST-1239
TXN-005514,2023-10-25,WEST,PROD-101,2,6367.45,CUST-1165
TXN-005562,2023-10-25,WEST,PROD-109,1,182.38,CUST-2847
TXN-005610,2023-10-25,WEST,PROD-107,5,1535.7,CUST-1276
TXN-005655,2023-10-25,WEST,PROD-108,4,282.95,CUST-2658
TXN-005705,2023-10-25,WEST,PROD-102,1,117.1,CUST-2743
TXN-005715,2023-10-25,WEST,PROD-101,1,2974.58,CUST-2058
TXN-005723,2023-10-25,WEST,PROD-106,4,300.42,CUST-2846
TXN-005734,2023-10-25,WEST,PROD-115,1,138.95,CUST-2545
TXN-005736,2023-10-25,WEST,PROD-110,1,48.51,CUST-1456
TXN-005761,2023-10-25,WEST,PROD-120,1,139.63,CUST-1259
TXN-005798,2023-10-25,WEST,PROD-120,1,158.58,CUST-2290
TXN-005813,2023-10-25,WEST,PROD-106,1,75.81,CUST-1762
TXN-005836,2023-10-25,WEST,PROD-105,2,1190.76,CUST-2538
TXN-005841,2023-10-25,WEST,PROD-119,4,1518.35,CUST-1745
TXN-005872,2023-10-25,WEST,PROD-114,4,54.16,CUST-1403
TXN-007216,2023-10-25,CENTRAL,PROD-115,4,646.8,CUST-1900
TXN-007292,2023-10-25,CENTRAL,PROD-114,4,59.72,CUST-2807
TXN-007293,2023-10-25,CENTRAL,PROD-109,3,506.63,CUST-1627
TXN-007305,2023-10-25,CENTRAL,PROD-105,2,1265.13,CUST-2217
TXN-007354,2023-10-25,CENTRAL,PROD-103,5,2606.42,CUST-1964
TXN-007378,2023-10-25,CENTRAL,PROD-118,5,105.12,CUST-1779
TXN-007385,2023-10-25,CENTRAL,PROD-101,5,14165.79,CUST-2575
TXN-007387,2023-10-25,CENTRAL,PROD-120,5,769.27,CUST-2167
TXN-007413,2023-10-25,CENTRAL,PROD-102,1,108.71,CUST-1163
TXN-007418,2023-10-25,CENTRAL,PROD-113,2,60.12,CUST-2017
TXN-007431,2023-10-25,CENTRAL,PROD-109,4,739.38,CUST-1069
TXN-007449,2023-10-25,CENTRAL,PROD-107,3,821.38,CUST-1093
TXN-007451,2023-10-25,CENTRAL,PROD-103,5,2301.78,CUST-2934
TXN-007487,2023-10-25,CENTRAL,PROD-114,1,16.47,CUST-1570
TXN-007558,2023-10-25,CENTRAL,PROD-116,5,273.79,CUST-2249
TXN-007582,2023-10-25,CENTRAL,PROD-110,5,242.4,CUST-1377
TXN-000100,2023-10-26,NORTH,PROD-111,4,204.21,CUST-2048
TXN-000134,2023-10-26,NORTH,PROD-120,2,299.27,CUST-1559
TXN-000153,2023-10-26,NORTH,PROD-102,3,362.33,CUST-2355
TXN-000284,2023-10-26,NORTH,PROD-108,5,337.62,CUST-1357
TXN-000296,2023-10-26,NORTH,PROD-104,5,4698.7,CUST-1441
TXN-000302,2023-10-26,NORTH,PROD-105,5,2963.94,CUST-2960
TXN-000326,2023-10-26,NORTH,PROD-112,1,97.93,CUST-2520
TXN-000402,2023-10-26,NORTH,PROD-107,1,288.93,CUST-1636
TXN-001787,2023-10-26,SOUTH,PROD-105,1,622.72,CUST-1537
TXN-001794,2023-10-26,SOUTH,PROD-120,1,135.15,CUST-2034
TXN-001822,2023-10-26,SOUTH,PROD-110,3,158.91,CUST-2524
TXN-001836,2023-10-26,SOUTH,PROD-116,3,153.38,CUST-1262
TXN-001854,2023-10-26,SOUTH,PROD-118,2,36.67,CUST-2577
TXN-001892,2023-10-26,SOUTH,PROD-114,4,64.97,CUST-2840
TXN-001914,2023-10-26,SOUTH,PROD-119,5,1825.07,CUST-2921
TXN-001948,2023-10-26,SOUTH,PROD-107,2,639.54,CUST-2719
TXN-001964,2023-10-26,SOUTH,PROD-105,3,1976.59,CUST-1914
TXN-002023,2023-10-26,SOUTH,PROD-102,1,111.06,CUST-2198
TXN-002065,2023-10-26,SOUTH,PROD-116,3,157.48,CUST-1051
TXN-002077,2023-10-26,SOUTH,PROD-118,4,83.52,CUST-1945
TXN-002105,2023-10-26,SOUTH,PROD-110,4,204.48,CUST-2659
TXN-002188,2023-10-26,SOUTH,PROD-112,2,190.74,CUST-1430
TXN-002229,2023-10-26,SOUTH,PROD-108,2,133.24,CUST-1596
TXN-002240,2023-10-26,SOUTH,PROD-102,5,578.37,CUST-2029
TXN-002265,2023-10-26,SOUTH,PROD-119,2,683.73,CUST-2321
TXN-002269,2023-10-26,SOUTH,PROD-117,4,730.19,CUST-2715
TXN-002307,2023-10-26,SOUTH,PROD-115,5,717.98,CUST-2951
TXN-004029,2023-10-26,EAST,PROD-109,5,850.96,CUST-1659
TXN-004031,2023-10-26,EAST,PROD-119,4,1464.25,CUST-2132
TXN-004090,2023-10-26,EAST,PROD-111,2,99.83,CUST-1810
TXN-004111,2023-10-26,EAST,PROD-106,4,336.36,CUST-2447
TXN-004113,2023-10-26,EAST,PROD-113,3,95.91,CUST-2315
TXN-004134,2023-10-26,EAST,PROD-118,4,81.13,CUST-1706
TXN-004136,2023-10-26,EAST,PROD-114,1,15.51,CUST-2405
TXN-004232,2023-10-26,EAST,PROD-112,1,94.46,CUST-2925
TXN-004241,2023-10-26,EAST,PROD-102,1,128.11,CUST-1431
TXN-004249,2023-10-26,EAST,PROD-103,1,527.62,CUST-1364
TXN-004262,2023-10-26,EAST,PROD-120,3,420.97,CUST-1264
TXN-004275,2023-10-26,EAST,PROD-115,3,462.85,CUST-1307
TXN-004301,2023-10-26,EAST,PROD-119,5,1646.07,CUST-2139
TXN-004314,2023-10-26,EAST,PROD-104,2,1905.54,CUST-1814
TXN-004323,2023-10-26,EAST,PROD-119,3,967.96,CUST-1137
TXN-005509,2023-10-26,WEST,PROD-106,2,144.93,CUST-1370
TXN-005553,2023-10-26,WEST,PROD-118,1,19.38,CUST-2530
TXN-005592,2023-10-26,WEST,PROD-116,2,107.88,CUST-1353
TXN-005629,2023-10-26,WEST,PROD-109,5,862.57,CUST-2278
TXN-005720,2023-10-26,WEST,PROD-116,4,215.21,CUST-1032
TXN-005725,2023-10-26,WEST,PROD-120,4,615.58,CUST-1377
TXN-005793,2023-10-26,WEST,PROD-110,3,143.22,CUST-1919
TXN-005869,2023-10-26,WEST,PROD-114,1,15.92,CUST-2722
TXN-005895,2023-10-26,WEST,PROD-105,2,1317.02,CUST-2763
TXN-005907,2023-10-26,WEST,PROD-116,3,175.52,CUST-2766
TXN-007204,2023-10-26,CENTRAL,PROD-116,4,234.56,CUST-1216
TXN-007248,2023-10-26,CENTRAL,PROD-116,5,276.3,CUST-1992
TXN-007286,2023-10-26,CENTRAL,PROD-115,3,479.71,CUST-1942
TXN-007330,2023-10-26,CENTRAL,PROD-109,5,850.39,CUST-1403
TXN-007350,2023-10-26,CENTRAL,PROD-102,4,505.94,CUST-1155
TXN-007395,2023-10-26,CENTRAL,PROD-112,4,376.54,CUST-1622
TXN-007401,2023-10-26,CENTRAL,PROD-108,1,72.47,CUST-1204
TXN-007403,2023-10-26,CENTRAL,PROD-106,4,294.86,CUST-1580
TXN-007420,2023-10-26,CENTRAL,PROD-113,2,55.72,CUST-1318
TXN-007446,2023-10-26,CENTRAL,PROD-120,2,314.0,CUST-2735
TXN-007470,2023-10-26,CENTRAL,PROD-115,3,426.01,CUST-1134
TXN-007496,2023-10-26,CENTRAL,PROD-119,5,1637.99,CUST-2284
TXN-007505,2023-10-26,CENTRAL,PROD-113,5,148.55,CUST-1190
TXN-007507,2023-10-26,CENTRAL,PROD-104,4,3900.49,CUST-1800
TXN-000015,2023-10-27,NORTH,PROD-112,2,194.79,CUST-1430
TXN-000033,2023-10-27,NORTH,PROD-117,5,939.74,CUST-1766
TXN-000038,2023-10-27,NORTH,PROD-103,5,2632.86,CUST-1263
TXN-000056,2023-10-27,NORTH,PROD-101,1,3255.81,CUST-2739
TXN-000124,2023-10-27,NORTH,PROD-109,5,897.18,CUST-1490
TXN-000133,2023-10-27,NORTH,PROD-114,5,78.66,CUST-2119
TXN-000145,2023-10-27,NORTH,PROD-101,5,13957.1,CUST-1259
TXN-000175,2023-10-27,NORTH,PROD-107,3,850.92,CUST-1368
TXN-000228,2023-10-27,NORTH,PROD-105,4,2841.66,CUST-1259
TXN-000258,2023-10-27,NORTH,PROD-106,3,259.84,CUST-2934
TXN-000336,2023-10-27,NORTH,PROD-105,2,1196.71,CUST-1525
TXN-000350,2023-10-27,NORTH,PROD-111,1,50.04,CUST-1354
TXN-000374,2023-10-27,NORTH,PROD-107,5,1391.47,CUST-1513
TXN-000378,2023-10-27,NORTH,PROD-114,1,16.33,CUST-1455
TXN-000379,2023-10-27,NORTH,PROD-115,3,488.71,CUST-1850
TXN-000473,2023-10-27,NORTH,PROD-110,5,241.77,CUST-2697
TXN-001887,2023-10-27,SOUTH,PROD-105,1,695.31,CUST-1900
TXN-001911,2023-10-27,SOUTH,PROD-112,3,307.59,CUST-1726
TXN-001924,2023-10-27,SOUTH,PROD-106,2,160.17,CUST-1993
TXN-001937,2023-10-27,SOUTH,PROD-120,2,315.7,CUST-2034
TXN-001968,2023-10-27,SOUTH,PROD-115,5,718.34,CUST-2991
TXN-001982,2023-10-27,SOUTH,PROD-115,1,145.58,CUST-2665
TXN-002028,2023-10-27,SOUTH,PROD-118,1,19.68,CUST-1401
TXN-002071,2023-10-27,SOUTH,PROD-109,2,374.79,CUST-1283
TXN-002082,2023-10-27,SOUTH,PROD-112,3,283.5,CUST-1872
TXN-002120,2023-10-27,SOUTH,PROD-106,2,170.81,CUST-2244
TXN-002136,2023-10-27,SOUTH,PROD-109,5,876.37,CUST-1138
TXN-002179,2023-10-27,SOUTH,PROD-112,1,103.94,CUST-2322
TXN-002190,2023-10-27,SOUTH,PROD-116,1,50.56,CUST-2585
TXN-002210,2023-10-27,SOUTH,PROD-108,3,207.95,CUST-2406
TXN-002238,2023-10-27,SOUTH,PROD-108,4,290.04,CUST-1302
TXN-002246,2023-10-27,SOUTH,PROD-106,1,80.76,CUST-1692
TXN-002261,2023-10-27,SOUTH,PROD-113,3,92.35,CUST-1912
TXN-002289,2023-10-27,SOUTH,PROD-117,5,932.76,CUST-2683
TXN-003978,2023-10-27,EAST,PROD-107,4,1292.95,CUST-1205
TXN-003989,2023-10-27,EAST,PROD-106,4,312.16,CUST-1351
TXN-004007,2023-10-27,EAST,PROD-106,1,78.83,CUST-2742
TXN-004008,2023-10-27,EAST,PROD-107,2,636.32,CUST-1452
TXN-004049,2023-10-27,EAST,PROD-113,3,97.99,CUST-2294
TXN-004144,2023-10-27,EAST,PROD-113,5,141.01,CUST-1167
TXN-004146,2023-10-27,EAST,PROD-101,1,3267.2,CUST-1769
TXN-004172,2023-10-27,EAST,PROD-104,4,3438.24,CUST-1109
TXN-004245,2023-10-27,EAST,PROD-114,4,62.69,CUST-2947
TXN-004268,2023-10-27,EAST,PROD-104,3,2898.95,CUST-1142
TXN-004280,2023-10-27,EAST,PROD-103,2,940.02,CUST-1294
TXN-004312,2023-10-27,EAST,PROD-111,2,101.57,CUST-2144
TXN-004321,2023-10-27,EAST,PROD-102,2,216.81,CUST-1619
TXN-005506,2023-10-27,WEST,PROD-118,4,81.19,CUST-1477
TXN-005531,2023-10-27,WEST,PROD-106,4,343.19,CUST-2133
TXN-005584,2023-10-27,WEST,PROD-119,2,764.61,CUST-2804
TXN-005625,2023-10-27,WEST,PROD-110,1,54.14,CUST-1403
TXN-005667,2023-10-27,WEST,PROD-113,4,124.78,CUST-2818
TXN-005675,2023-10-27,WEST,PROD-106,5,415.44,CUST-2779
TXN-005685,2023-10-27,WEST,PROD-120,1,155.18,CUST-2161
TXN-005686,2023-10-27,WEST,PROD-118,2,39.9,CUST-2151
TXN-005727,2023-10-27,WEST,PROD-116,1,50.38,CUST-1023
TXN-005747,2023-10-27,WEST,PROD-116,2,101.95,CUST-1104
TXN-005790,2023-10-27,WEST,PROD-120,5,764.59,CUST-1146
TXN-005846,2023-10-27,WEST,PROD-102,4,454.67,CUST-1812
TXN-005898,2023-10-27,WEST,PROD-113,4,116.99,CUST-2761
TXN-007265,2023-10-27,CENTRAL,PROD-102,2,257.63,CUST-1816
TXN-007317,2023-10-27,CENTRAL,PROD-111,5,245.81,CUST-1851
TXN-007335,2023-10-27,CENTRAL,PROD-117,1,215.67,CUST-1505
TXN-007343,2023-10-27,CENTRAL,PROD-105,3,1792.35,CUST-1059
TXN-007359,2023-10-27,CENTRAL,PROD-114,1,15.72,CUST-1275
TXN-007409,2023-10-27,CENTRAL,PROD-107,5,1603.94,CUST-1823
TXN-007426,2023-10-27,CENTRAL,PROD-109,1,195.22,CUST-2743
TXN-007437,2023-10-27,CENTRAL,PROD-113,2,62.67,CUST-1501
TXN-007440,2023-10-27,CENTRAL,PROD-104,5,4078.36,CUST-1313
TXN-007445,2023-10-27,CENTRAL,PROD-104,1,956.61,CUST-2648
TXN-007458,2023-10-27,CENTRAL,PROD-117,4,804.21,CUST-1142
TXN-007485,2023-10-27,CENTRAL,PROD-102,4,482.63,CUST-1227
TXN-007504,2023-10-27,CENTRAL,PROD-120,2,321.92,CUST-2350
TXN-007521,2023-10-27,CENTRAL,PROD-102,3,325.69,CUST-2893
TXN-007538,2023-10-27,CENTRAL,PROD-110,1,49.8,CUST-1130
TXN-007601,2023-10-27,CENTRAL,PROD-114,5,73.23,CUST-2144
TXN-000040,2023-10-28,NORTH,PROD-120,4,655.68,CUST-2903
TXN-000046,2023-10-28,NORTH,PROD-111,1,50.13,CUST-1571
TXN-000058,2023-10-28,NORTH,PROD-113,1,27.98,CUST-1005
TXN-000065,2023-10-28,NORTH,PROD-108,4,258.68,CUST-2824
TXN-000131,2023-10-28,NORTH,PROD-119,4,1393.51,CUST-2931
TXN-000155,2023-10-28,NORTH,PROD-114,4,55.23,CUST-2968
TXN-000220,2023-10-28,NORTH,PROD-103,3,1581.77,CUST-2750
TXN-000226,2023-10-28,NORTH,PROD-114,1,14.44,CUST-1969
TXN-000230,2023-10-28,NORTH,PROD-115,1,150.77,CUST-1936
TXN-000250,2023-10-28,NORTH,PROD-102,5,629.37,CUST-2706
TXN-000261,2023-10-28,NORTH,PROD-113,5,145.92,CUST-2620
TXN-000280,2023-10-28,NORTH,PROD-108,3,221.49,CUST-2616
TXN-000289,2023-10-28,NORTH,PROD-117,3,594.94,CUST-2975
TXN-000307,2023-10-28,NORTH,PROD-118,3,55.35,CUST-1571
TXN-000312,2023-10-28,NORTH,PROD-105,5,3352.22,CUST-1143
TXN-000328,2023-10-28,NORTH,PROD-111,5,246.41,CUST-1829
TXN-000345,2023-10-28,NORTH,PROD-103,5,2546.99,CUST-1788
TXN-000364,2023-10-28,NORTH,PROD-104,5,4743.73,CUST-2711
TXN-000416,2023-10-28,NORTH,PROD-120,4,544.14,CUST-1138
TXN-000451,2023-10-28,NORTH,PROD-111,3,164.23,CUST-1268
TXN-000455,2023-10-28,NORTH,PROD-120,4,569.75,CUST-2773
TXN-000462,2023-10-28,NORTH,PROD-104,4,3336.4,CUST-1542
TXN-000477,2023-10-28,NORTH,PROD-101,5,14923.72,CUST-2981
TXN-001790,2023-10-28,SOUTH,PROD-111,4,207.43,CUST-2461
TXN-001811,2023-10-28,SOUTH,PROD-110,2,106.68,CUST-2536
TXN-001880,2023-10-28,SOUTH,PROD-117,5,1033.85,CUST-2447
TXN-001926,2023-10-28,SOUTH,PROD-117,1,207.77,CUST-1933
TXN-001935,2023-10-28,SOUTH,PROD-102,4,478.15,CUST-1635
TXN-001939,2023-10-28,SOUTH,PROD-111,1,52.99,CUST-2361
TXN-001951,2023-10-28,SOUTH,PROD-101,3,8886.6,CUST-1850
TXN-002014,2023-10-28,SOUTH,PROD-113,4,110.26,CUST-2541
TXN-002072,2023-10-28,SOUTH,PROD-118,3,54.08,CUST-1614
TXN-002106,2023-10-28,SOUTH,PROD-106,4,303.91,CUST-2844
TXN-002116,2023-10-28,SOUTH,PROD-107,4,1089.03,CUST-1514
TXN-002139,2023-10-28,SOUTH,PROD-119,2,665.25,CUST-1195
TXN-002166,2023-10-28,SOUTH,PROD-103,3,1528.52,CUST-1313
TXN-002209,2023-10-28,SOUTH,PROD-117,3,654.09,CUST-2539
TXN-002226,2023-10-28,SOUTH,PROD-108,5,368.59,CUST-2231
TXN-002232,2023-10-28,SOUTH,PROD-111,4,203.04,CUST-1004
TXN-002294,2023-10-28,SOUTH,PROD-108,3,189.39,CUST-1773
TXN-002298,2023-10-28,SOUTH,PROD-110,5,238.5,CUST-1203
TXN-004047,2023-10-28,EAST,PROD-117,4,754.18,CUST-1635
TXN-004155,2023-10-28,EAST,PROD-114,2,30.56,CUST-1706
TXN-004171,2023-10-28,EAST,PROD-113,3,90.15,CUST-2993
TXN-004182,2023-10-28,EAST,PROD-117,2,403.46,CUST-1653
TXN-004203,2023-10-28,EAST,PROD-120,5,757.98,CUST-1136
TXN-004247,2023-10-28,EAST,PROD-111,1,45.15,CUST-2272
TXN-004257,2023-10-28,EAST,PROD-119,5,1720.38,CUST-2545
TXN-004265,2023-10-28,EAST,PROD-101,1,2725.72,CUST-2642
TXN-004289,2023-10-28,EAST,PROD-119,1,337.77,CUST-2267
TXN-004292,2023-10-28,EAST,PROD-106,4,349.42,CUST-2322
TXN-005497,2023-10-28,WEST,PROD-103,5,2602.18,CUST-1057
TXN-005513,2023-10-28,WEST,PROD-103,4,1985.78,CUST-2817
TXN-005535,2023-10-28,WEST,PROD-118,4,76.78,CUST-1006
TXN-005537,2023-10-28,WEST,PROD-101,2,5453.5,CUST-1021
TXN-005568,2023-10-28,WEST,PROD-117,4,760.26,CUST-1211
TXN-005572,2023-10-28,WEST,PROD-105,3,1778.8,CUST-1341
TXN-005574,2023-10-28,WEST,PROD-111,3,135.27,CUST-1193
TXN-005597,2023-10-28,WEST,PROD-112,1,105.09,CUST-2093
TXN-005601,2023-10-28,WEST,PROD-106,2,151.84,CUST-1561
TXN-005654,2023-10-28,WEST,PROD-115,2,310.75,CUST-1795
TXN-005676,2023-10-28,WEST,PROD-117,4,877.94,CUST-1050
TXN-005701,2023-10-28,WEST,PROD-103,4,2089.83,CUST-1229
TXN-005759,2023-10-28,WEST,PROD-109,5,956.3,CUST-1196
TXN-007271,2023-10-28,CENTRAL,PROD-109,3,534.08,CUST-2218
TXN-007276,2023-10-28,CENTRAL,PROD-116,2,99.59,CUST-1265
TXN-007278,2023-10-28,CENTRAL,PROD-118,2,40.38,CUST-2477
TXN-007301,2023-10-28,CENTRAL,PROD-114,1,15.37,CUST-2477
TXN-007312,2023-10-28,CENTRAL,PROD-111,4,202.82,CUST-2614
TXN-007360,2023-10-28,CENTRAL,PROD-103,5,2578.51,CUST-2827
TXN-007362,2023-10-28,CENTRAL,PROD-101,4,11845.92,CUST-1150
TXN-007382,2023-10-28,CENTRAL,PROD-110,4,186.14,CUST-1396
TXN-007438,2023-10-28,CENTRAL,PROD-115,2,297.7,CUST-1615
TXN-007452,2023-10-28,CENTRAL,PROD-118,1,19.24,CUST-2944
TXN-007500,2023-10-28,CENTRAL,PROD-110,4,207.74,CUST-1317
TXN-007517,2023-10-28,CENTRAL,PROD-108,5,365.16,CUST-1514
TXN-007534,2023-10-28,CENTRAL,PROD-112,3,313.45,CUST-1144
TXN-007568,2023-10-28,CENTRAL,PROD-119,3,1105.33,CUST-1139
TXN-007599,2023-10-28,CENTRAL,PROD-118,1,21.45,CUST-1230
TXN-007600,2023-10-28,CENTRAL,PROD-114,4,56.62,CUST-1865
TXN-000037,2023-10-29,NORTH,PROD-119,1,320.99,CUST-1996
TXN-000088,2023-10-29,NORTH,PROD-114,5,78.69,CUST-2896
TXN-000098,2023-10-29,NORTH,PROD-109,2,365.78,CUST-1544
TXN-000111,2023-10-29,NORTH,PROD-106,1,76.53,CUST-2360
TXN-000141,2023-10-29,NORTH,PROD-113,3,94.5,CUST-2704
TXN-000238,2023-10-29,NORTH,PROD-101,1,2894.62,CUST-1115
TXN-000251,2023-10-29,NORTH,PROD-110,2,102.12,CUST-1722
TXN-000269,2023-10-29,NORTH,PROD-118,2,39.09,CUST-1760
TXN-000281,2023-10-29,NORTH,PROD-120,1,143.31,CUST-1297
TXN-000347,2023-10-29,NORTH,PROD-102,4,519.23,CUST-2171
TXN-000389,2023-10-29,NORTH,PROD-116,5,276.93,CUST-2295
TXN-000447,2023-10-29,NORTH,PROD-118,3,61.67,CUST-1619
TXN-000456,2023-10-29,NORTH,PROD-106,3,260.79,CUST-2477
TXN-001798,2023-10-29,SOUTH,PROD-115,2,275.36,CUST-2455
TXN-001803,2023-10-29,SOUTH,PROD-106,3,251.34,CUST-2007
TXN-001830,2023-10-29,SOUTH,PROD-113,4,114.41,CUST-2230
TXN-001920,2023-10-29,SOUTH,PROD-105,4,2451.65,CUST-1160
TXN-001949,2023-10-29,SOUTH,PROD-119,4,1283.66,CUST-2093
TXN-001979,2023-10-29,SOUTH,PROD-101,2,5895.78,CUST-2834
TXN-001981,2023-10-29,SOUTH,PROD-103,5,2265.43,CUST-2705
TXN-002017,2023-10-29,SOUTH,PROD-120,5,690.15,CUST-2334
TXN-002111,2023-10-29,SOUTH,PROD-107,4,1178.67,CUST-2561
TXN-002137,2023-10-29,SOUTH,PROD-107,4,1152.33,CUST-2227
TXN-002142,2023-10-29,SOUTH,PROD-111,4,182.66,CUST-1037
TXN-002184,2023-10-29,SOUTH,PROD-103,5,2704.92,CUST-2795
TXN-002224,2023-10-29,SOUTH,PROD-104,2,1952.16,CUST-2298
TXN-002299,2023-10-29,SOUTH,PROD-102,2,231.24,CUST-2540
TXN-002315,2023-10-29,SOUTH,PROD-118,1,19.61,CUST-2263
TXN-003991,2023-10-29,EAST,PROD-114,1,13.75,CUST-1323
TXN-004040,2023-10-29,EAST,PROD-108,5,328.52,CUST-2471
TXN-004065,2023-10-29,EAST,PROD-104,5,4093.45,CUST-2999
TXN-004137,2023-10-29,EAST,PROD-105,2,1379.86,CUST-1643
TXN-004238,2023-10-29,EAST,PROD-117,5,914.86,CUST-2705
TXN-004281,2023-10-29,EAST,PROD-101,3,9223.29,CUST-1121
TXN-004316,2023-10-29,EAST,PROD-102,3,378.76,CUST-2002
TXN-004325,2023-10-29,EAST,PROD-103,1,527.88,CUST-2317
TXN-005516,2023-10-29,WEST,PROD-111,1,54.4,CUST-1597
TXN-005548,2023-10-29,WEST,PROD-102,2,257.03,CUST-2190
TXN-005569,2023-10-29,WEST,PROD-105,1,700.74,CUST-1872
TXN-005621,2023-10-29,WEST,PROD-107,4,1107.48,CUST-2317
TXN-005628,2023-10-29,WEST,PROD-102,4,514.39,CUST-1427
TXN-005634,2023-10-29,WEST,PROD-106,3,242.87,CUST-1912
TXN-005656,2023-10-29,WEST,PROD-103,3,1547.71,CUST-2807
TXN-005668,2023-10-29,WEST,PROD-104,5,4889.66,CUST-1375
TXN-005724,2023-10-29,WEST,PROD-109,3,515.06,CUST-1668
TXN-005729,2023-10-29,WEST,PROD-112,2,196.29,CUST-1039
TXN-005752,2023-10-29,WEST,PROD-112,4,408.78,CUST-2209
TXN-005833,2023-10-29,WEST,PROD-116,1,54.73,CUST-2950
TXN-005887,2023-10-29,WEST,PROD-111,5,249.69,CUST-2285
TXN-005909,2023-10-29,WEST,PROD-113,1,32.48,CUST-1907
TXN-007197,2023-10-29,CENTRAL,PROD-109,3,498.53,CUST-1001
TXN-007231,2023-10-29,CENTRAL,PROD-113,3,94.98,CUST-2227
TXN-007245,2023-10-29,CENTRAL,PROD-103,5,2734.36,CUST-2851
TXN-007269,2023-10-29,CENTRAL,PROD-108,5,330.08,CUST-2096
TXN-007347,2023-10-29,CENTRAL,PROD-110,3,146.77,CUST-1146
TXN-007352,2023-10-29,CENTRAL,PROD-112,1,96.98,CUST-2522
TXN-007373,2023-10-29,CENTRAL,PROD-113,1,29.31,CUST-1498
TXN-007457,2023-10-29,CENTRAL,PROD-113,4,110.37,CUST-2353
TXN-007478,2023-10-29,CENTRAL,PROD-118,4,84.36,CUST-2303
TXN-007513,2023-10-29,CENTRAL,PROD-112,3,293.56,CUST-1821
TXN-007553,2023-10-29,CENTRAL,PROD-104,1,865.63,CUST-2989
TXN-007562,2023-10-29,CENTRAL,PROD-113,4,125.35,CUST-1444
TXN-007587,2023-10-29,CENTRAL,PROD-107,4,1158.26,CUST-1322
TXN-000018,2023-10-30,NORTH,PROD-118,2,41.46,CUST-2727
TXN-000048,2023-10-30,NORTH,PROD-119,5,1740.39,CUST-2607
TXN-000068,2023-10-30,NORTH,PROD-109,2,372.2,CUST-1644
TXN-000080,2023-10-30,NORTH,PROD-102,1,123.21,CUST-2699
TXN-000089,2023-10-30,NORTH,PROD-108,2,153.31,CUST-2661
TXN-000119,2023-10-30,NORTH,PROD-104,4,3335.97,CUST-1952
TXN-000160,2023-10-30,NORTH,PROD-103,3,1614.46,CUST-1500
TXN-000212,2023-10-30,NORTH,PROD-110,4,215.19,CUST-1993
TXN-000219,2023-10-30,NORTH,PROD-120,5,786.89,CUST-1280
TXN-000383,2023-10-30,NORTH,PROD-116,2,115.67,CUST-1961
TXN-000408,2023-10-30,NORTH,PROD-117,3,636.11,CUST-2490
TXN-001783,2023-10-30,SOUTH,PROD-115,4,554.18,CUST-2462
TXN-001808,2023-10-30,SOUTH,PROD-116,1,54.35,CUST-2453
TXN-001821,2023-10-30,SOUTH,PROD-119,2,659.57,CUST-1100
TXN-001897,2023-10-30,SOUTH,PROD-105,5,2962.53,CUST-2294
TXN-001900,2023-10-30,SOUTH,PROD-112,1,106.53,CUST-2844
TXN-001928,2023-10-30,SOUTH,PROD-104,5,4817.03,CUST-1226
TXN-002033,2023-10-30,SOUTH,PROD-102,4,453.03,CUST-1008
TXN-002043,2023-10-30,SOUTH,PROD-104,1,959.65,CUST-1282
TXN-002086,2023-10-30,SOUTH,PROD-120,5,804.99,CUST-1781
TXN-002154,2023-10-30,SOUTH,PROD-108,2,143.01,CUST-1782
TXN-002174,2023-10-30,SOUTH,PROD-104,4,3911.09,CUST-1333
TXN-002189,2023-10-30,SOUTH,PROD-113,3,81.09,CUST-1345
TXN-002215,2023-10-30,SOUTH,PROD-116,1,57.57,CUST-1602
TXN-002231,2023-10-30,SOUTH,PROD-107,1,304.36,CUST-1261
TXN-002245,2023-10-30,SOUTH,PROD-106,4,334.51,CUST-1613
TXN-002280,2023-10-30,SOUTH,PROD-112,5,503.77,CUST-1430
TXN-003987,2023-10-30,EAST,PROD-107,3,922.85,CUST-2803
TXN-004002,2023-10-30,EAST,PROD-119,2,637.38,CUST-1369
TXN-004038,2023-10-30,EAST,PROD-117,1,190.45,CUST-2502
TXN-004073,2023-10-30,EAST,PROD-106,2,170.23,CUST-2661
TXN-004076,2023-10-30,EAST,PROD-101,2,6226.06,CUST-1684
TXN-004110,2023-10-30,EAST,PROD-101,4,13180.5,CUST-2194
TXN-004143,2023-10-30,EAST,PROD-113,1,32.98,CUST-1240
TXN-004176,2023-10-30,EAST,PROD-106,1,72.22,CUST-1331
TXN-004194,2023-10-30,EAST,PROD-106,1,87.7,CUST-1285
TXN-004206,2023-10-30,EAST,PROD-102,4,440.76,CUST-2892
TXN-004213,2023-10-30,EAST,PROD-114,5,74.91,CUST-2732
TXN-004222,2023-10-30,EAST,PROD-117,4,793.67,CUST-1808
TXN-004227,2023-10-30,EAST,PROD-119,1,338.8,CUST-1337
TXN-004255,2023-10-30,EAST,PROD-111,5,265.4,CUST-2658
TXN-005542,2023-10-30,WEST,PROD-102,5,566.97,CUST-2841
TXN-005552,2023-10-30,WEST,PROD-106,5,394.09,CUST-1015
TXN-005622,2023-10-30,WEST,PROD-120,3,430.45,CUST-1191
TXN-005689,2023-10-30,WEST,PROD-101,5,14768.62,CUST-2701
TXN-005733,2023-10-30,WEST,PROD-102,2,245.26,CUST-2330
TXN-005753,2023-10-30,WEST,PROD-120,2,305.26,CUST-2510
TXN-005757,2023-10-30,WEST,PROD-114,1,14.39,CUST-1506
TXN-005814,2023-10-30,WEST,PROD-118,5,97.94,CUST-2943
TXN-005820,2023-10-30,WEST,PROD-107,5,1645.58,CUST-1615
TXN-005862,2023-10-30,WEST,PROD-111,2,100.26,CUST-1255
TXN-005900,2023-10-30,WEST,PROD-108,5,380.26,CUST-1327
TXN-007215,2023-10-30,CENTRAL,PROD-114,5,74.6,CUST-2280
TXN-007290,2023-10-30,CENTRAL,PROD-118,2,41.52,CUST-1365
TXN-007314,2023-10-30,CENTRAL,PROD-120,2,283.03,CUST-1676
TXN-007318,2023-10-30,CENTRAL,PROD-116,4,233.04,CUST-1169
TXN-007369,2023-10-30,CENTRAL,PROD-110,4,209.27,CUST-2740
TXN-007476,2023-10-30,CENTRAL,PROD-110,1,45.61,CUST-1903
TXN-007482,2023-10-30,CENTRAL,PROD-115,4,540.44,CUST-1148
TXN-007486,2023-10-30,CENTRAL,PROD-103,4,1842.61,CUST-2441
TXN-007502,2023-10-30,CENTRAL,PROD-107,5,1596.75,CUST-2733
TXN-000008,2023-10-31,NORTH,PROD-111,1,45.92,CUST-1199
TXN-000021,2023-10-31,NORTH,PROD-119,3,989.62,CUST-2023
TXN-000060,2023-10-31,NORTH,PROD-118,4,74.44,CUST-1608
TXN-000084,2023-10-31,NORTH,PROD-105,5,2948.37,CUST-1757
TXN-000096,2023-10-31,NORTH,PROD-109,3,555.25,CUST-1819
TXN-000148,2023-10-31,NORTH,PROD-104,2,1967.28,CUST-1222
TXN-000150,2023-10-31,NORTH,PROD-113,4,130.55,CUST-1407
TXN-000165,2023-10-31,NORTH,PROD-107,1,284.47,CUST-1833
TXN-000173,2023-10-31,NORTH,PROD-106,2,150.91,CUST-1992
TXN-000180,2023-10-31,NORTH,PROD-102,3,391.72,CUST-1979
TXN-000183,2023-10-31,NORTH,PROD-110,1,54.93,CUST-1243
TXN-000260,2023-10-31,NORTH,PROD-103,2,1050.81,CUST-1463
TXN-000264,2023-10-31,NORTH,PROD-112,1,103.49,CUST-1966
TXN-000288,2023-10-31,NORTH,PROD-120,1,156.81,CUST-2862
TXN-000330,2023-10-31,NORTH,PROD-111,2,106.01,CUST-2266
TXN-000371,2023-10-31,NORTH,PROD-116,2,107.07,CUST-2940
TXN-000401,2023-10-31,NORTH,PROD-115,1,143.79,CUST-1090
TXN-000440,2023-10-31,NORTH,PROD-118,3,55.47,CUST-1621
TXN-000459,2023-10-31,NORTH,PROD-113,5,148.67,CUST-1494
TXN-001817,2023-10-31,SOUTH,PROD-104,3,2513.01,CUST-1167
TXN-001845,2023-10-31,SOUTH,PROD-106,2,149.9,CUST-2530
TXN-001865,2023-10-31,SOUTH,PROD-112,4,415.76,CUST-1043
TXN-001883,2023-10-31,SOUTH,PROD-104,5,4087.73,CUST-1216
TXN-001967,2023-10-31,SOUTH,PROD-114,5,74.23,CUST-1003
TXN-001975,2023-10-31,SOUTH,PROD-111,3,154.02,CUST-2542
TXN-001988,2023-10-31,SOUTH,PROD-112,1,95.61,CUST-2853
TXN-002018,2023-10-31,SOUTH,PROD-101,4,12041.27,CUST-2204
TXN-002075,2023-10-31,SOUTH,PROD-105,4,2458.3,CUST-2482
TXN-002085,2023-10-31,SOUTH,PROD-111,5,256.44,CUST-2235
TXN-002092,2023-10-31,SOUTH,PROD-113,3,84.68,CUST-1597
TXN-002097,2023-10-31,SOUTH,PROD-107,2,644.43,CUST-1635
TXN-002165,2023-10-31,SOUTH,PROD-116,1,57.87,CUST-1876
TXN-002172,2023-10-31,SOUTH,PROD-113,3,87.88,CUST-1631
TXN-002194,2023-10-31,SOUTH,PROD-104,4,3648.27,CUST-1436
TXN-002243,2023-10-31,SOUTH,PROD-113,1,32.88,CUST-1683
TXN-002271,2023-10-31,SOUTH,PROD-104,2,1930.3,CUST-2424
TXN-002276,2023-10-31,SOUTH,PROD-118,2,39.36,CUST-2936
TXN-002278,2023-10-31,SOUTH,PROD-117,3,619.07,CUST-1912
TXN-002286,2023-10-31,SOUTH,PROD-109,4,783.35,CUST-1294
TXN-002301,2023-10-31,SOUTH,PROD-118,5,101.84,CUST-2741
TXN-002313,2023-10-31,SOUTH,PROD-114,5,81.43,CUST-1280
TXN-004017,2023-10-31,EAST,PROD-120,1,156.57,CUST-1724
TXN-004048,2023-10-31,EAST,PROD-109,1,178.62,CUST-1084
TXN-004089,2023-10-31,EAST,PROD-102,3,369.36,CUST-2594
TXN-004093,2023-10-31,EAST,PROD-102,2,257.97,CUST-1114
TXN-004128,2023-10-31,EAST,PROD-117,2,412.56,CUST-2150
TXN-004278,2023-10-31,EAST,PROD-103,5,2359.17,CUST-2667
TXN-004302,2023-10-31,EAST,PROD-110,3,147.51,CUST-2002
TXN-004313,2023-10-31,EAST,PROD-117,2,370.43,CUST-1058
TXN-005555,2023-10-31,WEST,PROD-109,3,495.74,CUST-2802
TXN-005567,2023-10-31,WEST,PROD-109,4,693.83,CUST-2368
TXN-005587,2023-10-31,WEST,PROD-102,2,232.31,CUST-2468
TXN-005623,2023-10-31,WEST,PROD-114,3,41.71,CUST-1410
TXN-005712,2023-10-31,WEST,PROD-103,4,1863.7,CUST-1308
TXN-005739,2023-10-31,WEST,PROD-109,1,196.94,CUST-2790
TXN-005748,2023-10-31,WEST,PROD-109,2,367.53,CUST-1793
TXN-005783,2023-10-31,WEST,PROD-110,4,190.27,CUST-2456
TXN-005823,2023-10-31,WEST,PROD-120,5,747.4,CUST-2985
TXN-005858,2023-10-31,WEST,PROD-115,3,487.52,CUST-2941
TXN-007214,2023-10-31,CENTRAL,PROD-114,1,14.15,CUST-1271
TXN-007228,2023-10-31,CENTRAL,PROD-113,5,164.49,CUST-1530
TXN-007234,2023-10-31,CENTRAL,PROD-109,3,543.32,CUST-2696
TXN-007236,2023-10-31,CENTRAL,PROD-111,2,92.11,CUST-2970
TXN-007268,2023-10-31,CENTRAL,PROD-112,5,545.18,CUST-1291
TXN-007283,2023-10-31,CENTRAL,PROD-112,3,318.6,CUST-1159
TXN-007308,2023-10-31,CENTRAL,PROD-109,1,194.83,CUST-2391
TXN-007346,2023-10-31,CENTRAL,PROD-109,1,171.83,CUST-1312
TXN-007361,2023-10-31,CENTRAL,PROD-114,2,28.88,CUST-1019
TXN-007367,2023-10-31,CENTRAL,PROD-114,1,16.23,CUST-2035
TXN-007380,2023-10-31,CENTRAL,PROD-105,4,2421.39,CUST-1004
TXN-007399,2023-10-31,CENTRAL,PROD-112,4,386.46,CUST-2620
TXN-007406,2023-10-31,CENTRAL,PROD-110,3,144.61,CUST-2348
TXN-007423,2023-10-31,CENTRAL,PROD-110,1,48.71,CUST-2523
TXN-007447,2023-10-31,CENTRAL,PROD-113,5,139.24,CUST-1623
TXN-007461,2023-10-31,CENTRAL,PROD-105,4,2510.58,CUST-1968
TXN-007472,2023-10-31,CENTRAL,PROD-113,2,55.03,CUST-2714
TXN-007526,2023-10-31,CENTRAL,PROD-120,5,687.24,CUST-2941
TXN-007533,2023-10-31,CENTRAL,PROD-115,2,307.67,CUST-1846
TXN-007573,2023-10-31,CENTRAL,PROD-115,4,552.45,CUST-1329
TXN-000532,2023-11-01,NORTH,PROD-107,5,1371.86,CUST-1868
TXN-000582,2023-11-01,NORTH,PROD-118,5,98.18,CUST-1035
TXN-000612,2023-11-01,NORTH,PROD-103,3,1516.24,CUST-2223
TXN-000669,2023-11-01,NORTH,PROD-108,3,190.35,CUST-1461
TXN-000703,2023-11-01,NORTH,PROD-111,1,54.87,CUST-1865
TXN-000708,2023-11-01,NORTH,PROD-120,2,296.39,CUST-2480
TXN-000722,2023-11-01,NORTH,PROD-109,2,326.85,CUST-1124
TXN-000748,2023-11-01,NORTH,PROD-112,2,191.64,CUST-2607
TXN-000797,2023-11-01,NORTH,PROD-117,4,720.07,CUST-2880
TXN-000823,2023-11-01,NORTH,PROD-114,2,30.62,CUST-1890
TXN-000875,2023-11-01,NORTH,PROD-101,4,12987.59,CUST-2326
TXN-000880,2023-11-01,NORTH,PROD-117,3,607.34,CUST-2217
TXN-000906,2023-11-01,NORTH,PROD-102,5,563.88,CUST-1765
TXN-000907,2023-11-01,NORTH,PROD-111,5,234.48,CUST-2386
TXN-000908,2023-11-01,NORTH,PROD-108,2,145.4,CUST-1706
TXN-000921,2023-11-01,NORTH,PROD-110,4,206.43,CUST-2357
TXN-000928,2023-11-01,NORTH,PROD-103,1,533.51,CUST-2371
TXN-000972,2023-11-01,NORTH,PROD-117,1,202.12,CUST-1887
TXN-002332,2023-11-01,SOUTH,PROD-105,3,1843.15,CUST-1810
TXN-002345,2023-11-01,SOUTH,PROD-108,1,72.49,CUST-1701
TXN-002405,2023-11-01,SOUTH,PROD-104,1,947.41,CUST-2320
TXN-002408,2023-11-01,SOUTH,PROD-104,5,4712.47,CUST-1694
TXN-002415,2023-11-01,SOUTH,PROD-108,4,273.54,CUST-1724
TXN-002465,2023-11-01,SOUTH,PROD-112,3,327.49,CUST-2025
TXN-002469,2023-11-01,SOUTH,PROD-119,4,1393.51,CUST-2780
TXN-002518,2023-11-01,SOUTH,PROD-112,3,270.94,CUST-2837
TXN-002545,2023-11-01,SOUTH,PROD-119,2,633.88,CUST-2450
TXN-002556,2023-11-01,SOUTH,PROD-114,1,14.95,CUST-2282
TXN-002581,2023-11-01,SOUTH,PROD-111,2,99.29,CUST-2629
TXN-002592,2023-11-01,SOUTH,PROD-103,4,1838.01,CUST-2644
TXN-002597,2023-11-01,SOUTH,PROD-108,1,74.55,CUST-1285
TXN-002637,2023-11-01,SOUTH,PROD-116,4,212.66,CUST-1364
TXN-002639,2023-11-01,SOUTH,PROD-120,3,492.23,CUST-2195
TXN-002640,2023-11-01,SOUTH,PROD-116,2,109.38,CUST-1093
TXN-002658,2023-11-01,SOUTH,PROD-116,2,109.24,CUST-1308
TXN-002661,2023-11-01,SOUTH,PROD-115,1,141.51,CUST-2691
TXN-002682,2023-11-01,SOUTH,PROD-115,5,743.98,CUST-1112
TXN-002722,2023-11-01,SOUTH,PROD-106,3,221.14,CUST-1921
TXN-002757,2023-11-01,SOUTH,PROD-108,4,293.82,CUST-2820
TXN-002759,2023-11-01,SOUTH,PROD-108,1,64.06,CUST-1260
TXN-002804,2023-11-01,SOUTH,PROD-111,5,264.36,CUST-1687
TXN-004341,2023-11-01,EAST,PROD-106,4,329.6,CUST-2363
TXN-004344,2023-11-01,EAST,PROD-118,4,81.96,CUST-1288
TXN-004347,2023-11-01,EAST,PROD-119,2,728.07,CUST-1752
TXN-004360,2023-11-01,EAST,PROD-114,2,27.76,CUST-2762
TXN-004364,2023-11-01,EAST,PROD-120,3,486.69,CUST-1831
TXN-004376,2023-11-01,EAST,PROD-104,3,2810.29,CUST-1950
TXN-004382,2023-11-01,EAST,PROD-101,5,14805.24,CUST-1715
TXN-004426,2023-11-01,EAST,PROD-109,5,818.38,CUST-1972
TXN-004445,2023-11-01,EAST,PROD-105,5,3144.66,CUST-1791
TXN-004448,2023-11-01,EAST,PROD-117,5,1091.98,CUST-2595
TXN-004453,2023-11-01,EAST,PROD-120,1,137.67,CUST-1152
TXN-004492,2023-11-01,EAST,PROD-119,4,1479.06,CUST-1632
TXN-004511,2023-11-01,EAST,PROD-109,4,667.39,CUST-2472
TXN-004566,2023-11-01,EAST,PROD-118,1,21.26,CUST-1388
TXN-004574,2023-11-01,EAST,PROD-115,4,649.88,CUST-1008
TXN-004579,2023-11-01,EAST,PROD-113,3,86.35,CUST-1178
TXN-004593,2023-11-01,EAST,PROD-120,2,277.57,CUST-2932
TXN-004623,2023-11-01,EAST,PROD-120,2,320.61,CUST-2815
TXN-004657,2023-11-01,EAST,PROD-105,3,2069.09,CUST-2443
TXN-004664,2023-11-01,EAST,PROD-106,4,336.57,CUST-2433
TXN-004672,2023-11-01,EAST,PROD-108,1,63.66,CUST-1805
TXN-005968,2023-11-01,WEST,PROD-102,4,482.24,CUST-1692
TXN-005974,2023-11-01,WEST,PROD-105,2,1222.39,CUST-1833
TXN-005984,2023-11-01,WEST,PROD-119,4,1438.59,CUST-2687
TXN-005991,2023-11-01,WEST,PROD-119,3,1049.61,CUST-2309
TXN-006004,2023-11-01,WEST,PROD-117,5,1050.87,CUST-1265
TXN-006009,2023-11-01,WEST,PROD-112,5,487.63,CUST-2276
TXN-006021,2023-11-01,WEST,PROD-105,2,1229.26,CUST-2392
TXN-006035,2023-11-01,WEST,PROD-116,4,201.45,CUST-1488
TXN-006068,2023-11-01,WEST,PROD-108,4,292.59,CUST-1876
TXN-006087,2023-11-01,WEST,PROD-111,1,54.47,CUST-2839
TXN-006119,2023-11-01,WEST,PROD-107,5,1446.96,CUST-2993
TXN-006166,2023-11-01,WEST,PROD-106,3,243.98,CUST-1881
TXN-006196,2023-11-01,WEST,PROD-116,2,109.41,CUST-1778
TXN-006198,2023-11-01,WEST,PROD-104,3,2719.57,CUST-1868
TXN-006208,2023-11-01,WEST,PROD-107,4,1276.92,CUST-1538
TXN-006215,2023-11-01,WEST,PROD-104,4,3798.73,CUST-1506
TXN-006224,2023-11-01,WEST,PROD-110,5,257.67,CUST-2209
TXN-006268,2023-11-01,WEST,PROD-113,5,154.4,CUST-2969
TXN-006277,2023-11-01,WEST,PROD-118,3,59.62,CUST-2775
TXN-006313,2023-11-01,WEST,PROD-117,3,563.31,CUST-2481
TXN-007643,2023-11-01,CENTRAL,PROD-117,2,381.76,CUST-1887
TXN-007646,2023-11-01,CENTRAL,PROD-116,3,161.35,CUST-1217
TXN-007710,2023-11-01,CENTRAL,PROD-106,2,148.77,CUST-2156
TXN-007734,2023-11-01,CENTRAL,PROD-114,3,44.43,CUST-2423
TXN-007738,2023-11-01,CENTRAL,PROD-115,1,159.3,CUST-2432
TXN-007756,2023-11-01,CENTRAL,PROD-117,4,720.41,CUST-2439
TXN-007767,2023-11-01,CENTRAL,PROD-106,1,77.95,CUST-1305
TXN-007770,2023-11-01,CENTRAL,PROD-106,5,432.04,CUST-1964
TXN-007821,2023-11-01,CENTRAL,PROD-111,5,246.7,CUST-2425
TXN-007845,2023-11-01,CENTRAL,PROD-106,5,414.4,CUST-1361
TXN-007856,2023-11-01,CENTRAL,PROD-107,4,1306.67,CUST-2072
TXN-007861,2023-11-01,CENTRAL,PROD-117,4,791.77,CUST-1464
TXN-007891,2023-11-01,CENTRAL,PROD-118,5,96.41,CUST-1122
TXN-007898,2023-11-01,CENTRAL,PROD-104,3,2872.02,CUST-1424
TXN-007900,2023-11-01,CENTRAL,PROD-105,4,2595.28,CUST-2048
TXN-007921,2023-11-01,CENTRAL,PROD-106,5,375.97,CUST-2583
TXN-007929,2023-11-01,CENTRAL,PROD-103,5,2699.97,CUST-1179
TXN-007965,2023-11-01,CENTRAL,PROD-101,3,9168.82,CUST-1576
TXN-000481,2023-11-02,NORTH,PROD-119,1,328.35,CUST-1904
TXN-000551,2023-11-02,NORTH,PROD-118,5,107.54,CUST-2867
TXN-000601,2023-11-02,NORTH,PROD-104,4,3407.11,CUST-1156
TXN-000638,2023-11-02,NORTH,PROD-119,4,1530.66,CUST-1680
TXN-000647,2023-11-02,NORTH,PROD-104,1,962.84,CUST-2328
TXN-000679,2023-11-02,NORTH,PROD-119,3,1056.75,CUST-2223
TXN-000694,2023-11-02,NORTH,PROD-102,1,123.02,CUST-2714
TXN-000740,2023-11-02,NORTH,PROD-101,2,5455.16,CUST-1746
TXN-000742,2023-11-02,NORTH,PROD-118,4,75.55,CUST-1509
TXN-000777,2023-11-02,NORTH,PROD-106,5,394.6,CUST-2484
TXN-000796,2023-11-02,NORTH,PROD-103,1,473.25,CUST-1449
TXN-000827,2023-11-02,NORTH,PROD-113,5,151.44,CUST-2006
TXN-000834,2023-11-02,NORTH,PROD-109,4,714.93,CUST-1464
TXN-000841,2023-11-02,NORTH,PROD-117,5,1080.04,CUST-2640
TXN-000867,2023-11-02,NORTH,PROD-112,2,190.94,CUST-2687
TXN-000899,2023-11-02,NORTH,PROD-105,2,1427.99,CUST-1702
TXN-000940,2023-11-02,NORTH,PROD-106,1,78.65,CUST-2210
TXN-000970,2023-11-02,NORTH,PROD-119,1,369.04,CUST-1923
TXN-002357,2023-11-02,SOUTH,PROD-117,4,822.98,CUST-1624
TXN-002372,2023-11-02,SOUTH,PROD-105,2,1278.72,CUST-2458
TXN-002377,2023-11-02,SOUTH,PROD-107,4,1198.77,CUST-2091
TXN-002385,2023-11-02,SOUTH,PROD-118,2,38.32,CUST-2310
TXN-002387,2023-11-02,SOUTH,PROD-108,2,140.95,CUST-1003
TXN-002448,2023-11-02,SOUTH,PROD-102,5,630.08,CUST-2031
TXN-002457,2023-11-02,SOUTH,PROD-112,4,375.54,CUST-1223
TXN-002464,2023-11-02,SOUTH,PROD-102,3,330.68,CUST-1633
TXN-002476,2023-11-02,SOUTH,PROD-113,2,56.49,CUST-2251
TXN-002489,2023-11-02,SOUTH,PROD-108,5,315.51,CUST-2748
TXN-002560,2023-11-02,SOUTH,PROD-104,3,2966.59,CUST-1992
TXN-002591,2023-11-02,SOUTH,PROD-118,5,90.74,CUST-2321
TXN-002628,2023-11-02,SOUTH,PROD-119,3,995.11,CUST-2090
TXN-002773,2023-11-02,SOUTH,PROD-109,3,549.5,CUST-1616
TXN-002778,2023-11-02,SOUTH,PROD-118,3,65.21,CUST-2864
TXN-002796,2023-11-02,SOUTH,PROD-108,1,72.15,CUST-1378
TXN-004358,2023-11-02,EAST,PROD-106,5,409.5,CUST-1908
TXN-004370,2023-11-02,EAST,PROD-118,1,21.07,CUST-2633
TXN-004406,2023-11-02,EAST,PROD-116,4,223.08,CUST-1509
TXN-004437,2023-11-02,EAST,PROD-116,5,282.78,CUST-1363
TXN-004441,2023-11-02,EAST,PROD-120,4,624.2,CUST-1580
TXN-004458,2023-11-02,EAST,PROD-109,3,546.05,CUST-1194
TXN-004462,2023-11-02,EAST,PROD-107,3,859.22,CUST-2614
TXN-004499,2023-11-02,EAST,PROD-101,4,11184.6,CUST-1383
TXN-004517,2023-11-02,EAST,PROD-115,5,727.5,CUST-2678
TXN-004553,2023-11-02,EAST,PROD-103,5,2520.17,CUST-2974
TXN-004570,2023-11-02,EAST,PROD-116,3,162.37,CUST-2539
TXN-004583,2023-11-02,EAST,PROD-117,5,902.96,CUST-2584
TXN-004606,2023-11-02,EAST,PROD-109,3,514.74,CUST-1271
TXN-004622,2023-11-02,EAST,PROD-103,1,507.43,CUST-2997
TXN-004648,2023-11-02,EAST,PROD-111,3,136.56,CUST-2672
TXN-004676,2023-11-02,EAST,PROD-107,4,1090.91,CUST-2253
TXN-005980,2023-11-02,WEST,PROD-106,1,84.75,CUST-1682
TXN-006029,2023-11-02,WEST,PROD-115,2,297.75,CUST-1136
TXN-006031,2023-11-02,WEST,PROD-118,5,96.0,CUST-2045
TXN-006054,2023-11-02,WEST,PROD-112,2,205.73,CUST-2075
TXN-006065,2023-11-02,WEST,PROD-105,2,1336.07,CUST-1620
TXN-006092,2023-11-02,WEST,PROD-119,3,1116.6,CUST-1417
TXN-006139,2023-11-02,WEST,PROD-120,4,615.66,CUST-1656
TXN-006155,2023-11-02,WEST,PROD-102,3,340.68,CUST-2203
TXN-006197,2023-11-02,WEST,PROD-116,2,116.03,CUST-2584
TXN-006287,2023-11-02,WEST,PROD-120,4,602.86,CUST-1060
TXN-007640,2023-11-02,CENTRAL,PROD-104,3,2785.99,CUST-2975
TXN-007661,2023-11-02,CENTRAL,PROD-115,4,609.74,CUST-2697
TXN-007682,2023-11-02,CENTRAL,PROD-106,2,146.77,CUST-2971
TXN-007686,2023-11-02,CENTRAL,PROD-107,2,656.21,CUST-1504
TXN-007764,2023-11-02,CENTRAL,PROD-111,1,45.91,CUST-2898
TXN-007766,2023-11-02,CENTRAL,PROD-104,4,3639.75,CUST-1742
TXN-007776,2023-11-02,CENTRAL,PROD-110,1,49.03,CUST-1232
TXN-007787,2023-11-02,CENTRAL,PROD-107,3,900.57,CUST-1351
TXN-007848,2023-11-02,CENTRAL,PROD-111,5,238.58,CUST-2207
TXN-007868,2023-11-02,CENTRAL,PROD-102,3,347.77,CUST-1696
TXN-007938,2023-11-02,CENTRAL,PROD-103,3,1527.59,CUST-1626
TXN-007968,2023-11-02,CENTRAL,PROD-101,4,11059.39,CUST-2396
TXN-000595,2023-11-03,NORTH,PROD-109,5,911.38,CUST-1068
TXN-000609,2023-11-03,NORTH,PROD-101,3,8900.49,CUST-2560
TXN-000617,2023-11-03,NORTH,PROD-106,4,305.62,CUST-1614
TXN-000644,2023-11-03,NORTH,PROD-104,2,1745.38,CUST-1703
TXN-000699,2023-11-03,NORTH,PROD-112,2,182.05,CUST-2282
TXN-000705,2023-11-03,NORTH,PROD-104,1,866.39,CUST-2805
TXN-000713,2023-11-03,NORTH,PROD-108,5,357.02,CUST-2477
TXN-000726,2023-11-03,NORTH,PROD-110,1,50.1,CUST-1417
TXN-000813,2023-11-03,NORTH,PROD-111,4,180.42,CUST-1430
TXN-000872,2023-11-03,NORTH,PROD-110,1,48.86,CUST-1334
TXN-000882,2023-11-03,NORTH,PROD-111,3,154.19,CUST-2765
TXN-002389,2023-11-03,SOUTH,PROD-118,3,62.63,CUST-1837
TXN-002398,2023-11-03,SOUTH,PROD-116,2,109.09,CUST-2671
TXN-002402,2023-11-03,SOUTH,PROD-105,1,640.42,CUST-1932
TXN-002420,2023-11-03,SOUTH,PROD-102,5,558.09,CUST-1878
TXN-002495,2023-11-03,SOUTH,PROD-111,3,164.86,CUST-1996
TXN-002502,2023-11-03,SOUTH,PROD-105,1,620.6,CUST-1168
TXN-002526,2023-11-03,SOUTH,PROD-101,5,16297.44,CUST-1213
TXN-002551,2023-11-03,SOUTH,PROD-105,1,667.98,CUST-2187
TXN-002557,2023-11-03,SOUTH,PROD-107,4,1170.02,CUST-1643
TXN-002567,2023-11-03,SOUTH,PROD-112,5,515.14,CUST-1957
TXN-002683,2023-11-03,SOUTH,PROD-102,3,383.72,CUST-2331
TXN-002721,2023-11-03,SOUTH,PROD-115,3,459.56,CUST-2722
TXN-002737,2023-11-03,SOUTH,PROD-106,3,219.56,CUST-2179
TXN-002820,2023-11-03,SOUTH,PROD-112,4,408.38,CUST-1920
TXN-004330,2023-11-03,EAST,PROD-107,5,1499.91,CUST-2247
TXN-004355,2023-11-03,EAST,PROD-105,1,603.3,CUST-1987
TXN-004377,2023-11-03,EAST,PROD-107,5,1362.69,CUST-1928
TXN-004389,2023-11-03,EAST,PROD-117,2,426.43,CUST-2433
TXN-004410,2023-11-03,EAST,PROD-109,2,387.59,CUST-2737
TXN-004413,2023-11-03,EAST,PROD-114,1,16.01,CUST-2354
TXN-004421,2023-11-03,EAST,PROD-118,4,86.26,CUST-1623
TXN-004430,2023-11-03,EAST,PROD-106,5,431.23,CUST-2382
TXN-004436,2023-11-03,EAST,PROD-119,4,1291.46,CUST-1875
TXN-004480,2023-11-03,EAST,PROD-114,1,14.17,CUST-2221
TXN-004504,2023-11-03,EAST,PROD-106,3,250.01,CUST-1205
TXN-004505,2023-11-03,EAST,PROD-112,5,531.48,CUST-1515
TXN-004513,2023-11-03,EAST,PROD-105,1,704.53,CUST-1110
TXN-004543,2023-11-03,EAST,PROD-116,5,281.52,CUST-1923
TXN-004594,2023-11-03,EAST,PROD-105,4,2798.17,CUST-2565
TXN-004598,2023-11-03,EAST,PROD-115,3,435.18,CUST-1644
TXN-004600,2023-11-03,EAST,PROD-105,4,2494.3,CUST-2234
TXN-004619,2023-11-03,EAST,PROD-113,5,162.67,CUST-2628
TXN-004625,2023-11-03,EAST,PROD-102,3,340.35,CUST-2674
TXN-004635,2023-11-03,EAST,PROD-120,5,813.8,CUST-1972
TXN-004662,2023-11-03,EAST,PROD-105,2,1283.79,CUST-1643
TXN-005930,2023-11-03,WEST,PROD-110,5,247.34,CUST-1646
TXN-005944,2023-11-03,WEST,PROD-106,4,315.92,CUST-2432
TXN-005977,2023-11-03,WEST,PROD-115,1,163.74,CUST-1837
TXN-005996,2023-11-03,WEST,PROD-112,5,510.0,CUST-2563
TXN-006059,2023-11-03,WEST,PROD-110,4,218.0,CUST-2335
TXN-006076,2023-11-03,WEST,PROD-111,5,243.37,CUST-2445
TXN-006085,2023-11-03,WEST,PROD-116,3,172.91,CUST-2892
TXN-006101,2023-11-03,WEST,PROD-101,2,6596.84,CUST-2530
TXN-006126,2023-11-03,WEST,PROD-112,4,383.35,CUST-2699
TXN-006136,2023-11-03,WEST,PROD-109,2,355.17,CUST-2096
TXN-006144,2023-11-03,WEST,PROD-112,3,280.72,CUST-2522
TXN-006151,2023-11-03,WEST,PROD-109,3,565.73,CUST-2160
TXN-006222,2023-11-03,WEST,PROD-114,4,61.17,CUST-1078
TXN-006223,2023-11-03,WEST,PROD-109,5,826.36,CUST-1821
TXN-006250,2023-11-03,WEST,PROD-108,1,75.87,CUST-1447
TXN-006256,2023-11-03,WEST,PROD-115,5,756.37,CUST-2444
TXN-006267,2023-11-03,WEST,PROD-110,3,138.31,CUST-1456
TXN-006280,2023-11-03,WEST,PROD-102,5,572.11,CUST-2240
TXN-006307,2023-11-03,WEST,PROD-102,4,463.79,CUST-1942
TXN-007625,2023-11-03,CENTRAL,PROD-115,3,452.81,CUST-1039
TXN-007629,2023-11-03,CENTRAL,PROD-110,2,93.54,CUST-2829
TXN-007634,2023-11-03,CENTRAL,PROD-104,2,1902.67,CUST-2214
TXN-007695,2023-11-03,CENTRAL,PROD-105,4,2692.0,CUST-2548
TXN-007749,2023-11-03,CENTRAL,PROD-113,4,115.3,CUST-1967
TXN-007754,2023-11-03,CENTRAL,PROD-113,1,27.5,CUST-2237
TXN-007755,2023-11-03,CENTRAL,PROD-120,5,777.09,CUST-2140
TXN-007879,2023-11-03,CENTRAL,PROD-112,5,492.08,CUST-2607
TXN-007892,2023-11-03,CENTRAL,PROD-105,1,614.29,CUST-2957
TXN-007912,2023-11-03,CENTRAL,PROD-113,3,82.71,CUST-1138
TXN-007920,2023-11-03,CENTRAL,PROD-106,3,258.11,CUST-1586
TXN-007955,2023-11-03,CENTRAL,PROD-109,5,895.41,CUST-1801
TXN-000499,2023-11-04,NORTH,PROD-114,3,46.92,CUST-1206
TXN-000510,2023-11-04,NORTH,PROD-111,2,104.6,CUST-2328
TXN-000538,2023-11-04,NORTH,PROD-106,5,391.4,CUST-1261
TXN-000569,2023-11-04,NORTH,PROD-116,3,178.64,CUST-1760
TXN-000593,2023-11-04,NORTH,PROD-117,1,189.18,CUST-2846
TXN-000620,2023-11-04,NORTH,PROD-105,3,1757.61,CUST-1811
TXN-000637,2023-11-04,NORTH,PROD-108,3,195.96,CUST-2255
TXN-000646,2023-11-04,NORTH,PROD-115,4,578.23,CUST-1615
TXN-000648,2023-11-04,NORTH,PROD-106,2,160.49,CUST-2131
TXN-000656,2023-11-04,NORTH,PROD-109,4,723.95,CUST-2309
TXN-000658,2023-11-04,NORTH,PROD-112,3,320.7,CUST-2265
TXN-000672,2023-11-04,NORTH,PROD-109,5,958.14,CUST-1752
TXN-000674,2023-11-04,NORTH,PROD-108,3,225.71,CUST-1067
TXN-000701,2023-11-04,NORTH,PROD-101,2,5972.15,CUST-1272
TXN-000771,2023-11-04,NORTH,PROD-105,1,586.55,CUST-2701
TXN-000820,2023-11-04,NORTH,PROD-103,3,1401.0,CUST-1769
TXN-000896,2023-11-04,NORTH,PROD-116,1,59.02,CUST-2196
TXN-000916,2023-11-04,NORTH,PROD-112,1,97.49,CUST-2312
TXN-000966,2023-11-04,NORTH,PROD-102,2,239.62,CUST-2684
TXN-002322,2023-11-04,SOUTH,PROD-111,2,106.61,CUST-2743
TXN-002340,2023-11-04,SOUTH,PROD-114,4,60.56,CUST-2639
TXN-002358,2023-11-04,SOUTH,PROD-109,3,516.27,CUST-1719
TXN-002370,2023-11-04,SOUTH,PROD-103,5,2559.45,CUST-1618
TXN-002413,2023-11-04,SOUTH,PROD-118,3,55.2,CUST-2816
TXN-002436,2023-11-04,SOUTH,PROD-102,3,349.95,CUST-2740
TXN-002458,2023-11-04,SOUTH,PROD-103,3,1530.93,CUST-2734
TXN-002460,2023-11-04,SOUTH,PROD-103,2,1019.4,CUST-2550
TXN-002478,2023-11-04,SOUTH,PROD-101,2,6319.56,CUST-1634
TXN-002490,2023-11-04,SOUTH,PROD-110,4,186.29,CUST-1818
TXN-002494,2023-11-04,SOUTH,PROD-113,4,112.75,CUST-1674
TXN-002515,2023-11-04,SOUTH,PROD-102,2,251.77,CUST-1385
TXN-002522,2023-11-04,SOUTH,PROD-106,4,315.38,CUST-1363
TXN-002531,2023-11-04,SOUTH,PROD-112,4,393.0,CUST-2681
TXN-002553,2023-11-04,SOUTH,PROD-104,2,1721.67,CUST-2833
TXN-002598,2023-11-04,SOUTH,PROD-111,4,189.02,CUST-1181
TXN-002601,2023-11-04,SOUTH,PROD-102,3,329.38,CUST-1675
TXN-002629,2023-11-04,SOUTH,PROD-109,2,387.53,CUST-2433
TXN-002669,2023-11-04,SOUTH,PROD-109,3,550.45,CUST-1355
TXN-002684,2023-11-04,SOUTH,PROD-111,5,229.82,CUST-1596
TXN-002691,2023-11-04,SOUTH,PROD-103,1,465.29,CUST-2803
TXN-002692,2023-11-04,SOUTH,PROD-117,1,189.88,CUST-1213
TXN-002748,2023-11-04,SOUTH,PROD-102,4,480.69,CUST-2332
TXN-002767,2023-11-04,SOUTH,PROD-102,3,388.8,CUST-2445
TXN-002818,2023-11-04,SOUTH,PROD-108,4,292.99,CUST-2803
TXN-004331,2023-11-04,EAST,PROD-105,4,2365.14,CUST-1310
TXN-004336,2023-11-04,EAST,PROD-105,2,1180.86,CUST-2265
TXN-004352,2023-11-04,EAST,PROD-105,3,1829.37,CUST-2916
TXN-004378,2023-11-04,EAST,PROD-108,1,69.46,CUST-1470
TXN-004385,2023-11-04,EAST,PROD-118,1,19.33,CUST-2375
TXN-004393,2023-11-04,EAST,PROD-102,4,488.46,CUST-2366
TXN-004405,2023-11-04,EAST,PROD-105,2,1296.07,CUST-2951
TXN-004418,2023-11-04,EAST,PROD-103,4,2184.96,CUST-2497
TXN-004461,2023-11-04,EAST,PROD-120,1,147.86,CUST-2332
TXN-004500,2023-11-04,EAST,PROD-106,2,153.39,CUST-2973
TXN-004573,2023-11-04,EAST,PROD-102,1,112.76,CUST-2584
TXN-004599,2023-11-04,EAST,PROD-115,4,594.79,CUST-2447
TXN-004607,2023-11-04,EAST,PROD-118,3,62.14,CUST-1764
TXN-004655,2023-11-04,EAST,PROD-108,1,76.3,CUST-1206
TXN-004675,2023-11-04,EAST,PROD-101,3,8726.75,CUST-2921
TXN-004702,2023-11-04,EAST,PROD-103,4,1956.99,CUST-1451
TXN-005940,2023-11-04,WEST,PROD-105,1,605.39,CUST-2123
TXN-005942,2023-11-04,WEST,PROD-111,5,239.37,CUST-2911
TXN-005963,2023-11-04,WEST,PROD-114,3,43.68,CUST-1653
TXN-006002,2023-11-04,WEST,PROD-110,1,50.12,CUST-1872
TXN-006007,2023-11-04,WEST,PROD-119,4,1304.53,CUST-2325
TXN-006020,2023-11-04,WEST,PROD-115,5,750.34,CUST-2187
TXN-006039,2023-11-04,WEST,PROD-105,5,3345.52,CUST-2106
TXN-006074,2023-11-04,WEST,PROD-117,4,873.83,CUST-2586
TXN-006108,2023-11-04,WEST,PROD-116,4,224.99,CUST-1671
TXN-006149,2023-11-04,WEST,PROD-104,3,2855.63,CUST-1056
TXN-006160,2023-11-04,WEST,PROD-107,2,616.99,CUST-1745
TXN-006214,2023-11-04,WEST,PROD-106,3,253.66,CUST-2170
TXN-006234,2023-11-04,WEST,PROD-116,5,252.94,CUST-2886
TXN-006248,2023-11-04,WEST,PROD-119,3,980.53,CUST-2314
TXN-006282,2023-11-04,WEST,PROD-104,2,1744.91,CUST-1061
TXN-007608,2023-11-04,CENTRAL,PROD-116,4,211.13,CUST-2189
TXN-007621,2023-11-04,CENTRAL,PROD-103,1,541.45,CUST-2590
TXN-007638,2023-11-04,CENTRAL,PROD-103,4,1800.19,CUST-2168
TXN-007655,2023-11-04,CENTRAL,PROD-118,3,63.28,CUST-2985
TXN-007676,2023-11-04,CENTRAL,PROD-107,3,928.34,CUST-2315
TXN-007691,2023-11-04,CENTRAL,PROD-116,3,150.9,CUST-1857
TXN-007712,2023-11-04,CENTRAL,PROD-115,5,680.52,CUST-2318
TXN-007757,2023-11-04,CENTRAL,PROD-116,1,57.1,CUST-2597
TXN-007760,2023-11-04,CENTRAL,PROD-102,4,511.35,CUST-1120
TXN-007809,2023-11-04,CENTRAL,PROD-116,5,297.98,CUST-2398
TXN-007952,2023-11-04,CENTRAL,PROD-108,2,147.87,CUST-1047
TXN-000521,2023-11-05,NORTH,PROD-116,2,108.99,CUST-2241
TXN-000579,2023-11-05,NORTH,PROD-108,1,72.89,CUST-1019
TXN-000597,2023-11-05,NORTH,PROD-113,1,28.79,CUST-2155
TXN-000616,2023-11-05,NORTH,PROD-109,3,514.96,CUST-1299
TXN-000660,2023-11-05,NORTH,PROD-111,1,47.38,CUST-1240
TXN-000666,2023-11-05,NORTH,PROD-107,4,1311.28,CUST-2036
TXN-000751,2023-11-05,NORTH,PROD-101,4,10857.35,CUST-2110
TXN-000783,2023-11-05,NORTH,PROD-114,2,30.84,CUST-2633
TXN-000803,2023-11-05,NORTH,PROD-106,4,338.64,CUST-2968
TXN-000828,2023-11-05,NORTH,PROD-102,3,324.25,CUST-1180
TXN-000886,2023-11-05,NORTH,PROD-101,4,13193.88,CUST-1532
TXN-000892,2023-11-05,NORTH,PROD-109,5,947.27,CUST-1375
TXN-000915,2023-11-05,NORTH,PROD-107,1,305.37,CUST-1347
TXN-000975,2023-11-05,NORTH,PROD-104,4,3713.37,CUST-2242
TXN-002354,2023-11-05,SOUTH,PROD-114,1,15.34,CUST-1187
TXN-002368,2023-11-05,SOUTH,PROD-120,1,136.22,CUST-2984
TXN-002386,2023-11-05,SOUTH,PROD-109,2,343.45,CUST-2620
TXN-002411,2023-11-05,SOUTH,PROD-108,1,70.6,CUST-1548
TXN-002422,2023-11-05,SOUTH,PROD-110,5,265.82,CUST-1714
TXN-002430,2023-11-05,SOUTH,PROD-108,4,275.41,CUST-2019
TXN-002467,2023-11-05,SOUTH,PROD-104,3,2649.91,CUST-2519
TXN-002566,2023-11-05,SOUTH,PROD-109,3,537.98,CUST-2953
TXN-002580,2023-11-05,SOUTH,PROD-111,1,45.09,CUST-2410
TXN-002643,2023-11-05,SOUTH,PROD-104,1,864.82,CUST-2508
TXN-002680,2023-11-05,SOUTH,PROD-120,5,809.93,CUST-2798
TXN-002709,2023-11-05,SOUTH,PROD-112,5,483.88,CUST-2465
TXN-002769,2023-11-05,SOUTH,PROD-117,2,384.38,CUST-2133
TXN-002771,2023-11-05,SOUTH,PROD-102,2,249.5,CUST-2332
TXN-004334,2023-11-05,EAST,PROD-102,1,122.53,CUST-2528
TXN-004346,2023-11-05,EAST,PROD-105,5,3111.32,CUST-1264
TXN-004369,2023-11-05,EAST,PROD-109,4,710.48,CUST-1227
TXN-004446,2023-11-05,EAST,PROD-106,3,243.81,CUST-1498
TXN-004451,2023-11-05,EAST,PROD-109,4,717.01,CUST-2542
TXN-004468,2023-11-05,EAST,PROD-104,3,2472.97,CUST-1555
TXN-004509,2023-11-05,EAST,PROD-107,1,280.36,CUST-2220
TXN-004525,2023-11-05,EAST,PROD-115,3,474.25,CUST-2260
TXN-004546,2023-11-05,EAST,PROD-118,4,87.32,CUST-2050
TXN-004557,2023-11-05,EAST,PROD-104,5,4499.92,CUST-1803
TXN-004609,2023-11-05,EAST,PROD-101,5,13924.56,CUST-2730
TXN-004638,2023-11-05,EAST,PROD-112,5,516.35,CUST-1826
TXN-005950,2023-11-05,WEST,PROD-107,4,1206.17,CUST-2119
TXN-005960,2023-11-05,WEST,PROD-107,4,1272.91,CUST-1104
TXN-005997,2023-11-05,WEST,PROD-111,5,238.97,CUST-2724
TXN-005999,2023-11-05,WEST,PROD-102,2,220.61,CUST-2524
TXN-006019,2023-11-05,WEST,PROD-115,2,283.18,CUST-1971
TXN-006044,2023-11-05,WEST,PROD-119,5,1625.35,CUST-2134
TXN-006070,2023-11-05,WEST,PROD-120,3,448.15,CUST-2554
TXN-006094,2023-11-05,WEST,PROD-119,2,705.02,CUST-1592
TXN-006104,2023-11-05,WEST,PROD-105,2,1239.83,CUST-2206
TXN-006109,2023-11-05,WEST,PROD-110,3,159.4,CUST-1247
TXN-006152,2023-11-05,WEST,PROD-101,1,3289.85,CUST-1823
TXN-006154,2023-11-05,WEST,PROD-105,2,1391.73,CUST-1570
TXN-006156,2023-11-05,WEST,PROD-106,2,145.49,CUST-1774
TXN-006157,2023-11-05,WEST,PROD-101,1,3276.52,CUST-2514
TXN-006164,2023-11-05,WEST,PROD-107,3,843.39,CUST-1819
TXN-006230,2023-11-05,WEST,PROD-104,2,1712.8,CUST-2834
TXN-006232,2023-11-05,WEST,PROD-102,2,231.3,CUST-1153
TXN-006249,2023-11-05,WEST,PROD-104,3,2583.31,CUST-1099
TXN-006255,2023-11-05,WEST,PROD-112,3,299.16,CUST-2657
TXN-006265,2023-11-05,WEST,PROD-112,4,389.32,CUST-1531
TXN-006273,2023-11-05,WEST,PROD-101,4,11778.31,CUST-1394
TXN-006276,2023-11-05,WEST,PROD-106,2,161.77,CUST-1582
TXN-006278,2023-11-05,WEST,PROD-117,2,388.61,CUST-2242
TXN-006288,2023-11-05,WEST,PROD-118,1,21.4,CUST-1049
TXN-006294,2023-11-05,WEST,PROD-118,1,18.69,CUST-2314
TXN-007683,2023-11-05,CENTRAL,PROD-113,3,84.49,CUST-1940
TXN-007744,2023-11-05,CENTRAL,PROD-113,1,31.23,CUST-2549
TXN-007833,2023-11-05,CENTRAL,PROD-115,3,426.69,CUST-1109
TXN-007852,2023-11-05,CENTRAL,PROD-102,2,219.79,CUST-1452
TXN-007870,2023-11-05,CENTRAL,PROD-115,2,314.71,CUST-2371
TXN-007874,2023-11-05,CENTRAL,PROD-111,3,145.1,CUST-2861
TXN-007915,2023-11-05,CENTRAL,PROD-102,2,217.92,CUST-2653
TXN-007928,2023-11-05,CENTRAL,PROD-108,2,135.08,CUST-1833
TXN-000486,2023-11-06,NORTH,PROD-115,5,726.3,CUST-1726
TXN-000501,2023-11-06,NORTH,PROD-114,4,59.69,CUST-1409
TXN-000505,2023-11-06,NORTH,PROD-102,4,507.6,CUST-1382
TXN-000527,2023-11-06,NORTH,PROD-111,5,247.04,CUST-2394
TXN-000535,2023-11-06,NORTH,PROD-105,4,2534.68,CUST-2826
TXN-000552,2023-11-06,NORTH,PROD-114,5,74.88,CUST-2992
TXN-000577,2023-11-06,NORTH,PROD-118,1,20.09,CUST-2719
TXN-000591,2023-11-06,NORTH,PROD-103,4,2138.09,CUST-2321
TXN-000596,2023-11-06,NORTH,PROD-111,1,54.6,CUST-2203
TXN-000649,2023-11-06,NORTH,PROD-111,5,246.27,CUST-1947
TXN-000659,2023-11-06,NORTH,PROD-110,5,254.46,CUST-2377
TXN-000661,2023-11-06,NORTH,PROD-112,2,200.41,CUST-1857
TXN-000745,2023-11-06,NORTH,PROD-108,5,383.64,CUST-2954
TXN-000779,2023-11-06,NORTH,PROD-112,2,216.31,CUST-1564
TXN-000787,2023-11-06,NORTH,PROD-101,3,9174.78,CUST-1061
TXN-000790,2023-11-06,NORTH,PROD-104,2,1856.45,CUST-1546
TXN-000821,2023-11-06,NORTH,PROD-103,5,2720.86,CUST-1191
TXN-000824,2023-11-06,NORTH,PROD-102,1,115.94,CUST-2996
TXN-000833,2023-11-06,NORTH,PROD-112,4,389.51,CUST-1913
TXN-000876,2023-11-06,NORTH,PROD-120,1,141.7,CUST-2246
TXN-000902,2023-11-06,NORTH,PROD-111,1,45.04,CUST-1561
TXN-000932,2023-11-06,NORTH,PROD-102,3,349.91,CUST-2387
TXN-000937,2023-11-06,NORTH,PROD-104,4,3528.14,CUST-1935
TXN-000951,2023-11-06,NORTH,PROD-117,4,856.26,CUST-2781
TXN-000952,2023-11-06,NORTH,PROD-103,4,1928.21,CUST-1678
TXN-002360,2023-11-06,SOUTH,PROD-102,1,109.24,CUST-2526
TXN-002428,2023-11-06,SOUTH,PROD-113,3,86.72,CUST-1869
TXN-002443,2023-11-06,SOUTH,PROD-101,2,5838.27,CUST-1162
TXN-002449,2023-11-06,SOUTH,PROD-101,4,12798.39,CUST-2393
TXN-002480,2023-11-06,SOUTH,PROD-110,2,91.34,CUST-2181
TXN-002506,2023-11-06,SOUTH,PROD-107,3,979.52,CUST-1987
TXN-002554,2023-11-06,SOUTH,PROD-103,1,499.41,CUST-1741
TXN-002578,2023-11-06,SOUTH,PROD-111,4,211.59,CUST-1733
TXN-002625,2023-11-06,SOUTH,PROD-120,3,452.63,CUST-2011
TXN-002636,2023-11-06,SOUTH,PROD-106,3,259.16,CUST-1291
TXN-004357,2023-11-06,EAST,PROD-116,2,111.25,CUST-1570
TXN-004368,2023-11-06,EAST,PROD-108,3,209.11,CUST-1218
TXN-004490,2023-11-06,EAST,PROD-101,3,8666.52,CUST-2772
TXN-004601,2023-11-06,EAST,PROD-103,1,504.17,CUST-2633
TXN-004659,2023-11-06,EAST,PROD-101,4,12520.97,CUST-1760
TXN-004696,2023-11-06,EAST,PROD-119,2,660.62,CUST-1454
TXN-004709,2023-11-06,EAST,PROD-101,2,5949.07,CUST-1725
TXN-005920,2023-11-06,WEST,PROD-120,5,794.37,CUST-1278
TXN-005947,2023-11-06,WEST,PROD-106,3,235.06,CUST-1945
TXN-005967,2023-11-06,WEST,PROD-109,4,710.02,CUST-1012
TXN-006073,2023-11-06,WEST,PROD-120,2,309.73,CUST-1479
TXN-006088,2023-11-06,WEST,PROD-103,5,2582.15,CUST-1829
TXN-006117,2023-11-06,WEST,PROD-106,4,331.82,CUST-1770
TXN-006120,2023-11-06,WEST,PROD-111,3,136.88,CUST-2479
TXN-006161,2023-11-06,WEST,PROD-117,4,872.81,CUST-1240
TXN-006205,2023-11-06,WEST,PROD-113,3,87.17,CUST-1831
TXN-006254,2023-11-06,WEST,PROD-116,3,177.95,CUST-1005
TXN-007622,2023-11-06,CENTRAL,PROD-111,3,150.17,CUST-1892
TXN-007641,2023-11-06,CENTRAL,PROD-106,1,84.41,CUST-1413
TXN-007662,2023-11-06,CENTRAL,PROD-114,2,29.29,CUST-2580
TXN-007722,2023-11-06,CENTRAL,PROD-106,4,290.66,CUST-1114
TXN-007808,2023-11-06,CENTRAL,PROD-119,2,760.94,CUST-2963
TXN-007890,2023-11-06,CENTRAL,PROD-114,3,40.76,CUST-1845
TXN-000528,2023-11-07,NORTH,PROD-119,4,1285.43,CUST-2046
TXN-000542,2023-11-07,NORTH,PROD-104,1,955.7,CUST-1859
TXN-000564,2023-11-07,NORTH,PROD-107,1,314.8,CUST-2545
TXN-000580,2023-11-07,NORTH,PROD-117,4,779.67,CUST-2266
TXN-000628,2023-11-07,NORTH,PROD-119,5,1637.93,CUST-2573
TXN-000652,2023-11-07,NORTH,PROD-115,5,739.38,CUST-1010
TXN-000691,2023-11-07,NORTH,PROD-114,2,29.95,CUST-1662
TXN-000697,2023-11-07,NORTH,PROD-105,3,1816.97,CUST-2911
TXN-000709,2023-11-07,NORTH,PROD-105,4,2660.32,CUST-1907
TXN-000716,2023-11-07,NORTH,PROD-113,3,92.6,CUST-2606
TXN-000795,2023-11-07,NORTH,PROD-116,5,264.45,CUST-2005
TXN-000825,2023-11-07,NORTH,PROD-114,5,78.28,CUST-2495
TXN-000830,2023-11-07,NORTH,PROD-106,3,262.87,CUST-1970
TXN-000844,2023-11-07,NORTH,PROD-105,1,640.03,CUST-2400
TXN-000903,2023-11-07,NORTH,PROD-106,5,421.11,CUST-2003
TXN-000925,2023-11-07,NORTH,PROD-109,5,985.11,CUST-1734
TXN-000960,2023-11-07,NORTH,PROD-115,3,437.67,CUST-1112
TXN-000968,2023-11-07,NORTH,PROD-104,4,3395.19,CUST-2689
TXN-000981,2023-11-07,NORTH,PROD-120,3,466.76,CUST-2887
TXN-002337,2023-11-07,SOUTH,PROD-104,2,1722.54,CUST-1274
TXN-002367,2023-11-07,SOUTH,PROD-119,4,1284.39,CUST-1218
TXN-002466,2023-11-07,SOUTH,PROD-111,4,208.99,CUST-2995
TXN-002496,2023-11-07,SOUTH,PROD-116,1,52.55,CUST-1079
TXN-002500,2023-11-07,SOUTH,PROD-102,2,257.64,CUST-2952
TXN-002564,2023-11-07,SOUTH,PROD-112,1,107.96,CUST-1061
TXN-002586,2023-11-07,SOUTH,PROD-102,4,479.83,CUST-1563
TXN-002599,2023-11-07,SOUTH,PROD-112,5,548.9,CUST-2914
TXN-002612,2023-11-07,SOUTH,PROD-119,5,1754.82,CUST-1642
TXN-002632,2023-11-07,SOUTH,PROD-112,3,312.32,CUST-1590
TXN-002651,2023-11-07,SOUTH,PROD-113,1,32.78,CUST-2797
TXN-002672,2023-11-07,SOUTH,PROD-110,3,137.54,CUST-2161
TXN-002725,2023-11-07,SOUTH,PROD-106,4,340.04,CUST-2657
TXN-002770,2023-11-07,SOUTH,PROD-104,3,2821.42,CUST-2614
TXN-002780,2023-11-07,SOUTH,PROD-101,3,9406.38,CUST-2273
TXN-002808,2023-11-07,SOUTH,PROD-111,5,260.74,CUST-2520
TXN-004329,2023-11-07,EAST,PROD-101,5,14746.7,CUST-1963
TXN-004340,2023-11-07,EAST,PROD-114,4,58.01,CUST-2099
TXN-004454,2023-11-07,EAST,PROD-104,5,4856.4,CUST-2485
TXN-004514,2023-11-07,EAST,PROD-117,3,567.43,CUST-2556
TXN-004524,2023-11-07,EAST,PROD-103,1,463.99,CUST-1397
TXN-004529,2023-11-07,EAST,PROD-118,5,97.54,CUST-1348
TXN-004555,2023-11-07,EAST,PROD-118,2,40.72,CUST-1334
TXN-004627,2023-11-07,EAST,PROD-102,1,119.09,CUST-2659
TXN-004636,2023-11-07,EAST,PROD-110,5,229.09,CUST-2847
TXN-004640,2023-11-07,EAST,PROD-112,4,380.44,CUST-2565
TXN-004644,2023-11-07,EAST,PROD-119,5,1651.61,CUST-2470
TXN-004666,2023-11-07,EAST,PROD-106,3,262.36,CUST-2341
TXN-004670,2023-11-07,EAST,PROD-105,4,2649.34,CUST-1102
TXN-004692,2023-11-07,EAST,PROD-106,3,255.73,CUST-1150
TXN-005913,2023-11-07,WEST,PROD-105,2,1371.08,CUST-1886
TXN-005978,2023-11-07,WEST,PROD-102,5,575.75,CUST-2919
TXN-006033,2023-11-07,WEST,PROD-117,3,606.03,CUST-1908
TXN-006082,2023-11-07,WEST,PROD-110,3,158.81,CUST-2734
TXN-006121,2023-11-07,WEST,PROD-109,3,585.91,CUST-1524
TXN-006127,2023-11-07,WEST,PROD-105,3,1791.16,CUST-1534
TXN-006145,2023-11-07,WEST,PROD-101,4,10879.74,CUST-1379
TXN-006146,2023-11-07,WEST,PROD-102,2,262.01,CUST-1885
TXN-006201,2023-11-07,WEST,PROD-104,2,1972.49,CUST-1585
TXN-006206,2023-11-07,WEST,PROD-107,5,1382.62,CUST-1285
TXN-006237,2023-11-07,WEST,PROD-105,1,660.78,CUST-1634
TXN-007617,2023-11-07,CENTRAL,PROD-115,4,616.27,CUST-1482
TXN-007736,2023-11-07,CENTRAL,PROD-115,5,744.82,CUST-1514
TXN-007823,2023-11-07,CENTRAL,PROD-109,4,776.95,CUST-2057
TXN-007834,2023-11-07,CENTRAL,PROD-115,2,318.48,CUST-2872
TXN-007919,2023-11-07,CENTRAL,PROD-112,2,186.87,CUST-2920
TXN-007946,2023-11-07,CENTRAL,PROD-104,4,3930.51,CUST-1479
TXN-007960,2023-11-07,CENTRAL,PROD-116,5,287.49,CUST-1191
TXN-007964,2023-11-07,CENTRAL,PROD-102,4,470.26,CUST-1946
TXN-000488,2023-11-08,NORTH,PROD-109,5,863.68,CUST-2929
TXN-000518,2023-11-08,NORTH,PROD-102,1,119.16,CUST-1328
TXN-000541,2023-11-08,NORTH,PROD-108,4,271.35,CUST-1565
TXN-000548,2023-11-08,NORTH,PROD-119,3,1066.24,CUST-2583
TXN-000558,2023-11-08,NORTH,PROD-109,2,347.76,CUST-1162
TXN-000588,2023-11-08,NORTH,PROD-110,1,51.53,CUST-2758
TXN-000598,2023-11-08,NORTH,PROD-119,4,1449.53,CUST-2108
TXN-000632,2023-11-08,NORTH,PROD-109,2,375.48,CUST-2617
TXN-000640,2023-11-08,NORTH,PROD-117,5,1011.55,CUST-2409
TXN-000650,2023-11-08,NORTH,PROD-113,2,56.22,CUST-2347
TXN-000761,2023-11-08,NORTH,PROD-103,2,927.2,CUST-2578
TXN-000812,2023-11-08,NORTH,PROD-112,3,280.05,CUST-2814
TXN-000814,2023-11-08,NORTH,PROD-103,3,1426.97,CUST-1222
TXN-000874,2023-11-08,NORTH,PROD-107,3,927.25,CUST-2052
TXN-000889,2023-11-08,NORTH,PROD-118,4,86.46,CUST-2376
TXN-000964,2023-11-08,NORTH,PROD-101,3,8739.22,CUST-2298
TXN-002418,2023-11-08,SOUTH,PROD-104,3,2622.92,CUST-2261
TXN-002432,2023-11-08,SOUTH,PROD-113,1,30.48,CUST-1864
TXN-002439,2023-11-08,SOUTH,PROD-102,2,221.61,CUST-2425
TXN-002444,2023-11-08,SOUTH,PROD-103,1,506.91,CUST-2667
TXN-002454,2023-11-08,SOUTH,PROD-113,2,63.85,CUST-2999
TXN-002533,2023-11-08,SOUTH,PROD-117,3,572.08,CUST-2349
TXN-002538,2023-11-08,SOUTH,PROD-118,4,75.05,CUST-2320
TXN-002579,2023-11-08,SOUTH,PROD-103,2,1031.37,CUST-1762
TXN-002627,2023-11-08,SOUTH,PROD-104,2,1661.45,CUST-2834
TXN-002649,2023-11-08,SOUTH,PROD-105,3,1949.12,CUST-1501
TXN-002668,2023-11-08,SOUTH,PROD-113,4,117.54,CUST-2852
TXN-002735,2023-11-08,SOUTH,PROD-102,5,604.81,CUST-1047
TXN-002736,2023-11-08,SOUTH,PROD-110,3,146.68,CUST-1733
TXN-002738,2023-11-08,SOUTH,PROD-117,5,999.96,CUST-1818
TXN-002795,2023-11-08,SOUTH,PROD-106,2,171.86,CUST-2344
TXN-004407,2023-11-08,EAST,PROD-106,3,236.94,CUST-1432
TXN-004424,2023-11-08,EAST,PROD-119,4,1532.26,CUST-1766
TXN-004449,2023-11-08,EAST,PROD-109,5,881.97,CUST-2427
TXN-004455,2023-11-08,EAST,PROD-112,5,513.96,CUST-1335
TXN-004482,2023-11-08,EAST,PROD-114,2,27.58,CUST-2187
TXN-004534,2023-11-08,EAST,PROD-111,5,250.1,CUST-1297
TXN-004612,2023-11-08,EAST,PROD-111,4,190.97,CUST-1109
TXN-004639,2023-11-08,EAST,PROD-106,1,79.48,CUST-1608
TXN-004708,2023-11-08,EAST,PROD-108,4,289.54,CUST-2807
TXN-005919,2023-11-08,WEST,PROD-113,1,29.0,CUST-1642
TXN-005959,2023-11-08,WEST,PROD-101,5,16074.19,CUST-1911
TXN-005976,2023-11-08,WEST,PROD-111,4,214.65,CUST-2496
TXN-005982,2023-11-08,WEST,PROD-101,5,15830.52,CUST-1570
TXN-005992,2023-11-08,WEST,PROD-119,3,1087.1,CUST-2820
TXN-006056,2023-11-08,WEST,PROD-117,3,625.28,CUST-1574
TXN-006078,2023-11-08,WEST,PROD-106,3,220.32,CUST-2751
TXN-006111,2023-11-08,WEST,PROD-112,1,99.15,CUST-2744
TXN-006114,2023-11-08,WEST,PROD-116,2,107.33,CUST-1137
TXN-006171,2023-11-08,WEST,PROD-112,4,426.74,CUST-1189
TXN-006183,2023-11-08,WEST,PROD-105,3,1833.97,CUST-2866
TXN-006296,2023-11-08,WEST,PROD-112,4,438.46,CUST-2146
TXN-006308,2023-11-08,WEST,PROD-108,4,294.3,CUST-1761
TXN-007626,2023-11-08,CENTRAL,PROD-101,3,9735.22,CUST-1735
TXN-007630,2023-11-08,CENTRAL,PROD-112,3,327.54,CUST-2574
TXN-007658,2023-11-08,CENTRAL,PROD-116,5,263.1,CUST-2193
TXN-007684,2023-11-08,CENTRAL,PROD-111,3,159.23,CUST-1584
TXN-007689,2023-11-08,CENTRAL,PROD-112,3,292.06,CUST-2424
TXN-007719,2023-11-08,CENTRAL,PROD-119,1,366.83,CUST-1323
TXN-007724,2023-11-08,CENTRAL,PROD-115,4,629.79,CUST-1373
TXN-007779,2023-11-08,CENTRAL,PROD-115,5,790.05,CUST-2779
TXN-007791,2023-11-08,CENTRAL,PROD-111,2,109.46,CUST-2509
TXN-007797,2023-11-08,CENTRAL,PROD-112,5,491.16,CUST-2025
TXN-007832,2023-11-08,CENTRAL,PROD-104,4,3265.25,CUST-2448
TXN-007864,2023-11-08,CENTRAL,PROD-108,3,215.75,CUST-1711
TXN-007881,2023-11-08,CENTRAL,PROD-117,4,854.58,CUST-2790
TXN-007893,2023-11-08,CENTRAL,PROD-119,5,1585.08,CUST-1241
TXN-007894,2023-11-08,CENTRAL,PROD-117,4,734.54,CUST-2555
TXN-007967,2023-11-08,CENTRAL,PROD-105,2,1226.71,CUST-1945
TXN-000495,2023-11-09,NORTH,PROD-116,2,103.43,CUST-2104
TXN-000496,2023-11-09,NORTH,PROD-118,3,55.62,CUST-2261
TXN-000511,2023-11-09,NORTH,PROD-106,1,83.78,CUST-2620
TXN-000568,2023-11-09,NORTH,PROD-112,5,538.23,CUST-1955
TXN-000586,2023-11-09,NORTH,PROD-112,3,317.66,CUST-1162
TXN-000610,2023-11-09,NORTH,PROD-104,2,1651.41,CUST-1883
TXN-000769,2023-11-09,NORTH,PROD-106,1,87.22,CUST-2751
TXN-000780,2023-11-09,NORTH,PROD-115,2,272.06,CUST-2269
TXN-000857,2023-11-09,NORTH,PROD-112,1,96.75,CUST-2626
TXN-000883,2023-11-09,NORTH,PROD-109,3,506.31,CUST-2060
TXN-000917,2023-11-09,NORTH,PROD-118,5,90.93,CUST-1099
TXN-000938,2023-11-09,NORTH,PROD-113,4,127.16,CUST-2329
TXN-000953,2023-11-09,NORTH,PROD-102,5,566.68,CUST-2318
TXN-002324,2023-11-09,SOUTH,PROD-107,1,314.27,CUST-2165
TXN-002373,2023-11-09,SOUTH,PROD-118,3,64.71,CUST-1919
TXN-002392,2023-11-09,SOUTH,PROD-106,3,262.6,CUST-2101
TXN-002407,2023-11-09,SOUTH,PROD-105,5,2933.73,CUST-2980
TXN-002534,2023-11-09,SOUTH,PROD-110,4,206.89,CUST-1009
TXN-002584,2023-11-09,SOUTH,PROD-120,1,152.21,CUST-2324
TXN-002607,2023-11-09,SOUTH,PROD-111,4,189.0,CUST-1541
TXN-002638,2023-11-09,SOUTH,PROD-103,2,1035.82,CUST-2748
TXN-002645,2023-11-09,SOUTH,PROD-116,3,160.49,CUST-1028
TXN-002655,2023-11-09,SOUTH,PROD-110,2,90.8,CUST-2066
TXN-002701,2023-11-09,SOUTH,PROD-113,4,124.7,CUST-1220
TXN-002724,2023-11-09,SOUTH,PROD-116,4,227.83,CUST-1462
TXN-002785,2023-11-09,SOUTH,PROD-109,1,197.95,CUST-2580
TXN-002799,2023-11-09,SOUTH,PROD-101,3,9072.76,CUST-1092
TXN-004399,2023-11-09,EAST,PROD-120,5,750.23,CUST-2655
TXN-004483,2023-11-09,EAST,PROD-111,3,152.95,CUST-1777
TXN-004535,2023-11-09,EAST,PROD-120,2,289.84,CUST-1471
TXN-004540,2023-11-09,EAST,PROD-109,3,584.98,CUST-2957
TXN-004552,2023-11-09,EAST,PROD-115,2,285.21,CUST-1477
TXN-004604,2023-11-09,EAST,PROD-106,2,148.49,CUST-2932
TXN-004634,2023-11-09,EAST,PROD-116,1,54.04,CUST-2501
TXN-004645,2023-11-09,EAST,PROD-110,5,250.12,CUST-2121
TXN-004661,2023-11-09,EAST,PROD-103,2,1099.62,CUST-2829
TXN-004701,2023-11-09,EAST,PROD-108,1,65.11,CUST-2850
TXN-005934,2023-11-09,WEST,PROD-120,1,142.72,CUST-2872
TXN-005956,2023-11-09,WEST,PROD-113,1,31.51,CUST-1665
TXN-005979,2023-11-09,WEST,PROD-105,2,1303.28,CUST-1843
TXN-005995,2023-11-09,WEST,PROD-105,1,689.18,CUST-2986
TXN-006057,2023-11-09,WEST,PROD-102,3,350.44,CUST-2043
TXN-006067,2023-11-09,WEST,PROD-114,4,60.85,CUST-1601
TXN-006110,2023-11-09,WEST,PROD-110,1,51.16,CUST-1433
TXN-006159,2023-11-09,WEST,PROD-118,3,56.48,CUST-2180
TXN-006163,2023-11-09,WEST,PROD-111,4,207.13,CUST-1683
TXN-006204,2023-11-09,WEST,PROD-105,5,3569.42,CUST-2297
TXN-006218,2023-11-09,WEST,PROD-107,4,1300.19,CUST-1859
TXN-006253,2023-11-09,WEST,PROD-112,3,280.01,CUST-1662
TXN-007666,2023-11-09,CENTRAL,PROD-108,3,213.32,CUST-2884
TXN-007687,2023-11-09,CENTRAL,PROD-116,4,201.26,CUST-1869
TXN-007707,2023-11-09,CENTRAL,PROD-114,1,13.58,CUST-1365
TXN-007731,2023-11-09,CENTRAL,PROD-114,4,58.35,CUST-2188
TXN-007786,2023-11-09,CENTRAL,PROD-109,5,920.16,CUST-2056
TXN-007807,2023-11-09,CENTRAL,PROD-115,3,439.76,CUST-1604
TXN-007883,2023-11-09,CENTRAL,PROD-117,3,629.5,CUST-1884
TXN-000489,2023-11-10,NORTH,PROD-110,2,103.78,CUST-2002
TXN-000512,2023-11-10,NORTH,PROD-119,2,654.55,CUST-2754
TXN-000664,2023-11-10,NORTH,PROD-105,2,1251.77,CUST-1924
TXN-000681,2023-11-10,NORTH,PROD-119,3,1144.97,CUST-2054
TXN-000700,2023-11-10,NORTH,PROD-108,4,288.67,CUST-2442
TXN-000706,2023-11-10,NORTH,PROD-105,4,2742.16,CUST-2543
TXN-000731,2023-11-10,NORTH,PROD-106,1,72.19,CUST-1282
TXN-000749,2023-11-10,NORTH,PROD-120,2,297.82,CUST-2212
TXN-000766,2023-11-10,NORTH,PROD-120,1,141.44,CUST-2755
TXN-000807,2023-11-10,NORTH,PROD-105,2,1359.48,CUST-2944
TXN-000829,2023-11-10,NORTH,PROD-120,4,563.92,CUST-1053
TXN-000840,2023-11-10,NORTH,PROD-103,4,2161.07,CUST-2463
TXN-000858,2023-11-10,NORTH,PROD-110,3,160.25,CUST-2758
TXN-000864,2023-11-10,NORTH,PROD-117,4,741.67,CUST-2744
TXN-000879,2023-11-10,NORTH,PROD-117,5,979.38,CUST-1210
TXN-000909,2023-11-10,NORTH,PROD-105,1,634.85,CUST-2206
TXN-000910,2023-11-10,NORTH,PROD-106,1,85.17,CUST-1611
TXN-000911,2023-11-10,NORTH,PROD-115,5,764.4,CUST-1692
TXN-000924,2023-11-10,NORTH,PROD-104,1,899.58,CUST-2248
TXN-000931,2023-11-10,NORTH,PROD-109,4,655.18,CUST-2666
TXN-000978,2023-11-10,NORTH,PROD-115,2,278.27,CUST-2234
TXN-002347,2023-11-10,SOUTH,PROD-116,1,57.86,CUST-1508
TXN-002475,2023-11-10,SOUTH,PROD-112,5,535.54,CUST-1883
TXN-002503,2023-11-10,SOUTH,PROD-115,4,602.93,CUST-2372
TXN-002519,2023-11-10,SOUTH,PROD-117,1,207.96,CUST-2329
TXN-002524,2023-11-10,SOUTH,PROD-114,3,46.79,CUST-2921
TXN-002549,2023-11-10,SOUTH,PROD-107,5,1602.08,CUST-2488
TXN-002589,2023-11-10,SOUTH,PROD-101,5,16463.81,CUST-2868
TXN-002660,2023-11-10,SOUTH,PROD-116,3,150.6,CUST-1604
TXN-002667,2023-11-10,SOUTH,PROD-108,1,69.61,CUST-1727
TXN-002681,2023-11-10,SOUTH,PROD-102,4,444.05,CUST-2373
TXN-002704,2023-11-10,SOUTH,PROD-102,5,593.29,CUST-2860
TXN-002711,2023-11-10,SOUTH,PROD-113,1,32.49,CUST-2322
TXN-004354,2023-11-10,EAST,PROD-105,2,1390.03,CUST-1532
TXN-004361,2023-11-10,EAST,PROD-117,1,193.69,CUST-1535
TXN-004420,2023-11-10,EAST,PROD-117,1,212.6,CUST-2744
TXN-004585,2023-11-10,EAST,PROD-118,2,39.0,CUST-2487
TXN-004631,2023-11-10,EAST,PROD-108,2,148.31,CUST-2069
TXN-004646,2023-11-10,EAST,PROD-106,3,254.38,CUST-1784
TXN-004673,2023-11-10,EAST,PROD-120,2,328.17,CUST-2583
TXN-004697,2023-11-10,EAST,PROD-111,1,45.69,CUST-2510
TXN-005989,2023-11-10,WEST,PROD-111,1,49.63,CUST-1725
TXN-006016,2023-11-10,WEST,PROD-105,4,2768.09,CUST-2683
TXN-006069,2023-11-10,WEST,PROD-101,1,2959.19,CUST-2921
TXN-006090,2023-11-10,WEST,PROD-104,2,1903.56,CUST-1615
TXN-006131,2023-11-10,WEST,PROD-108,4,279.71,CUST-1892
TXN-006135,2023-11-10,WEST,PROD-107,5,1375.25,CUST-1189
TXN-006165,2023-11-10,WEST,PROD-110,5,247.09,CUST-2625
TXN-006185,2023-11-10,WEST,PROD-104,3,2686.37,CUST-1321
TXN-006191,2023-11-10,WEST,PROD-119,4,1425.23,CUST-1485
TXN-006247,2023-11-10,WEST,PROD-120,1,154.72,CUST-1777
TXN-006286,2023-11-10,WEST,PROD-104,3,2946.48,CUST-2140
TXN-007610,2023-11-10,CENTRAL,PROD-104,1,874.55,CUST-1651
TXN-007631,2023-11-10,CENTRAL,PROD-112,5,537.87,CUST-1093
TXN-007692,2023-11-10,CENTRAL,PROD-109,3,546.84,CUST-2638
TXN-007705,2023-11-10,CENTRAL,PROD-107,2,617.52,CUST-2000
TXN-007761,2023-11-10,CENTRAL,PROD-108,2,137.87,CUST-2123
TXN-007784,2023-11-10,CENTRAL,PROD-120,1,158.99,CUST-2067
TXN-007785,2023-11-10,CENTRAL,PROD-120,4,601.91,CUST-1162
TXN-007788,2023-11-10,CENTRAL,PROD-102,3,355.95,CUST-1544
TXN-007803,2023-11-10,CENTRAL,PROD-118,2,42.56,CUST-2059
TXN-007806,2023-11-10,CENTRAL,PROD-116,3,168.56,CUST-2106
TXN-007818,2023-11-10,CENTRAL,PROD-103,2,955.51,CUST-1237
TXN-007942,2023-11-10,CENTRAL,PROD-112,2,187.51,CUST-2689
TXN-007951,2023-11-10,CENTRAL,PROD-102,3,382.51,CUST-1062
TXN-000482,2023-11-11,NORTH,PROD-114,2,29.46,CUST-1418
TXN-000485,2023-11-11,NORTH,PROD-116,5,268.18,CUST-2960
TXN-000490,2023-11-11,NORTH,PROD-116,3,166.97,CUST-2914
TXN-000515,2023-11-11,NORTH,PROD-108,1,66.64,CUST-1483
TXN-000570,2023-11-11,NORTH,PROD-114,1,15.18,CUST-1454
TXN-000573,2023-11-11,NORTH,PROD-108,4,283.87,CUST-1504
TXN-000599,2023-11-11,NORTH,PROD-113,2,63.46,CUST-2412
TXN-000602,2023-11-11,NORTH,PROD-120,5,818.17,CUST-1813
TXN-000621,2023-11-11,NORTH,PROD-120,4,636.45,CUST-1675
TXN-000657,2023-11-11,NORTH,PROD-120,4,613.32,CUST-2203
TXN-000735,2023-11-11,NORTH,PROD-114,3,45.18,CUST-1539
TXN-000760,2023-11-11,NORTH,PROD-113,3,86.7,CUST-1557
TXN-000767,2023-11-11,NORTH,PROD-105,1,677.44,CUST-2984
TXN-000793,2023-11-11,NORTH,PROD-112,5,452.78,CUST-2435
TXN-000822,2023-11-11,NORTH,PROD-120,5,808.93,CUST-2443
TXN-000846,2023-11-11,NORTH,PROD-103,1,488.8,CUST-1814
TXN-000933,2023-11-11,NORTH,PROD-114,1,13.78,CUST-2553
TXN-002361,2023-11-11,SOUTH,PROD-107,3,894.94,CUST-2861
TXN-002365,2023-11-11,SOUTH,PROD-112,3,314.54,CUST-2207
TXN-002419,2023-11-11,SOUTH,PROD-104,3,2928.56,CUST-2884
TXN-002447,2023-11-11,SOUTH,PROD-115,1,143.59,CUST-1320
TXN-002459,2023-11-11,SOUTH,PROD-101,2,5738.63,CUST-2110
TXN-002487,2023-11-11,SOUTH,PROD-112,1,103.63,CUST-2037
TXN-002498,2023-11-11,SOUTH,PROD-119,1,384.14,CUST-2586
TXN-002537,2023-11-11,SOUTH,PROD-111,2,109.16,CUST-1881
TXN-002544,2023-11-11,SOUTH,PROD-107,1,275.59,CUST-1896
TXN-002565,2023-11-11,SOUTH,PROD-105,2,1191.68,CUST-2417
TXN-002582,2023-11-11,SOUTH,PROD-108,5,319.59,CUST-1581
TXN-002588,2023-11-11,SOUTH,PROD-119,4,1326.16,CUST-1044
TXN-002604,2023-11-11,SOUTH,PROD-105,5,3502.02,CUST-2979
TXN-002644,2023-11-11,SOUTH,PROD-115,4,628.14,CUST-2118
TXN-002714,2023-11-11,SOUTH,PROD-119,5,1696.78,CUST-2265
TXN-002741,2023-11-11,SOUTH,PROD-114,3,42.28,CUST-2819
TXN-002793,2023-11-11,SOUTH,PROD-103,4,1871.88,CUST-2569
TXN-002802,2023-11-11,SOUTH,PROD-119,3,1119.09,CUST-2395
TXN-004379,2023-11-11,EAST,PROD-103,1,531.29,CUST-1590
TXN-004392,2023-11-11,EAST,PROD-119,1,367.85,CUST-2629
TXN-004427,2023-11-11,EAST,PROD-116,1,58.61,CUST-1369
TXN-004470,2023-11-11,EAST,PROD-120,2,325.13,CUST-2284
TXN-004476,2023-11-11,EAST,PROD-102,1,110.97,CUST-1277
TXN-004498,2023-11-11,EAST,PROD-120,5,727.01,CUST-2896
TXN-004503,2023-11-11,EAST,PROD-120,1,146.69,CUST-1213
TXN-004533,2023-11-11,EAST,PROD-107,1,293.19,CUST-2624
TXN-004653,2023-11-11,EAST,PROD-111,1,45.42,CUST-2289
TXN-004679,2023-11-11,EAST,PROD-120,5,808.73,CUST-2966
TXN-005943,2023-11-11,WEST,PROD-108,3,189.66,CUST-2434
TXN-005965,2023-11-11,WEST,PROD-116,5,299.53,CUST-1661
TXN-005966,2023-11-11,WEST,PROD-112,4,388.13,CUST-2979
TXN-005987,2023-11-11,WEST,PROD-105,5,3099.62,CUST-1430
TXN-005993,2023-11-11,WEST,PROD-119,5,1590.76,CUST-2348
TXN-006017,2023-11-11,WEST,PROD-119,3,1031.98,CUST-2124
TXN-006026,2023-11-11,WEST,PROD-109,1,184.57,CUST-1912
TXN-006050,2023-11-11,WEST,PROD-112,4,361.03,CUST-1998
TXN-006172,2023-11-11,WEST,PROD-106,4,350.79,CUST-1828
TXN-006242,2023-11-11,WEST,PROD-105,4,2825.58,CUST-1154
TXN-006251,2023-11-11,WEST,PROD-102,4,489.25,CUST-1888
TXN-006291,2023-11-11,WEST,PROD-105,5,3419.57,CUST-1196
TXN-006301,2023-11-11,WEST,PROD-111,5,241.11,CUST-1706
TXN-007620,2023-11-11,CENTRAL,PROD-107,5,1459.19,CUST-2581
TXN-007632,2023-11-11,CENTRAL,PROD-112,5,490.63,CUST-1658
TXN-007670,2023-11-11,CENTRAL,PROD-115,5,788.4,CUST-2889
TXN-007681,2023-11-11,CENTRAL,PROD-105,5,3141.42,CUST-2569
TXN-007702,2023-11-11,CENTRAL,PROD-119,3,955.69,CUST-2986
TXN-007714,2023-11-11,CENTRAL,PROD-104,2,1633.9,CUST-1425
TXN-007726,2023-11-11,CENTRAL,PROD-116,5,276.9,CUST-1912
TXN-007732,2023-11-11,CENTRAL,PROD-105,3,1946.49,CUST-1027
TXN-007746,2023-11-11,CENTRAL,PROD-107,4,1097.85,CUST-2057
TXN-007773,2023-11-11,CENTRAL,PROD-120,4,629.74,CUST-1522
TXN-007783,2023-11-11,CENTRAL,PROD-116,1,58.38,CUST-1938
TXN-007789,2023-11-11,CENTRAL,PROD-101,5,15351.56,CUST-2143
TXN-007796,2023-11-11,CENTRAL,PROD-120,2,319.09,CUST-1157
TXN-007817,2023-11-11,CENTRAL,PROD-117,3,645.99,CUST-2554
TXN-007843,2023-11-11,CENTRAL,PROD-117,4,780.23,CUST-1725
TXN-007846,2023-11-11,CENTRAL,PROD-105,1,706.95,CUST-2874
TXN-007882,2023-11-11,CENTRAL,PROD-113,5,135.26,CUST-2975
TXN-007886,2023-11-11,CENTRAL,PROD-112,5,496.47,CUST-2413
TXN-007889,2023-11-11,CENTRAL,PROD-119,5,1812.07,CUST-1572
TXN-007906,2023-11-11,CENTRAL,PROD-108,4,259.47,CUST-2455
TXN-007945,2023-11-11,CENTRAL,PROD-113,5,156.76,CUST-2426
TXN-007969,2023-11-11,CENTRAL,PROD-117,1,211.24,CUST-2188
TXN-000522,2023-11-12,NORTH,PROD-114,5,81.14,CUST-2552
TXN-000525,2023-11-12,NORTH,PROD-103,5,2306.06,CUST-2698
TXN-000533,2023-11-12,NORTH,PROD-103,5,2747.01,CUST-2915
TXN-000553,2023-11-12,NORTH,PROD-113,5,144.51,CUST-1853
TXN-000576,2023-11-12,NORTH,PROD-106,2,167.03,CUST-2001
TXN-000587,2023-11-12,NORTH,PROD-113,4,121.52,CUST-2428
TXN-000636,2023-11-12,NORTH,PROD-118,5,102.71,CUST-1175
TXN-000719,2023-11-12,NORTH,PROD-111,2,97.72,CUST-2719
TXN-000737,2023-11-12,NORTH,PROD-102,4,514.46,CUST-1342
TXN-000738,2023-11-12,NORTH,PROD-106,3,253.09,CUST-2832
TXN-000744,2023-11-12,NORTH,PROD-104,5,4655.94,CUST-1108
TXN-000752,2023-11-12,NORTH,PROD-101,3,8102.6,CUST-2347
TXN-000768,2023-11-12,NORTH,PROD-113,5,136.42,CUST-1613
TXN-000773,2023-11-12,NORTH,PROD-103,5,2543.01,CUST-2879
TXN-000786,2023-11-12,NORTH,PROD-119,5,1687.51,CUST-1554
TXN-000794,2023-11-12,NORTH,PROD-119,5,1624.69,CUST-2943
TXN-000801,2023-11-12,NORTH,PROD-103,3,1561.33,CUST-2357
TXN-000817,2023-11-12,NORTH,PROD-118,4,73.59,CUST-1982
TXN-000852,2023-11-12,NORTH,PROD-114,3,43.92,CUST-1995
TXN-000863,2023-11-12,NORTH,PROD-102,5,634.93,CUST-1135
TXN-000871,2023-11-12,NORTH,PROD-106,3,251.92,CUST-2411
TXN-000890,2023-11-12,NORTH,PROD-117,3,641.42,CUST-2722
TXN-000895,2023-11-12,NORTH,PROD-109,5,862.88,CUST-2744
TXN-000913,2023-11-12,NORTH,PROD-107,2,653.75,CUST-2881
TXN-002317,2023-11-12,SOUTH,PROD-108,5,362.83,CUST-1087
TXN-002329,2023-11-12,SOUTH,PROD-106,4,310.65,CUST-1208
TXN-002333,2023-11-12,SOUTH,PROD-110,3,147.82,CUST-1374
TXN-002424,2023-11-12,SOUTH,PROD-109,1,190.39,CUST-2765
TXN-002434,2023-11-12,SOUTH,PROD-101,2,6592.66,CUST-1036
TXN-002435,2023-11-12,SOUTH,PROD-118,4,87.28,CUST-2887
TXN-002481,2023-11-12,SOUTH,PROD-112,1,91.41,CUST-2456
TXN-002508,2023-11-12,SOUTH,PROD-119,4,1490.4,CUST-2149
TXN-002517,2023-11-12,SOUTH,PROD-107,2,656.59,CUST-2182
TXN-002548,2023-11-12,SOUTH,PROD-106,2,164.86,CUST-1455
TXN-002664,2023-11-12,SOUTH,PROD-110,5,258.21,CUST-2575
TXN-002676,2023-11-12,SOUTH,PROD-115,3,443.46,CUST-1862
TXN-002749,2023-11-12,SOUTH,PROD-114,4,57.6,CUST-2741
TXN-002764,2023-11-12,SOUTH,PROD-108,4,291.89,CUST-2929
TXN-002765,2023-11-12,SOUTH,PROD-118,3,64.4,CUST-1501
TXN-002791,2023-11-12,SOUTH,PROD-116,5,259.43,CUST-1120
TXN-004348,2023-11-12,EAST,PROD-113,1,31.85,CUST-2508
TXN-004353,2023-11-12,EAST,PROD-118,3,60.45,CUST-1794
TXN-004380,2023-11-12,EAST,PROD-117,3,599.01,CUST-1409
TXN-004435,2023-11-12,EAST,PROD-108,1,66.61,CUST-2619
TXN-004491,2023-11-12,EAST,PROD-116,4,212.92,CUST-2828
TXN-004521,2023-11-12,EAST,PROD-109,1,163.12,CUST-2935
TXN-004541,2023-11-12,EAST,PROD-109,3,532.14,CUST-2692
TXN-004567,2023-11-12,EAST,PROD-113,1,28.72,CUST-2879
TXN-004575,2023-11-12,EAST,PROD-109,3,588.84,CUST-2205
TXN-004591,2023-11-12,EAST,PROD-119,4,1310.53,CUST-1929
TXN-004595,2023-11-12,EAST,PROD-115,5,761.55,CUST-2702
TXN-004682,2023-11-12,EAST,PROD-113,1,27.19,CUST-1835
TXN-004690,2023-11-12,EAST,PROD-108,1,63.03,CUST-2006
TXN-005926,2023-11-12,WEST,PROD-119,1,373.92,CUST-1881
TXN-005929,2023-11-12,WEST,PROD-113,3,97.99,CUST-2493
TXN-005971,2023-11-12,WEST,PROD-109,3,497.48,CUST-1359
TXN-005988,2023-11-12,WEST,PROD-113,5,143.06,CUST-1027
TXN-006030,2023-11-12,WEST,PROD-119,1,337.42,CUST-2234
TXN-006084,2023-11-12,WEST,PROD-119,3,1059.37,CUST-2332
TXN-006097,2023-11-12,WEST,PROD-101,5,15677.97,CUST-2199
TXN-006125,2023-11-12,WEST,PROD-109,4,753.25,CUST-2425
TXN-006173,2023-11-12,WEST,PROD-111,5,267.3,CUST-1548
TXN-006177,2023-11-12,WEST,PROD-108,2,137.3,CUST-2192
TXN-006258,2023-11-12,WEST,PROD-114,4,61.21,CUST-2038
TXN-006260,2023-11-12,WEST,PROD-104,5,4941.31,CUST-2436
TXN-007618,2023-11-12,CENTRAL,PROD-109,1,196.36,CUST-2743
TXN-007753,2023-11-12,CENTRAL,PROD-108,3,217.2,CUST-1554
TXN-007759,2023-11-12,CENTRAL,PROD-106,1,79.66,CUST-2329
TXN-007768,2023-11-12,CENTRAL,PROD-110,5,248.63,CUST-2406
TXN-007771,2023-11-12,CENTRAL,PROD-120,5,745.96,CUST-2328
TXN-007777,2023-11-12,CENTRAL,PROD-107,4,1149.97,CUST-2928
TXN-007827,2023-11-12,CENTRAL,PROD-114,1,16.25,CUST-1144
TXN-007828,2023-11-12,CENTRAL,PROD-114,5,79.5,CUST-1279
TXN-007903,2023-11-12,CENTRAL,PROD-115,5,775.12,CUST-1606
TXN-007904,2023-11-12,CENTRAL,PROD-116,3,167.23,CUST-2253
TXN-007908,2023-11-12,CENTRAL,PROD-110,1,50.58,CUST-2279
TXN-007909,2023-11-12,CENTRAL,PROD-106,3,222.26,CUST-2748
TXN-007914,2023-11-12,CENTRAL,PROD-116,3,171.92,CUST-1655
TXN-007932,2023-11-12,CENTRAL,PROD-116,1,51.71,CUST-2231
TXN-007956,2023-11-12,CENTRAL,PROD-102,4,475.52,CUST-2539
TXN-000514,2023-11-13,NORTH,PROD-104,2,1973.38,CUST-1978
TXN-000519,2023-11-13,NORTH,PROD-117,3,622.8,CUST-2309
TXN-000536,2023-11-13,NORTH,PROD-115,4,585.04,CUST-2399
TXN-000567,2023-11-13,NORTH,PROD-115,5,772.26,CUST-1632
TXN-000605,2023-11-13,NORTH,PROD-114,2,31.06,CUST-2354
TXN-000606,2023-11-13,NORTH,PROD-103,5,2397.64,CUST-1505
TXN-000614,2023-11-13,NORTH,PROD-103,5,2702.55,CUST-1498
TXN-000625,2023-11-13,NORTH,PROD-111,3,157.01,CUST-2297
TXN-000633,2023-11-13,NORTH,PROD-103,4,2196.24,CUST-1982
TXN-000741,2023-11-13,NORTH,PROD-105,2,1412.08,CUST-2757
TXN-000746,2023-11-13,NORTH,PROD-103,4,2146.37,CUST-2585
TXN-000753,2023-11-13,NORTH,PROD-110,1,47.04,CUST-1488
TXN-000778,2023-11-13,NORTH,PROD-116,1,53.7,CUST-1874
TXN-000792,2023-11-13,NORTH,PROD-112,2,187.03,CUST-2214
TXN-000802,2023-11-13,NORTH,PROD-119,1,338.55,CUST-1661
TXN-000854,2023-11-13,NORTH,PROD-105,5,3320.57,CUST-2421
TXN-000855,2023-11-13,NORTH,PROD-102,4,517.36,CUST-1679
TXN-000954,2023-11-13,NORTH,PROD-113,2,54.93,CUST-1910
TXN-002325,2023-11-13,SOUTH,PROD-107,3,977.21,CUST-2965
TXN-002338,2023-11-13,SOUTH,PROD-114,3,48.58,CUST-1329
TXN-002353,2023-11-13,SOUTH,PROD-102,3,395.28,CUST-2903
TXN-002394,2023-11-13,SOUTH,PROD-109,5,909.11,CUST-2673
TXN-002417,2023-11-13,SOUTH,PROD-104,4,3362.05,CUST-1226
TXN-002453,2023-11-13,SOUTH,PROD-105,2,1274.09,CUST-1115
TXN-002485,2023-11-13,SOUTH,PROD-114,5,81.2,CUST-1265
TXN-002499,2023-11-13,SOUTH,PROD-102,3,380.82,CUST-1970
TXN-002530,2023-11-13,SOUTH,PROD-104,2,1928.26,CUST-2947
TXN-002539,2023-11-13,SOUTH,PROD-102,5,591.44,CUST-2924
TXN-002574,2023-11-13,SOUTH,PROD-114,2,30.38,CUST-1766
TXN-002594,2023-11-13,SOUTH,PROD-103,5,2637.25,CUST-2012
TXN-002615,2023-11-13,SOUTH,PROD-115,5,751.97,CUST-2598
TXN-002616,2023-11-13,SOUTH,PROD-107,1,286.66,CUST-1337
TXN-002622,2023-11-13,SOUTH,PROD-117,4,801.23,CUST-1109
TXN-002624,2023-11-13,SOUTH,PROD-114,2,28.74,CUST-1825
TXN-002723,2023-11-13,SOUTH,PROD-105,5,3286.65,CUST-1401
TXN-002775,2023-11-13,SOUTH,PROD-116,1,58.98,CUST-1788
TXN-002782,2023-11-13,SOUTH,PROD-110,5,248.13,CUST-2173
TXN-002784,2023-11-13,SOUTH,PROD-115,2,277.89,CUST-1032
TXN-002811,2023-11-13,SOUTH,PROD-103,1,545.85,CUST-1460
TXN-004373,2023-11-13,EAST,PROD-109,1,179.59,CUST-1868
TXN-004388,2023-11-13,EAST,PROD-114,2,27.46,CUST-2199
TXN-004391,2023-11-13,EAST,PROD-114,4,55.17,CUST-2977
TXN-004459,2023-11-13,EAST,PROD-111,1,54.09,CUST-1738
TXN-004471,2023-11-13,EAST,PROD-109,5,885.94,CUST-2359
TXN-004473,2023-11-13,EAST,PROD-120,5,741.0,CUST-2906
TXN-004479,2023-11-13,EAST,PROD-102,3,332.14,CUST-1972
TXN-004496,2023-11-13,EAST,PROD-105,2,1370.29,CUST-1690
TXN-004538,2023-11-13,EAST,PROD-115,4,600.58,CUST-2054
TXN-004554,2023-11-13,EAST,PROD-109,2,343.26,CUST-2853
TXN-004563,2023-11-13,EAST,PROD-115,4,585.49,CUST-1093
TXN-004576,2023-11-13,EAST,PROD-115,1,144.93,CUST-2850
TXN-004651,2023-11-13,EAST,PROD-106,2,162.05,CUST-2494
TXN-004684,2023-11-13,EAST,PROD-119,4,1523.97,CUST-2862
TXN-005953,2023-11-13,WEST,PROD-103,2,1039.56,CUST-1524
TXN-006042,2023-11-13,WEST,PROD-120,1,161.18,CUST-1097
TXN-006098,2023-11-13,WEST,PROD-106,1,80.92,CUST-1387
TXN-006102,2023-11-13,WEST,PROD-108,3,196.28,CUST-2946
TXN-006112,2023-11-13,WEST,PROD-112,4,430.49,CUST-1287
TXN-006116,2023-11-13,WEST,PROD-120,3,437.01,CUST-2553
TXN-006150,2023-11-13,WEST,PROD-114,4,54.4,CUST-1646
TXN-006202,2023-11-13,WEST,PROD-107,5,1580.41,CUST-2604
TXN-006266,2023-11-13,WEST,PROD-101,4,10854.1,CUST-1088
TXN-006314,2023-11-13,WEST,PROD-120,5,699.06,CUST-2256
TXN-007642,2023-11-13,CENTRAL,PROD-117,5,1055.32,CUST-1125
TXN-007678,2023-11-13,CENTRAL,PROD-119,2,650.79,CUST-1405
TXN-007728,2023-11-13,CENTRAL,PROD-107,2,559.03,CUST-2353
TXN-007745,2023-11-13,CENTRAL,PROD-109,1,177.74,CUST-1003
TXN-007748,2023-11-13,CENTRAL,PROD-118,5,90.17,CUST-1413
TXN-007895,2023-11-13,CENTRAL,PROD-105,5,3070.45,CUST-1729
TXN-007902,2023-11-13,CENTRAL,PROD-112,5,493.1,CUST-2272
TXN-007966,2023-11-13,CENTRAL,PROD-120,4,587.63,CUST-2239
TXN-000483,2023-11-14,NORTH,PROD-117,5,1084.05,CUST-2788
TXN-000554,2023-11-14,NORTH,PROD-105,3,1901.79,CUST-2546
TXN-000557,2023-11-14,NORTH,PROD-114,5,75.4,CUST-1796
TXN-000651,2023-11-14,NORTH,PROD-113,1,31.41,CUST-2809
TXN-000683,2023-11-14,NORTH,PROD-102,3,386.4,CUST-1260
TXN-000712,2023-11-14,NORTH,PROD-111,2,94.94,CUST-2321
TXN-000730,2023-11-14,NORTH,PROD-104,4,3680.81,CUST-1113
TXN-000743,2023-11-14,NORTH,PROD-111,3,159.75,CUST-2171
TXN-000754,2023-11-14,NORTH,PROD-116,1,60.19,CUST-1292
TXN-000759,2023-11-14,NORTH,PROD-105,2,1245.82,CUST-2743
TXN-000816,2023-11-14,NORTH,PROD-106,4,319.52,CUST-1776
TXN-000845,2023-11-14,NORTH,PROD-107,2,640.07,CUST-1529
TXN-000849,2023-11-14,NORTH,PROD-104,4,3347.71,CUST-2161
TXN-000900,2023-11-14,NORTH,PROD-119,4,1300.07,CUST-2767
TXN-000905,2023-11-14,NORTH,PROD-113,4,131.12,CUST-1786
TXN-000912,2023-11-14,NORTH,PROD-105,3,2143.46,CUST-2004
TXN-000919,2023-11-14,NORTH,PROD-115,4,554.79,CUST-1518
TXN-000923,2023-11-14,NORTH,PROD-104,5,4696.84,CUST-1242
TXN-000985,2023-11-14,NORTH,PROD-118,3,64.5,CUST-1866
TXN-002321,2023-11-14,SOUTH,PROD-116,4,205.46,CUST-2987
TXN-002330,2023-11-14,SOUTH,PROD-116,2,100.85,CUST-2054
TXN-002336,2023-11-14,SOUTH,PROD-101,3,9690.4,CUST-2453
TXN-002346,2023-11-14,SOUTH,PROD-120,1,148.02,CUST-1593
TXN-002441,2023-11-14,SOUTH,PROD-112,1,104.02,CUST-2358
TXN-002445,2023-11-14,SOUTH,PROD-105,2,1292.12,CUST-1287
TXN-002452,2023-11-14,SOUTH,PROD-106,3,262.68,CUST-2069
TXN-002516,2023-11-14,SOUTH,PROD-118,2,40.79,CUST-1443
TXN-002529,2023-11-14,SOUTH,PROD-107,2,633.2,CUST-2130
TXN-002585,2023-11-14,SOUTH,PROD-114,3,47.79,CUST-1406
TXN-002587,2023-11-14,SOUTH,PROD-104,1,891.49,CUST-2232
TXN-002593,2023-11-14,SOUTH,PROD-110,3,144.49,CUST-1709
TXN-002663,2023-11-14,SOUTH,PROD-112,1,90.99,CUST-1283
TXN-002677,2023-11-14,SOUTH,PROD-115,1,162.37,CUST-1055
TXN-002733,2023-11-14,SOUTH,PROD-113,1,30.4,CUST-1261
TXN-002746,2023-11-14,SOUTH,PROD-120,5,814.35,CUST-2818
TXN-002781,2023-11-14,SOUTH,PROD-114,1,15.91,CUST-2134
TXN-002803,2023-11-14,SOUTH,PROD-103,4,2150.3,CUST-1294
TXN-002805,2023-11-14,SOUTH,PROD-112,4,435.35,CUST-1603
TXN-002813,2023-11-14,SOUTH,PROD-118,1,21.38,CUST-2081
TXN-002819,2023-11-14,SOUTH,PROD-112,1,97.03,CUST-2036
TXN-004384,2023-11-14,EAST,PROD-120,3,449.63,CUST-1419
TXN-004469,2023-11-14,EAST,PROD-117,1,211.48,CUST-2720
TXN-004489,2023-11-14,EAST,PROD-102,3,380.79,CUST-1537
TXN-004512,2023-11-14,EAST,PROD-109,2,369.96,CUST-1871
TXN-004522,2023-11-14,EAST,PROD-109,3,556.47,CUST-1585
TXN-004572,2023-11-14,EAST,PROD-119,3,1119.7,CUST-2619
TXN-004588,2023-11-14,EAST,PROD-118,5,100.35,CUST-2302
TXN-004628,2023-11-14,EAST,PROD-119,3,1087.87,CUST-1010
TXN-004642,2023-11-14,EAST,PROD-117,1,196.22,CUST-1560
TXN-005962,2023-11-14,WEST,PROD-103,4,1960.27,CUST-1016
TXN-005994,2023-11-14,WEST,PROD-101,2,6260.65,CUST-1514
TXN-006027,2023-11-14,WEST,PROD-116,3,158.83,CUST-2216
TXN-006034,2023-11-14,WEST,PROD-107,5,1356.81,CUST-1319
TXN-006048,2023-11-14,WEST,PROD-116,3,163.66,CUST-2258
TXN-006049,2023-11-14,WEST,PROD-117,2,439.7,CUST-1392
TXN-006099,2023-11-14,WEST,PROD-113,4,118.99,CUST-2229
TXN-006107,2023-11-14,WEST,PROD-116,3,168.84,CUST-1034
TXN-006132,2023-11-14,WEST,PROD-104,5,4224.84,CUST-2431
TXN-006137,2023-11-14,WEST,PROD-106,1,87.11,CUST-1031
TXN-006140,2023-11-14,WEST,PROD-110,2,96.59,CUST-1931
TXN-006153,2023-11-14,WEST,PROD-108,2,149.75,CUST-2064
TXN-006167,2023-11-14,WEST,PROD-107,3,841.27,CUST-1112
TXN-006176,2023-11-14,WEST,PROD-110,1,47.66,CUST-2604
TXN-006190,2023-11-14,WEST,PROD-104,4,3766.08,CUST-1302
TXN-006193,2023-11-14,WEST,PROD-104,3,2894.61,CUST-2380
TXN-006212,2023-11-14,WEST,PROD-118,2,37.73,CUST-1452
TXN-006233,2023-11-14,WEST,PROD-102,4,486.25,CUST-2375
TXN-006269,2023-11-14,WEST,PROD-106,3,217.92,CUST-2435
TXN-007609,2023-11-14,CENTRAL,PROD-106,5,360.24,CUST-1266
TXN-007700,2023-11-14,CENTRAL,PROD-118,3,56.95,CUST-1009
TXN-007703,2023-11-14,CENTRAL,PROD-107,3,887.14,CUST-2024
TXN-007706,2023-11-14,CENTRAL,PROD-107,5,1566.9,CUST-1127
TXN-007730,2023-11-14,CENTRAL,PROD-119,5,1593.51,CUST-1597
TXN-007747,2023-11-14,CENTRAL,PROD-102,3,351.85,CUST-2469
TXN-007790,2023-11-14,CENTRAL,PROD-107,2,570.99,CUST-2567
TXN-007795,2023-11-14,CENTRAL,PROD-117,5,1010.73,CUST-2489
TXN-007844,2023-11-14,CENTRAL,PROD-111,3,137.37,CUST-2905
TXN-007857,2023-11-14,CENTRAL,PROD-110,2,105.73,CUST-2904
TXN-007866,2023-11-14,CENTRAL,PROD-106,2,174.51,CUST-1265
TXN-007875,2023-11-14,CENTRAL,PROD-117,5,1045.24,CUST-2435
TXN-007878,2023-11-14,CENTRAL,PROD-116,5,277.01,CUST-2955
TXN-007896,2023-11-14,CENTRAL,PROD-118,5,91.02,CUST-2825
TXN-007922,2023-11-14,CENTRAL,PROD-108,3,216.02,CUST-2627
TXN-000516,2023-11-15,NORTH,PROD-109,3,518.58,CUST-2481
TXN-000529,2023-11-15,NORTH,PROD-102,4,444.63,CUST-1851
TXN-000530,2023-11-15,NORTH,PROD-119,1,354.11,CUST-2378
TXN-000540,2023-11-15,NORTH,PROD-118,4,80.47,CUST-2687
TXN-000546,2023-11-15,NORTH,PROD-108,5,330.16,CUST-2769
TXN-000604,2023-11-15,NORTH,PROD-116,2,106.81,CUST-2928
TXN-000611,2023-11-15,NORTH,PROD-118,5,100.2,CUST-1212
TXN-000622,2023-11-15,NORTH,PROD-111,4,212.58,CUST-2761
TXN-000630,2023-11-15,NORTH,PROD-110,1,53.18,CUST-2630
TXN-000645,2023-11-15,NORTH,PROD-107,5,1494.83,CUST-1976
TXN-000675,2023-11-15,NORTH,PROD-109,3,579.09,CUST-1179
TXN-000676,2023-11-15,NORTH,PROD-104,2,1695.54,CUST-2511
TXN-000695,2023-11-15,NORTH,PROD-101,1,3257.65,CUST-1324
TXN-000696,2023-11-15,NORTH,PROD-115,1,164.74,CUST-1877
TXN-000757,2023-11-15,NORTH,PROD-103,5,2297.74,CUST-1274
TXN-000763,2023-11-15,NORTH,PROD-111,4,184.79,CUST-1734
TXN-000770,2023-11-15,NORTH,PROD-118,5,94.95,CUST-1947
TXN-000843,2023-11-15,NORTH,PROD-106,2,175.09,CUST-2656
TXN-000868,2023-11-15,NORTH,PROD-117,4,821.62,CUST-1254
TXN-000870,2023-11-15,NORTH,PROD-106,4,325.52,CUST-1717
TXN-000956,2023-11-15,NORTH,PROD-111,1,54.8,CUST-2527
TXN-000971,2023-11-15,NORTH,PROD-119,5,1622.08,CUST-2022
TXN-002328,2023-11-15,SOUTH,PROD-111,3,145.59,CUST-1011
TXN-002395,2023-11-15,SOUTH,PROD-108,3,200.26,CUST-2192
TXN-002426,2023-11-15,SOUTH,PROD-116,1,50.74,CUST-1876
TXN-002471,2023-11-15,SOUTH,PROD-103,1,545.27,CUST-1475
TXN-002486,2023-11-15,SOUTH,PROD-112,5,534.43,CUST-2950
TXN-002488,2023-11-15,SOUTH,PROD-109,1,184.33,CUST-2319
TXN-002514,2023-11-15,SOUTH,PROD-105,4,2672.2,CUST-2185
TXN-002520,2023-11-15,SOUTH,PROD-114,4,58.18,CUST-2697
TXN-002590,2023-11-15,SOUTH,PROD-110,2,106.81,CUST-1825
TXN-002611,2023-11-15,SOUTH,PROD-113,2,59.83,CUST-1698
TXN-002618,2023-11-15,SOUTH,PROD-104,1,853.29,CUST-2832
TXN-002619,2023-11-15,SOUTH,PROD-106,3,217.34,CUST-2356
TXN-002623,2023-11-15,SOUTH,PROD-109,3,496.54,CUST-2329
TXN-002657,2023-11-15,SOUTH,PROD-119,3,1005.54,CUST-2986
TXN-002702,2023-11-15,SOUTH,PROD-114,4,55.74,CUST-1581
TXN-002703,2023-11-15,SOUTH,PROD-104,5,4400.44,CUST-2189
TXN-002706,2023-11-15,SOUTH,PROD-109,1,197.33,CUST-1733
TXN-002760,2023-11-15,SOUTH,PROD-106,3,218.07,CUST-1717
TXN-002776,2023-11-15,SOUTH,PROD-102,2,225.86,CUST-1378
TXN-002790,2023-11-15,SOUTH,PROD-101,4,10821.25,CUST-1076
TXN-002801,2023-11-15,SOUTH,PROD-104,5,4119.66,CUST-1418
TXN-004394,2023-11-15,EAST,PROD-104,3,2450.14,CUST-2534
TXN-004403,2023-11-15,EAST,PROD-104,4,3515.16,CUST-2140
TXN-004425,2023-11-15,EAST,PROD-101,5,14017.68,CUST-2663
TXN-004433,2023-11-15,EAST,PROD-113,5,163.24,CUST-2373
TXN-004440,2023-11-15,EAST,PROD-119,4,1310.85,CUST-2311
TXN-004444,2023-11-15,EAST,PROD-117,3,558.17,CUST-1910
TXN-004527,2023-11-15,EAST,PROD-115,4,631.66,CUST-1498
TXN-004613,2023-11-15,EAST,PROD-106,2,170.45,CUST-1571
TXN-004632,2023-11-15,EAST,PROD-114,5,75.78,CUST-1437
TXN-004649,2023-11-15,EAST,PROD-109,1,176.16,CUST-1920
TXN-004656,2023-11-15,EAST,PROD-117,4,735.12,CUST-2407
TXN-004658,2023-11-15,EAST,PROD-113,1,31.11,CUST-1363
TXN-004691,2023-11-15,EAST,PROD-113,2,57.99,CUST-1017
TXN-005915,2023-11-15,WEST,PROD-107,2,652.69,CUST-1849
TXN-005918,2023-11-15,WEST,PROD-101,2,6070.19,CUST-1108
TXN-006000,2023-11-15,WEST,PROD-115,4,574.25,CUST-1895
TXN-006001,2023-11-15,WEST,PROD-112,5,486.48,CUST-2943
TXN-006012,2023-11-15,WEST,PROD-107,1,293.03,CUST-1373
TXN-006043,2023-11-15,WEST,PROD-119,2,660.7,CUST-2597
TXN-006051,2023-11-15,WEST,PROD-108,1,73.71,CUST-2721
TXN-006062,2023-11-15,WEST,PROD-104,3,2768.97,CUST-1806
TXN-006169,2023-11-15,WEST,PROD-116,2,105.07,CUST-2174
TXN-006264,2023-11-15,WEST,PROD-103,4,1862.39,CUST-1828
TXN-006284,2023-11-15,WEST,PROD-105,2,1369.18,CUST-2087
TXN-006309,2023-11-15,WEST,PROD-102,1,117.57,CUST-1295
TXN-006310,2023-11-15,WEST,PROD-114,1,16.27,CUST-1857
TXN-007633,2023-11-15,CENTRAL,PROD-116,5,280.85,CUST-2747
TXN-007637,2023-11-15,CENTRAL,PROD-109,3,568.81,CUST-2399
TXN-007690,2023-11-15,CENTRAL,PROD-102,2,217.75,CUST-1842
TXN-007711,2023-11-15,CENTRAL,PROD-112,3,310.56,CUST-1821
TXN-007716,2023-11-15,CENTRAL,PROD-114,5,74.58,CUST-1336
TXN-007725,2023-11-15,CENTRAL,PROD-102,3,344.57,CUST-2147
TXN-007740,2023-11-15,CENTRAL,PROD-102,4,440.26,CUST-2854
TXN-007751,2023-11-15,CENTRAL,PROD-119,5,1641.77,CUST-1253
TXN-007772,2023-11-15,CENTRAL,PROD-111,2,107.34,CUST-1865
TXN-007780,2023-11-15,CENTRAL,PROD-114,4,62.86,CUST-2580
TXN-007811,2023-11-15,CENTRAL,PROD-106,4,309.46,CUST-1098
TXN-007822,2023-11-15,CENTRAL,PROD-111,1,54.87,CUST-2191
TXN-007860,2023-11-15,CENTRAL,PROD-113,1,31.32,CUST-1307
TXN-007887,2023-11-15,CENTRAL,PROD-101,1,3095.53,CUST-1867
TXN-007899,2023-11-15,CENTRAL,PROD-109,2,347.46,CUST-1939
TXN-007911,2023-11-15,CENTRAL,PROD-117,5,932.76,CUST-2556
TXN-007934,2023-11-15,CENTRAL,PROD-114,5,73.69,CUST-1381
TXN-007958,2023-11-15,CENTRAL,PROD-105,2,1189.54,CUST-1773
TXN-000565,2023-11-16,NORTH,PROD-108,5,364.21,CUST-1813
TXN-000574,2023-11-16,NORTH,PROD-118,3,57.06,CUST-2683
TXN-000575,2023-11-16,NORTH,PROD-116,4,205.36,CUST-2629
TXN-000618,2023-11-16,NORTH,PROD-103,3,1425.48,CUST-1506
TXN-000626,2023-11-16,NORTH,PROD-119,2,675.6,CUST-1575
TXN-000643,2023-11-16,NORTH,PROD-104,3,2654.6,CUST-2970
TXN-000663,2023-11-16,NORTH,PROD-118,2,40.42,CUST-2003
TXN-000718,2023-11-16,NORTH,PROD-120,1,150.84,CUST-1025
TXN-000750,2023-11-16,NORTH,PROD-107,5,1578.09,CUST-1503
TXN-000804,2023-11-16,NORTH,PROD-111,2,104.12,CUST-2151
TXN-000832,2023-11-16,NORTH,PROD-109,1,185.1,CUST-1794
TXN-000920,2023-11-16,NORTH,PROD-105,2,1350.73,CUST-2291
TXN-000927,2023-11-16,NORTH,PROD-107,4,1159.31,CUST-1006
TXN-000929,2023-11-16,NORTH,PROD-105,1,686.33,CUST-1154
TXN-000941,2023-11-16,NORTH,PROD-119,4,1310.72,CUST-1778
TXN-000949,2023-11-16,NORTH,PROD-112,4,371.86,CUST-2693
TXN-000984,2023-11-16,NORTH,PROD-119,5,1904.88,CUST-2455
TXN-002363,2023-11-16,SOUTH,PROD-112,3,288.23,CUST-1199
TXN-002429,2023-11-16,SOUTH,PROD-114,5,79.35,CUST-1683
TXN-002456,2023-11-16,SOUTH,PROD-111,4,213.05,CUST-1338
TXN-002507,2023-11-16,SOUTH,PROD-118,2,43.7,CUST-1895
TXN-002527,2023-11-16,SOUTH,PROD-120,5,689.91,CUST-1910
TXN-002596,2023-11-16,SOUTH,PROD-104,3,2936.33,CUST-1211
TXN-002610,2023-11-16,SOUTH,PROD-102,2,216.61,CUST-1443
TXN-002688,2023-11-16,SOUTH,PROD-105,2,1402.69,CUST-2311
TXN-002693,2023-11-16,SOUTH,PROD-101,5,14831.4,CUST-1114
TXN-002712,2023-11-16,SOUTH,PROD-113,4,122.5,CUST-1370
TXN-002717,2023-11-16,SOUTH,PROD-116,3,173.55,CUST-2581
TXN-002762,2023-11-16,SOUTH,PROD-104,1,823.74,CUST-2922
TXN-004351,2023-11-16,EAST,PROD-101,1,2837.31,CUST-1930
TXN-004365,2023-11-16,EAST,PROD-119,4,1363.16,CUST-2829
TXN-004438,2023-11-16,EAST,PROD-110,5,252.86,CUST-1683
TXN-004457,2023-11-16,EAST,PROD-114,1,14.52,CUST-1510
TXN-004484,2023-11-16,EAST,PROD-101,1,2714.85,CUST-2344
TXN-004551,2023-11-16,EAST,PROD-119,2,747.23,CUST-1215
TXN-004605,2023-11-16,EAST,PROD-111,5,254.33,CUST-1921
TXN-004608,2023-11-16,EAST,PROD-102,3,355.3,CUST-2036
TXN-004629,2023-11-16,EAST,PROD-109,1,193.57,CUST-2176
TXN-004683,2023-11-16,EAST,PROD-119,5,1579.52,CUST-1040
TXN-004693,2023-11-16,EAST,PROD-107,4,1155.11,CUST-1267
TXN-006011,2023-11-16,WEST,PROD-110,5,235.44,CUST-2740
TXN-006055,2023-11-16,WEST,PROD-120,5,776.27,CUST-2514
TXN-006071,2023-11-16,WEST,PROD-117,2,429.47,CUST-1728
TXN-006083,2023-11-16,WEST,PROD-109,4,673.41,CUST-1251
TXN-006124,2023-11-16,WEST,PROD-108,2,127.83,CUST-2895
TXN-006138,2023-11-16,WEST,PROD-118,1,20.19,CUST-1200
TXN-006174,2023-11-16,WEST,PROD-113,2,58.42,CUST-1505
TXN-006236,2023-11-16,WEST,PROD-104,1,952.32,CUST-1238
TXN-007693,2023-11-16,CENTRAL,PROD-113,1,31.59,CUST-1221
TXN-007704,2023-11-16,CENTRAL,PROD-116,5,280.76,CUST-2377
TXN-007737,2023-11-16,CENTRAL,PROD-116,5,297.28,CUST-1535
TXN-007802,2023-11-16,CENTRAL,PROD-105,1,628.53,CUST-1680
TXN-007810,2023-11-16,CENTRAL,PROD-106,1,76.19,CUST-1161
TXN-007884,2023-11-16,CENTRAL,PROD-108,2,131.23,CUST-1366
TXN-007935,2023-11-16,CENTRAL,PROD-108,3,223.38,CUST-1238
TXN-007970,2023-11-16,CENTRAL,PROD-103,3,1546.76,CUST-2146
TXN-000583,2023-11-17,NORTH,PROD-109,5,985.89,CUST-1036
TXN-000584,2023-11-17,NORTH,PROD-114,2,27.62,CUST-1198
TXN-000585,2023-11-17,NORTH,PROD-105,2,1219.88,CUST-2079
TXN-000724,2023-11-17,NORTH,PROD-114,4,62.38,CUST-1169
TXN-000733,2023-11-17,NORTH,PROD-117,3,560.01,CUST-1260
TXN-000784,2023-11-17,NORTH,PROD-108,5,370.59,CUST-1784
TXN-000789,2023-11-17,NORTH,PROD-112,5,549.91,CUST-2995
TXN-000865,2023-11-17,NORTH,PROD-119,1,327.15,CUST-2793
TXN-000898,2023-11-17,NORTH,PROD-104,4,3621.44,CUST-1847
TXN-000922,2023-11-17,NORTH,PROD-109,5,918.96,CUST-1281
TXN-000946,2023-11-17,NORTH,PROD-119,5,1653.35,CUST-2958
TXN-002366,2023-11-17,SOUTH,PROD-120,3,426.41,CUST-1566
TXN-002375,2023-11-17,SOUTH,PROD-117,1,186.67,CUST-1562
TXN-002379,2023-11-17,SOUTH,PROD-113,5,158.33,CUST-1821
TXN-002383,2023-11-17,SOUTH,PROD-109,3,578.04,CUST-1607
TXN-002421,2023-11-17,SOUTH,PROD-111,5,234.02,CUST-1871
TXN-002433,2023-11-17,SOUTH,PROD-119,2,728.41,CUST-1482
TXN-002468,2023-11-17,SOUTH,PROD-104,5,4776.69,CUST-1308
TXN-002473,2023-11-17,SOUTH,PROD-117,5,1030.23,CUST-2906
TXN-002528,2023-11-17,SOUTH,PROD-119,1,361.73,CUST-2745
TXN-002541,2023-11-17,SOUTH,PROD-106,4,302.74,CUST-2455
TXN-002576,2023-11-17,SOUTH,PROD-109,5,883.72,CUST-2237
TXN-002606,2023-11-17,SOUTH,PROD-108,5,348.41,CUST-2004
TXN-002614,2023-11-17,SOUTH,PROD-104,2,1698.74,CUST-1745
TXN-002620,2023-11-17,SOUTH,PROD-115,3,428.87,CUST-2899
TXN-002626,2023-11-17,SOUTH,PROD-114,1,15.53,CUST-2324
TXN-002647,2023-11-17,SOUTH,PROD-120,4,553.49,CUST-2405
TXN-002648,2023-11-17,SOUTH,PROD-101,2,6574.34,CUST-2754
TXN-002653,2023-11-17,SOUTH,PROD-106,3,259.66,CUST-1715
TXN-002659,2023-11-17,SOUTH,PROD-110,5,252.86,CUST-1334
TXN-002707,2023-11-17,SOUTH,PROD-117,2,387.89,CUST-2447
TXN-002708,2023-11-17,SOUTH,PROD-113,5,136.84,CUST-2344
TXN-002766,2023-11-17,SOUTH,PROD-109,3,561.33,CUST-2032
TXN-002809,2023-11-17,SOUTH,PROD-119,3,1142.35,CUST-1776
TXN-002815,2023-11-17,SOUTH,PROD-115,3,429.2,CUST-2713
TXN-004374,2023-11-17,EAST,PROD-102,5,541.53,CUST-1200
TXN-004412,2023-11-17,EAST,PROD-115,5,801.58,CUST-1217
TXN-004450,2023-11-17,EAST,PROD-108,5,317.83,CUST-1893
TXN-004452,2023-11-17,EAST,PROD-115,5,761.31,CUST-1871
TXN-004474,2023-11-17,EAST,PROD-113,5,144.32,CUST-2828
TXN-004486,2023-11-17,EAST,PROD-119,3,982.55,CUST-1601
TXN-004508,2023-11-17,EAST,PROD-113,4,125.02,CUST-2145
TXN-004519,2023-11-17,EAST,PROD-106,3,222.11,CUST-2376
TXN-004549,2023-11-17,EAST,PROD-117,2,430.76,CUST-2566
TXN-004556,2023-11-17,EAST,PROD-108,2,141.88,CUST-1212
TXN-004559,2023-11-17,EAST,PROD-117,1,208.46,CUST-2141
TXN-004617,2023-11-17,EAST,PROD-117,2,372.85,CUST-1537
TXN-004710,2023-11-17,EAST,PROD-106,1,76.08,CUST-1949
TXN-005925,2023-11-17,WEST,PROD-106,4,316.98,CUST-1283
TXN-005957,2023-11-17,WEST,PROD-114,4,61.44,CUST-2162
TXN-005969,2023-11-17,WEST,PROD-114,5,80.28,CUST-1597
TXN-005973,2023-11-17,WEST,PROD-119,5,1740.26,CUST-1607
TXN-006015,2023-11-17,WEST,PROD-103,4,2016.31,CUST-1307
TXN-006028,2023-11-17,WEST,PROD-103,5,2520.34,CUST-2404
TXN-006040,2023-11-17,WEST,PROD-113,1,30.05,CUST-1275
TXN-006046,2023-11-17,WEST,PROD-114,3,45.94,CUST-1931
TXN-006133,2023-11-17,WEST,PROD-112,5,455.11,CUST-1205
TXN-006194,2023-11-17,WEST,PROD-103,1,489.36,CUST-2601
TXN-006195,2023-11-17,WEST,PROD-107,4,1101.18,CUST-1502
TXN-006209,2023-11-17,WEST,PROD-103,1,468.14,CUST-1848
TXN-006263,2023-11-17,WEST,PROD-110,2,107.01,CUST-1378
TXN-006270,2023-11-17,WEST,PROD-115,1,161.3,CUST-1008
TXN-006274,2023-11-17,WEST,PROD-104,1,873.2,CUST-2624
TXN-006295,2023-11-17,WEST,PROD-118,5,94.42,CUST-1790
TXN-006306,2023-11-17,WEST,PROD-120,5,739.32,CUST-1773
TXN-007667,2023-11-17,CENTRAL,PROD-107,5,1504.67,CUST-2956
TXN-007729,2023-11-17,CENTRAL,PROD-101,1,3288.5,CUST-1343
TXN-007743,2023-11-17,CENTRAL,PROD-102,5,556.31,CUST-2632
TXN-007816,2023-11-17,CENTRAL,PROD-115,4,579.64,CUST-1571
TXN-007869,2023-11-17,CENTRAL,PROD-112,5,496.93,CUST-1125
TXN-007944,2023-11-17,CENTRAL,PROD-105,1,672.18,CUST-1394
TXN-000492,2023-11-18,NORTH,PROD-113,4,127.6,CUST-2956
TXN-000508,2023-11-18,NORTH,PROD-117,4,862.24,CUST-1275
TXN-000523,2023-11-18,NORTH,PROD-107,2,621.62,CUST-2221
TXN-000526,2023-11-18,NORTH,PROD-117,2,405.8,CUST-1307
TXN-000555,2023-11-18,NORTH,PROD-116,2,117.66,CUST-1616
TXN-000590,2023-11-18,NORTH,PROD-116,1,56.49,CUST-2440
TXN-000629,2023-11-18,NORTH,PROD-101,4,13063.1,CUST-1430
TXN-000655,2023-11-18,NORTH,PROD-106,3,231.62,CUST-1938
TXN-000670,2023-11-18,NORTH,PROD-110,2,105.59,CUST-2159
TXN-000673,2023-11-18,NORTH,PROD-102,4,484.41,CUST-1871
TXN-000680,2023-11-18,NORTH,PROD-106,3,262.96,CUST-1600
TXN-000782,2023-11-18,NORTH,PROD-116,1,50.46,CUST-1785
TXN-000791,2023-11-18,NORTH,PROD-102,2,243.61,CUST-2634
TXN-000826,2023-11-18,NORTH,PROD-109,3,518.09,CUST-1197
TXN-000837,2023-11-18,NORTH,PROD-114,5,70.87,CUST-1125
TXN-000847,2023-11-18,NORTH,PROD-111,3,150.56,CUST-2879
TXN-000950,2023-11-18,NORTH,PROD-120,1,135.34,CUST-2914
TXN-000958,2023-11-18,NORTH,PROD-118,1,21.29,CUST-2622
TXN-002334,2023-11-18,SOUTH,PROD-109,1,197.61,CUST-2345
TXN-002431,2023-11-18,SOUTH,PROD-118,4,80.48,CUST-2683
TXN-002455,2023-11-18,SOUTH,PROD-120,1,159.49,CUST-1960
TXN-002479,2023-11-18,SOUTH,PROD-103,4,1837.61,CUST-1643
TXN-002493,2023-11-18,SOUTH,PROD-115,1,137.57,CUST-2499
TXN-002497,2023-11-18,SOUTH,PROD-105,4,2415.63,CUST-1438
TXN-002521,2023-11-18,SOUTH,PROD-114,5,82.06,CUST-1688
TXN-002523,2023-11-18,SOUTH,PROD-120,2,302.55,CUST-1782
TXN-002546,2023-11-18,SOUTH,PROD-103,5,2441.15,CUST-2521
TXN-002563,2023-11-18,SOUTH,PROD-101,5,15035.18,CUST-1313
TXN-002621,2023-11-18,SOUTH,PROD-103,3,1479.41,CUST-1309
TXN-002665,2023-11-18,SOUTH,PROD-105,1,677.71,CUST-1293
TXN-002699,2023-11-18,SOUTH,PROD-107,4,1195.27,CUST-1593
TXN-002729,2023-11-18,SOUTH,PROD-103,3,1405.56,CUST-2495
TXN-002747,2023-11-18,SOUTH,PROD-116,2,104.93,CUST-1086
TXN-002754,2023-11-18,SOUTH,PROD-105,1,641.92,CUST-2838
TXN-002763,2023-11-18,SOUTH,PROD-107,4,1249.22,CUST-2666
TXN-002786,2023-11-18,SOUTH,PROD-110,3,152.1,CUST-1080
TXN-002798,2023-11-18,SOUTH,PROD-108,1,76.31,CUST-1531
TXN-004383,2023-11-18,EAST,PROD-117,3,593.59,CUST-2441
TXN-004396,2023-11-18,EAST,PROD-103,5,2628.59,CUST-2758
TXN-004422,2023-11-18,EAST,PROD-105,2,1367.02,CUST-1925
TXN-004466,2023-11-18,EAST,PROD-102,5,604.87,CUST-2859
TXN-004472,2023-11-18,EAST,PROD-120,2,311.91,CUST-2192
TXN-004481,2023-11-18,EAST,PROD-118,4,75.28,CUST-1644
TXN-004506,2023-11-18,EAST,PROD-117,4,878.9,CUST-1013
TXN-004520,2023-11-18,EAST,PROD-108,5,337.65,CUST-1519
TXN-004542,2023-11-18,EAST,PROD-107,5,1613.65,CUST-2410
TXN-004584,2023-11-18,EAST,PROD-107,4,1180.69,CUST-1415
TXN-004597,2023-11-18,EAST,PROD-101,5,14605.58,CUST-1286
TXN-004615,2023-11-18,EAST,PROD-120,3,484.84,CUST-2814
TXN-004643,2023-11-18,EAST,PROD-114,1,15.73,CUST-1918
TXN-004680,2023-11-18,EAST,PROD-112,3,315.57,CUST-1499
TXN-004695,2023-11-18,EAST,PROD-109,2,365.89,CUST-2286
TXN-006025,2023-11-18,WEST,PROD-109,4,789.71,CUST-2190
TXN-006058,2023-11-18,WEST,PROD-107,1,328.3,CUST-1638
TXN-006105,2023-11-18,WEST,PROD-102,1,129.58,CUST-1428
TXN-006123,2023-11-18,WEST,PROD-118,2,40.56,CUST-1616
TXN-006170,2023-11-18,WEST,PROD-112,2,204.85,CUST-2701
TXN-006200,2023-11-18,WEST,PROD-105,4,2720.55,CUST-2176
TXN-006220,2023-11-18,WEST,PROD-104,3,2454.59,CUST-2154
TXN-006221,2023-11-18,WEST,PROD-109,1,188.21,CUST-2956
TXN-006235,2023-11-18,WEST,PROD-113,1,27.47,CUST-2613
TXN-006240,2023-11-18,WEST,PROD-103,3,1377.58,CUST-1272
TXN-006246,2023-11-18,WEST,PROD-103,1,541.79,CUST-2023
TXN-006312,2023-11-18,WEST,PROD-102,2,233.15,CUST-2301
TXN-007606,2023-11-18,CENTRAL,PROD-110,3,158.63,CUST-1679
TXN-007607,2023-11-18,CENTRAL,PROD-101,1,2897.51,CUST-2344
TXN-007624,2023-11-18,CENTRAL,PROD-118,2,39.2,CUST-1453
TXN-007654,2023-11-18,CENTRAL,PROD-120,5,734.44,CUST-2336
TXN-007672,2023-11-18,CENTRAL,PROD-103,4,1990.74,CUST-1634
TXN-007694,2023-11-18,CENTRAL,PROD-119,2,759.78,CUST-2223
TXN-007718,2023-11-18,CENTRAL,PROD-107,2,630.57,CUST-2676
TXN-007800,2023-11-18,CENTRAL,PROD-101,1,3230.84,CUST-1303
TXN-007839,2023-11-18,CENTRAL,PROD-101,4,12106.83,CUST-1381
TXN-007840,2023-11-18,CENTRAL,PROD-116,5,289.15,CUST-1098
TXN-007850,2023-11-18,CENTRAL,PROD-117,2,439.46,CUST-2722
TXN-007851,2023-11-18,CENTRAL,PROD-110,4,215.29,CUST-1673
TXN-007859,2023-11-18,CENTRAL,PROD-111,2,99.4,CUST-2084
TXN-007939,2023-11-18,CENTRAL,PROD-102,2,245.65,CUST-2948
TXN-000479,2023-11-19,NORTH,PROD-116,2,110.51,CUST-2477
TXN-000517,2023-11-19,NORTH,PROD-101,3,9276.6,CUST-2419
TXN-000572,2023-11-19,NORTH,PROD-119,4,1342.62,CUST-1402
TXN-000615,2023-11-19,NORTH,PROD-117,2,414.8,CUST-1348
TXN-000634,2023-11-19,NORTH,PROD-113,5,150.15,CUST-2885
TXN-000641,2023-11-19,NORTH,PROD-108,4,272.91,CUST-1949
TXN-000677,2023-11-19,NORTH,PROD-112,5,513.23,CUST-1340
TXN-000689,2023-11-19,NORTH,PROD-101,1,3138.55,CUST-1939
TXN-000693,2023-11-19,NORTH,PROD-116,3,177.97,CUST-2562
TXN-000702,2023-11-19,NORTH,PROD-108,5,362.55,CUST-1020
TXN-000720,2023-11-19,NORTH,PROD-114,3,45.39,CUST-1354
TXN-000739,2023-11-19,NORTH,PROD-104,2,1886.66,CUST-1006
TXN-000762,2023-11-19,NORTH,PROD-104,2,1658.02,CUST-1921
TXN-000809,2023-11-19,NORTH,PROD-102,2,244.89,CUST-2887
TXN-000842,2023-11-19,NORTH,PROD-120,2,277.2,CUST-2551
TXN-000850,2023-11-19,NORTH,PROD-119,1,379.73,CUST-2153
TXN-000853,2023-11-19,NORTH,PROD-120,4,544.46,CUST-1565
TXN-000888,2023-11-19,NORTH,PROD-119,2,678.02,CUST-2461
TXN-000897,2023-11-19,NORTH,PROD-120,1,149.16,CUST-1399
TXN-002381,2023-11-19,SOUTH,PROD-107,5,1558.96,CUST-2801
TXN-002410,2023-11-19,SOUTH,PROD-115,2,288.42,CUST-1981
TXN-002442,2023-11-19,SOUTH,PROD-103,4,2134.93,CUST-2783
TXN-002463,2023-11-19,SOUTH,PROD-102,5,658.32,CUST-1991
TXN-002484,2023-11-19,SOUTH,PROD-116,1,53.49,CUST-1588
TXN-002510,2023-11-19,SOUTH,PROD-120,2,289.4,CUST-2687
TXN-002650,2023-11-19,SOUTH,PROD-114,3,42.33,CUST-1183
TXN-002662,2023-11-19,SOUTH,PROD-104,1,897.9,CUST-1011
TXN-002670,2023-11-19,SOUTH,PROD-114,3,47.71,CUST-1286
TXN-002685,2023-11-19,SOUTH,PROD-116,3,176.99,CUST-1249
TXN-002713,2023-11-19,SOUTH,PROD-117,5,951.8,CUST-2430
TXN-002731,2023-11-19,SOUTH,PROD-116,5,266.82,CUST-2267
TXN-002740,2023-11-19,SOUTH,PROD-116,3,170.03,CUST-1067
TXN-002792,2023-11-19,SOUTH,PROD-103,3,1619.08,CUST-2130
TXN-002812,2023-11-19,SOUTH,PROD-117,5,1026.01,CUST-2504
TXN-002816,2023-11-19,SOUTH,PROD-110,2,96.55,CUST-2637
TXN-004367,2023-11-19,EAST,PROD-112,3,287.07,CUST-2728
TXN-004400,2023-11-19,EAST,PROD-110,5,266.03,CUST-2904
TXN-004409,2023-11-19,EAST,PROD-104,5,4451.41,CUST-1031
TXN-004463,2023-11-19,EAST,PROD-114,4,64.1,CUST-1963
TXN-004586,2023-11-19,EAST,PROD-119,5,1716.79,CUST-1796
TXN-004589,2023-11-19,EAST,PROD-104,4,3620.94,CUST-2397
TXN-004611,2023-11-19,EAST,PROD-101,1,2738.01,CUST-1818
TXN-004705,2023-11-19,EAST,PROD-118,5,98.97,CUST-2756
TXN-004706,2023-11-19,EAST,PROD-106,1,74.73,CUST-2510
TXN-004707,2023-11-19,EAST,PROD-114,3,41.98,CUST-1096
TXN-005941,2023-11-19,WEST,PROD-118,1,20.63,CUST-2865
TXN-005946,2023-11-19,WEST,PROD-117,3,652.65,CUST-1615
TXN-005954,2023-11-19,WEST,PROD-112,4,384.44,CUST-2532
TXN-005955,2023-11-19,WEST,PROD-120,5,820.82,CUST-2984
TXN-006018,2023-11-19,WEST,PROD-101,4,13026.8,CUST-1483
TXN-006036,2023-11-19,WEST,PROD-113,1,28.07,CUST-2917
TXN-006064,2023-11-19,WEST,PROD-115,4,614.11,CUST-2102
TXN-006072,2023-11-19,WEST,PROD-116,3,163.42,CUST-2879
TXN-006089,2023-11-19,WEST,PROD-118,1,20.57,CUST-2931
TXN-006115,2023-11-19,WEST,PROD-119,3,1099.33,CUST-2317
TXN-006129,2023-11-19,WEST,PROD-111,2,91.25,CUST-2792
TXN-006143,2023-11-19,WEST,PROD-107,2,650.92,CUST-2478
TXN-006216,2023-11-19,WEST,PROD-120,3,470.79,CUST-1070
TXN-006259,2023-11-19,WEST,PROD-120,2,328.85,CUST-1063
TXN-006279,2023-11-19,WEST,PROD-120,3,407.85,CUST-1559
TXN-006285,2023-11-19,WEST,PROD-105,1,687.89,CUST-1895
TXN-006304,2023-11-19,WEST,PROD-101,4,12246.54,CUST-1881
TXN-006305,2023-11-19,WEST,PROD-102,3,349.84,CUST-1314
TXN-007628,2023-11-19,CENTRAL,PROD-116,1,58.69,CUST-1885
TXN-007645,2023-11-19,CENTRAL,PROD-117,5,1023.43,CUST-1466
TXN-007656,2023-11-19,CENTRAL,PROD-115,4,623.56,CUST-1105
TXN-007715,2023-11-19,CENTRAL,PROD-107,3,865.65,CUST-1068
TXN-007720,2023-11-19,CENTRAL,PROD-113,5,139.35,CUST-1006
TXN-007762,2023-11-19,CENTRAL,PROD-112,4,407.73,CUST-1928
TXN-007792,2023-11-19,CENTRAL,PROD-104,1,972.23,CUST-1186
TXN-007905,2023-11-19,CENTRAL,PROD-112,3,271.5,CUST-1702
TXN-007926,2023-11-19,CENTRAL,PROD-119,1,364.51,CUST-1579
TXN-007943,2023-11-19,CENTRAL,PROD-104,5,4831.92,CUST-1074
TXN-007954,2023-11-19,CENTRAL,PROD-112,4,362.19,CUST-2010
TXN-000480,2023-11-20,NORTH,PROD-113,2,63.84,CUST-1497
TXN-000507,2023-11-20,NORTH,PROD-104,3,2583.63,CUST-2314
TXN-000543,2023-11-20,NORTH,PROD-101,2,5647.28,CUST-1207
TXN-000544,2023-11-20,NORTH,PROD-102,4,489.35,CUST-2441
TXN-000561,2023-11-20,NORTH,PROD-120,1,161.2,CUST-1386
TXN-000613,2023-11-20,NORTH,PROD-111,4,180.46,CUST-1848
TXN-000662,2023-11-20,NORTH,PROD-105,5,3174.36,CUST-1381
TXN-000665,2023-11-20,NORTH,PROD-102,3,392.5,CUST-1993
TXN-000678,2023-11-20,NORTH,PROD-105,2,1381.5,CUST-2650
TXN-000714,2023-11-20,NORTH,PROD-110,1,53.47,CUST-2349
TXN-000781,2023-11-20,NORTH,PROD-108,3,209.92,CUST-2808
TXN-000798,2023-11-20,NORTH,PROD-107,2,580.87,CUST-1364
TXN-000861,2023-11-20,NORTH,PROD-103,2,988.32,CUST-2871
TXN-000881,2023-11-20,NORTH,PROD-110,3,155.5,CUST-1987
TXN-000936,2023-11-20,NORTH,PROD-109,1,175.4,CUST-1702
TXN-000948,2023-11-20,NORTH,PROD-104,4,3716.39,CUST-1510
TXN-000959,2023-11-20,NORTH,PROD-120,3,485.08,CUST-2152
TXN-000962,2023-11-20,NORTH,PROD-120,4,625.96,CUST-1745
TXN-000977,2023-11-20,NORTH,PROD-108,3,205.68,CUST-1703
TXN-002318,2023-11-20,SOUTH,PROD-115,2,310.45,CUST-2807
TXN-002327,2023-11-20,SOUTH,PROD-116,1,53.4,CUST-2261
TXN-002348,2023-11-20,SOUTH,PROD-105,5,3046.41,CUST-1576
TXN-002362,2023-11-20,SOUTH,PROD-104,4,3373.05,CUST-2943
TXN-002380,2023-11-20,SOUTH,PROD-109,2,337.23,CUST-1328
TXN-002477,2023-11-20,SOUTH,PROD-103,2,1013.36,CUST-2019
TXN-002561,2023-11-20,SOUTH,PROD-120,5,675.71,CUST-2069
TXN-002573,2023-11-20,SOUTH,PROD-109,3,553.24,CUST-2244
TXN-002583,2023-11-20,SOUTH,PROD-107,5,1415.19,CUST-2149
TXN-002595,2023-11-20,SOUTH,PROD-102,4,460.61,CUST-1931
TXN-002720,2023-11-20,SOUTH,PROD-109,1,163.34,CUST-2536
TXN-002739,2023-11-20,SOUTH,PROD-102,5,623.65,CUST-1228
TXN-002755,2023-11-20,SOUTH,PROD-112,3,281.59,CUST-1895
TXN-002761,2023-11-20,SOUTH,PROD-108,3,194.42,CUST-1815
TXN-002768,2023-11-20,SOUTH,PROD-116,3,151.06,CUST-2868
TXN-002779,2023-11-20,SOUTH,PROD-111,3,159.28,CUST-2211
TXN-002787,2023-11-20,SOUTH,PROD-109,3,515.0,CUST-1514
TXN-002800,2023-11-20,SOUTH,PROD-108,3,193.56,CUST-2039
TXN-002806,2023-11-20,SOUTH,PROD-101,2,5841.94,CUST-1596
TXN-004350,2023-11-20,EAST,PROD-112,2,211.15,CUST-2195
TXN-004429,2023-11-20,EAST,PROD-113,1,31.58,CUST-2369
TXN-004532,2023-11-20,EAST,PROD-113,2,63.9,CUST-1523
TXN-004548,2023-11-20,EAST,PROD-119,5,1723.91,CUST-2201
TXN-004582,2023-11-20,EAST,PROD-119,3,1107.18,CUST-1962
TXN-004587,2023-11-20,EAST,PROD-115,1,150.83,CUST-2106
TXN-004650,2023-11-20,EAST,PROD-111,3,137.37,CUST-2968
TXN-004668,2023-11-20,EAST,PROD-111,1,49.37,CUST-1090
TXN-005931,2023-11-20,WEST,PROD-116,5,258.94,CUST-2071
TXN-005936,2023-11-20,WEST,PROD-111,3,135.4,CUST-1578
TXN-005937,2023-11-20,WEST,PROD-107,2,638.8,CUST-2588
TXN-005985,2023-11-20,WEST,PROD-116,5,274.11,CUST-2730
TXN-006032,2023-11-20,WEST,PROD-113,2,58.84,CUST-2127
TXN-006045,2023-11-20,WEST,PROD-108,2,133.68,CUST-2447
TXN-006158,2023-11-20,WEST,PROD-102,1,110.72,CUST-1426
TXN-006192,2023-11-20,WEST,PROD-120,5,793.05,CUST-1159
TXN-006211,2023-11-20,WEST,PROD-114,4,65.83,CUST-1053
TXN-006213,2023-11-20,WEST,PROD-104,1,828.87,CUST-1798
TXN-006257,2023-11-20,WEST,PROD-109,5,904.58,CUST-2864
TXN-007612,2023-11-20,CENTRAL,PROD-119,4,1287.6,CUST-2473
TXN-007648,2023-11-20,CENTRAL,PROD-116,5,296.06,CUST-2732
TXN-007649,2023-11-20,CENTRAL,PROD-105,4,2394.63,CUST-2857
TXN-007659,2023-11-20,CENTRAL,PROD-110,3,144.35,CUST-2401
TXN-007685,2023-11-20,CENTRAL,PROD-115,2,285.73,CUST-2414
TXN-007739,2023-11-20,CENTRAL,PROD-109,4,693.77,CUST-1959
TXN-007741,2023-11-20,CENTRAL,PROD-117,5,1021.28,CUST-2953
TXN-007805,2023-11-20,CENTRAL,PROD-105,1,695.99,CUST-2648
TXN-007824,2023-11-20,CENTRAL,PROD-101,1,2791.91,CUST-1571
TXN-007826,2023-11-20,CENTRAL,PROD-108,4,292.21,CUST-2371
TXN-007831,2023-11-20,CENTRAL,PROD-109,5,815.4,CUST-1648
TXN-007885,2023-11-20,CENTRAL,PROD-103,2,956.67,CUST-2234
TXN-007913,2023-11-20,CENTRAL,PROD-106,1,76.78,CUST-2859
TXN-007917,2023-11-20,CENTRAL,PROD-109,4,677.12,CUST-2051
TXN-007937,2023-11-20,CENTRAL,PROD-103,2,1000.48,CUST-1459
TXN-007940,2023-11-20,CENTRAL,PROD-102,5,605.35,CUST-2082
TXN-007950,2023-11-20,CENTRAL,PROD-104,5,4763.81,CUST-1982
TXN-000478,2023-11-21,NORTH,PROD-119,5,1654.59,CUST-1106
TXN-000513,2023-11-21,NORTH,PROD-113,4,120.33,CUST-1178
TXN-000581,2023-11-21,NORTH,PROD-120,4,619.07,CUST-1033
TXN-000589,2023-11-21,NORTH,PROD-102,1,117.72,CUST-1773
TXN-000623,2023-11-21,NORTH,PROD-120,2,288.01,CUST-2236
TXN-000667,2023-11-21,NORTH,PROD-116,4,228.09,CUST-1852
TXN-000686,2023-11-21,NORTH,PROD-109,4,701.99,CUST-1155
TXN-000687,2023-11-21,NORTH,PROD-103,4,2006.21,CUST-1570
TXN-000690,2023-11-21,NORTH,PROD-112,1,105.9,CUST-1815
TXN-000725,2023-11-21,NORTH,PROD-118,5,102.27,CUST-1569
TXN-000728,2023-11-21,NORTH,PROD-103,3,1559.57,CUST-2495
TXN-000758,2023-11-21,NORTH,PROD-113,1,30.54,CUST-1128
TXN-000935,2023-11-21,NORTH,PROD-106,3,233.13,CUST-1897
TXN-000945,2023-11-21,NORTH,PROD-111,1,52.04,CUST-2389
TXN-000957,2023-11-21,NORTH,PROD-101,1,2942.05,CUST-1074
TXN-000983,2023-11-21,NORTH,PROD-111,1,52.6,CUST-2152
TXN-002326,2023-11-21,SOUTH,PROD-117,1,217.41,CUST-2828
TXN-002374,2023-11-21,SOUTH,PROD-104,4,3288.71,CUST-1859
TXN-002388,2023-11-21,SOUTH,PROD-112,5,547.17,CUST-1665
TXN-002391,2023-11-21,SOUTH,PROD-101,3,8494.67,CUST-2977
TXN-002396,2023-11-21,SOUTH,PROD-113,2,59.33,CUST-2495
TXN-002412,2023-11-21,SOUTH,PROD-118,1,18.08,CUST-1092
TXN-002416,2023-11-21,SOUTH,PROD-110,2,108.41,CUST-2402
TXN-002532,2023-11-21,SOUTH,PROD-113,1,32.63,CUST-2602
TXN-002540,2023-11-21,SOUTH,PROD-113,2,58.82,CUST-1652
TXN-002558,2023-11-21,SOUTH,PROD-115,2,280.77,CUST-1021
TXN-002652,2023-11-21,SOUTH,PROD-118,4,87.75,CUST-2795
TXN-002697,2023-11-21,SOUTH,PROD-101,2,5570.0,CUST-2525
TXN-004328,2023-11-21,EAST,PROD-117,2,364.52,CUST-2687
TXN-004349,2023-11-21,EAST,PROD-101,2,6258.79,CUST-2166
TXN-004395,2023-11-21,EAST,PROD-109,5,852.42,CUST-2574
TXN-004402,2023-11-21,EAST,PROD-108,1,65.77,CUST-2209
TXN-004485,2023-11-21,EAST,PROD-119,3,1114.44,CUST-1612
TXN-004518,2023-11-21,EAST,PROD-106,3,263.17,CUST-2942
TXN-004523,2023-11-21,EAST,PROD-115,3,471.55,CUST-2782
TXN-004531,2023-11-21,EAST,PROD-118,1,21.19,CUST-1138
TXN-004545,2023-11-21,EAST,PROD-111,2,102.85,CUST-1253
TXN-004569,2023-11-21,EAST,PROD-108,1,71.24,CUST-2547
TXN-004678,2023-11-21,EAST,PROD-120,1,163.65,CUST-2340
TXN-004700,2023-11-21,EAST,PROD-118,5,108.22,CUST-2046
TXN-005914,2023-11-21,WEST,PROD-105,2,1298.1,CUST-1958
TXN-005921,2023-11-21,WEST,PROD-110,1,52.27,CUST-1077
TXN-005922,2023-11-21,WEST,PROD-116,3,172.49,CUST-1271
TXN-005951,2023-11-21,WEST,PROD-116,1,53.12,CUST-2120
TXN-006037,2023-11-21,WEST,PROD-120,1,153.95,CUST-1684
TXN-006053,2023-11-21,WEST,PROD-102,3,355.65,CUST-2854
TXN-006186,2023-11-21,WEST,PROD-115,4,654.06,CUST-2526
TXN-006187,2023-11-21,WEST,PROD-118,2,38.57,CUST-1436
TXN-006226,2023-11-21,WEST,PROD-106,1,74.4,CUST-2151
TXN-006271,2023-11-21,WEST,PROD-114,4,60.46,CUST-1121
TXN-006297,2023-11-21,WEST,PROD-101,2,5957.57,CUST-2199
TXN-007668,2023-11-21,CENTRAL,PROD-119,1,347.33,CUST-2242
TXN-007677,2023-11-21,CENTRAL,PROD-101,4,12018.83,CUST-1447
TXN-007735,2023-11-21,CENTRAL,PROD-109,3,505.08,CUST-1945
TXN-007815,2023-11-21,CENTRAL,PROD-120,4,610.72,CUST-2110
TXN-007835,2023-11-21,CENTRAL,PROD-116,1,55.4,CUST-2302
TXN-007836,2023-11-21,CENTRAL,PROD-106,3,230.29,CUST-2787
TXN-007907,2023-11-21,CENTRAL,PROD-103,4,1845.86,CUST-2053
TXN-007949,2023-11-21,CENTRAL,PROD-107,5,1620.52,CUST-1189
TXN-007961,2023-11-21,CENTRAL,PROD-102,3,379.45,CUST-2414
TXN-000487,2023-11-22,NORTH,PROD-109,5,897.1,CUST-2961
TXN-000500,2023-11-22,NORTH,PROD-105,1,710.38,CUST-2903
TXN-000537,2023-11-22,NORTH,PROD-118,2,41.21,CUST-1713
TXN-000549,2023-11-22,NORTH,PROD-111,2,96.02,CUST-1294
TXN-000550,2023-11-22,NORTH,PROD-117,2,393.07,CUST-1564
TXN-000839,2023-11-22,NORTH,PROD-116,5,295.94,CUST-1976
TXN-000869,2023-11-22,NORTH,PROD-101,2,5846.94,CUST-2217
TXN-000891,2023-11-22,NORTH,PROD-118,2,38.33,CUST-1965
TXN-000893,2023-11-22,NORTH,PROD-111,1,47.21,CUST-1458
TXN-000918,2023-11-22,NORTH,PROD-104,1,818.67,CUST-1238
TXN-000947,2023-11-22,NORTH,PROD-111,5,251.1,CUST-2435
TXN-000982,2023-11-22,NORTH,PROD-105,2,1300.99,CUST-2422
TXN-002339,2023-11-22,SOUTH,PROD-107,4,1310.28,CUST-1545
TXN-002341,2023-11-22,SOUTH,PROD-105,3,2047.89,CUST-2599
TXN-002350,2023-11-22,SOUTH,PROD-114,2,29.82,CUST-2604
TXN-002364,2023-11-22,SOUTH,PROD-101,5,15811.34,CUST-1267
TXN-002393,2023-11-22,SOUTH,PROD-119,1,365.57,CUST-2410
TXN-002492,2023-11-22,SOUTH,PROD-103,3,1489.73,CUST-2316
TXN-002617,2023-11-22,SOUTH,PROD-110,5,257.37,CUST-1302
TXN-002671,2023-11-22,SOUTH,PROD-107,3,834.4,CUST-2136
TXN-002696,2023-11-22,SOUTH,PROD-115,5,693.43,CUST-1300
TXN-002698,2023-11-22,SOUTH,PROD-108,2,140.3,CUST-2433
TXN-002700,2023-11-22,SOUTH,PROD-104,5,4493.62,CUST-2368
TXN-002727,2023-11-22,SOUTH,PROD-104,2,1631.95,CUST-1288
TXN-002752,2023-11-22,SOUTH,PROD-101,5,14946.47,CUST-1793
TXN-002777,2023-11-22,SOUTH,PROD-114,5,68.24,CUST-1625
TXN-002789,2023-11-22,SOUTH,PROD-111,3,160.4,CUST-1909
TXN-002797,2023-11-22,SOUTH,PROD-117,4,812.74,CUST-1086
TXN-004335,2023-11-22,EAST,PROD-103,1,461.26,CUST-1825
TXN-004338,2023-11-22,EAST,PROD-117,4,869.14,CUST-1406
TXN-004398,2023-11-22,EAST,PROD-103,3,1585.31,CUST-1087
TXN-004411,2023-11-22,EAST,PROD-105,1,612.86,CUST-1105
TXN-004414,2023-11-22,EAST,PROD-101,3,8271.11,CUST-2907
TXN-004432,2023-11-22,EAST,PROD-114,5,81.0,CUST-1309
TXN-004528,2023-11-22,EAST,PROD-110,2,99.77,CUST-1063
TXN-004547,2023-11-22,EAST,PROD-109,5,942.31,CUST-2647
TXN-004565,2023-11-22,EAST,PROD-118,4,83.4,CUST-1250
TXN-004578,2023-11-22,EAST,PROD-113,4,114.41,CUST-1152
TXN-004590,2023-11-22,EAST,PROD-116,5,251.45,CUST-1063
TXN-004667,2023-11-22,EAST,PROD-119,3,1037.4,CUST-2824
TXN-004688,2023-11-22,EAST,PROD-105,2,1342.15,CUST-2168
TXN-005933,2023-11-22,WEST,PROD-116,5,293.57,CUST-2451
TXN-005970,2023-11-22,WEST,PROD-102,3,329.11,CUST-1784
TXN-006077,2023-11-22,WEST,PROD-110,2,109.9,CUST-1465
TXN-006095,2023-11-22,WEST,PROD-108,2,147.56,CUST-1059
TXN-006148,2023-11-22,WEST,PROD-111,2,93.35,CUST-2518
TXN-006180,2023-11-22,WEST,PROD-108,3,197.72,CUST-2189
TXN-006188,2023-11-22,WEST,PROD-110,4,201.9,CUST-2025
TXN-006225,2023-11-22,WEST,PROD-103,1,454.75,CUST-1639
TXN-006239,2023-11-22,WEST,PROD-101,2,6564.76,CUST-2067
TXN-006252,2023-11-22,WEST,PROD-106,4,292.21,CUST-2123
TXN-006262,2023-11-22,WEST,PROD-113,2,58.37,CUST-2594
TXN-006272,2023-11-22,WEST,PROD-109,1,179.48,CUST-2099
TXN-006275,2023-11-22,WEST,PROD-106,2,151.32,CUST-2131
TXN-006299,2023-11-22,WEST,PROD-120,4,570.03,CUST-2880
TXN-006311,2023-11-22,WEST,PROD-118,1,19.19,CUST-2841
TXN-007644,2023-11-22,CENTRAL,PROD-103,2,1034.3,CUST-2302
TXN-007671,2023-11-22,CENTRAL,PROD-116,3,162.22,CUST-2634
TXN-007675,2023-11-22,CENTRAL,PROD-104,4,3575.26,CUST-1795
TXN-007709,2023-11-22,CENTRAL,PROD-105,4,2802.65,CUST-2153
TXN-007775,2023-11-22,CENTRAL,PROD-120,3,465.17,CUST-1340
TXN-007798,2023-11-22,CENTRAL,PROD-107,1,319.11,CUST-1930
TXN-007801,2023-11-22,CENTRAL,PROD-114,3,41.87,CUST-2262
TXN-007847,2023-11-22,CENTRAL,PROD-117,5,976.2,CUST-2197
TXN-007876,2023-11-22,CENTRAL,PROD-108,5,370.65,CUST-2828
TXN-007910,2023-11-22,CENTRAL,PROD-112,2,212.34,CUST-1127
TXN-007916,2023-11-22,CENTRAL,PROD-105,4,2667.91,CUST-2567
TXN-000494,2023-11-23,NORTH,PROD-103,3,1627.17,CUST-2344
TXN-000607,2023-11-23,NORTH,PROD-103,1,476.79,CUST-1779
TXN-000608,2023-11-23,NORTH,PROD-105,4,2504.63,CUST-1219
TXN-000624,2023-11-23,NORTH,PROD-107,4,1155.37,CUST-2976
TXN-000653,2023-11-23,NORTH,PROD-107,2,573.38,CUST-2442
TXN-000668,2023-11-23,NORTH,PROD-115,4,560.03,CUST-2158
TXN-000684,2023-11-23,NORTH,PROD-105,2,1208.0,CUST-1660
TXN-000688,2023-11-23,NORTH,PROD-112,4,435.98,CUST-1671
TXN-000704,2023-11-23,NORTH,PROD-105,4,2376.79,CUST-1785
TXN-000732,2023-11-23,NORTH,PROD-101,2,5995.68,CUST-1711
TXN-000736,2023-11-23,NORTH,PROD-119,1,349.72,CUST-2047
TXN-000755,2023-11-23,NORTH,PROD-109,1,163.57,CUST-1475
TXN-000800,2023-11-23,NORTH,PROD-105,1,695.03,CUST-2763
TXN-000805,2023-11-23,NORTH,PROD-120,3,425.06,CUST-2207
TXN-000808,2023-11-23,NORTH,PROD-119,4,1498.17,CUST-2579
TXN-000836,2023-11-23,NORTH,PROD-104,1,930.26,CUST-2656
TXN-000856,2023-11-23,NORTH,PROD-108,1,73.43,CUST-2886
TXN-000859,2023-11-23,NORTH,PROD-104,2,1668.36,CUST-2996
TXN-000901,2023-11-23,NORTH,PROD-106,1,79.79,CUST-2293
TXN-000926,2023-11-23,NORTH,PROD-114,3,41.92,CUST-2123
TXN-000963,2023-11-23,NORTH,PROD-115,1,137.91,CUST-2350
TXN-000967,2023-11-23,NORTH,PROD-114,1,14.25,CUST-1402
TXN-000979,2023-11-23,NORTH,PROD-117,3,641.14,CUST-2122
TXN-002356,2023-11-23,SOUTH,PROD-108,2,135.39,CUST-1982
TXN-002359,2023-11-23,SOUTH,PROD-114,2,28.9,CUST-1098
TXN-002376,2023-11-23,SOUTH,PROD-105,3,1772.7,CUST-2160
TXN-002384,2023-11-23,SOUTH,PROD-109,5,831.39,CUST-1459
TXN-002440,2023-11-23,SOUTH,PROD-105,4,2721.16,CUST-2426
TXN-002600,2023-11-23,SOUTH,PROD-102,3,387.57,CUST-1089
TXN-002602,2023-11-23,SOUTH,PROD-120,4,572.35,CUST-1349
TXN-002630,2023-11-23,SOUTH,PROD-113,4,117.39,CUST-1451
TXN-002634,2023-11-23,SOUTH,PROD-120,4,628.65,CUST-2747
TXN-002656,2023-11-23,SOUTH,PROD-111,5,231.1,CUST-2629
TXN-002675,2023-11-23,SOUTH,PROD-111,5,271.69,CUST-2460
TXN-002687,2023-11-23,SOUTH,PROD-107,5,1393.2,CUST-2517
TXN-004397,2023-11-23,EAST,PROD-109,5,810.5,CUST-1511
TXN-004416,2023-11-23,EAST,PROD-120,5,751.89,CUST-2034
TXN-004465,2023-11-23,EAST,PROD-109,5,906.83,CUST-2543
TXN-004497,2023-11-23,EAST,PROD-110,1,46.07,CUST-2296
TXN-004502,2023-11-23,EAST,PROD-116,3,161.71,CUST-2565
TXN-004516,2023-11-23,EAST,PROD-119,4,1502.55,CUST-2091
TXN-004544,2023-11-23,EAST,PROD-118,1,18.05,CUST-2406
TXN-004550,2023-11-23,EAST,PROD-120,1,144.17,CUST-1645
TXN-004577,2023-11-23,EAST,PROD-102,4,473.51,CUST-2837
TXN-004580,2023-11-23,EAST,PROD-103,2,1097.33,CUST-1004
TXN-004603,2023-11-23,EAST,PROD-119,4,1523.15,CUST-1893
TXN-004618,2023-11-23,EAST,PROD-115,2,275.39,CUST-1860
TXN-004654,2023-11-23,EAST,PROD-110,1,51.65,CUST-2229
TXN-004677,2023-11-23,EAST,PROD-110,1,45.71,CUST-1615
TXN-004686,2023-11-23,EAST,PROD-115,4,571.49,CUST-2594
TXN-004687,2023-11-23,EAST,PROD-108,4,280.01,CUST-2423
TXN-005928,2023-11-23,WEST,PROD-113,2,63.64,CUST-2357
TXN-005935,2023-11-23,WEST,PROD-117,4,725.46,CUST-2516
TXN-006093,2023-11-23,WEST,PROD-116,4,210.62,CUST-2508
TXN-006128,2023-11-23,WEST,PROD-119,4,1407.24,CUST-1956
TXN-006130,2023-11-23,WEST,PROD-101,3,8125.11,CUST-1660
TXN-006178,2023-11-23,WEST,PROD-112,2,191.52,CUST-1905
TXN-006181,2023-11-23,WEST,PROD-114,2,31.55,CUST-2804
TXN-006184,2023-11-23,WEST,PROD-113,4,130.13,CUST-1309
TXN-006210,2023-11-23,WEST,PROD-113,3,91.18,CUST-1182
TXN-006303,2023-11-23,WEST,PROD-101,5,15778.63,CUST-1383
TXN-007614,2023-11-23,CENTRAL,PROD-111,3,139.77,CUST-1501
TXN-007615,2023-11-23,CENTRAL,PROD-106,2,165.12,CUST-2132
TXN-007619,2023-11-23,CENTRAL,PROD-110,4,219.76,CUST-1358
TXN-007657,2023-11-23,CENTRAL,PROD-119,1,360.14,CUST-1964
TXN-007665,2023-11-23,CENTRAL,PROD-113,1,32.61,CUST-2503
TXN-007669,2023-11-23,CENTRAL,PROD-119,4,1361.85,CUST-2752
TXN-007679,2023-11-23,CENTRAL,PROD-117,3,573.87,CUST-1484
TXN-007699,2023-11-23,CENTRAL,PROD-101,3,8795.14,CUST-1581
TXN-007708,2023-11-23,CENTRAL,PROD-108,4,283.63,CUST-2477
TXN-007763,2023-11-23,CENTRAL,PROD-105,3,1915.76,CUST-2372
TXN-007793,2023-11-23,CENTRAL,PROD-102,5,584.58,CUST-2420
TXN-007820,2023-11-23,CENTRAL,PROD-107,4,1318.69,CUST-2878
TXN-007829,2023-11-23,CENTRAL,PROD-105,2,1395.61,CUST-1128
TXN-007925,2023-11-23,CENTRAL,PROD-106,3,238.92,CUST-1650
TXN-007941,2023-11-23,CENTRAL,PROD-103,5,2439.87,CUST-1845
TXN-007957,2023-11-23,CENTRAL,PROD-105,3,2030.89,CUST-2338
TXN-000497,2023-11-24,NORTH,PROD-119,2,663.93,CUST-2372
TXN-000504,2023-11-24,NORTH,PROD-102,2,236.04,CUST-2716
TXN-000539,2023-11-24,NORTH,PROD-108,1,73.58,CUST-1612
TXN-000571,2023-11-24,NORTH,PROD-105,1,618.89,CUST-2915
TXN-000600,2023-11-24,NORTH,PROD-103,5,2622.68,CUST-1709
TXN-000619,2023-11-24,NORTH,PROD-116,5,281.37,CUST-1938
TXN-000671,2023-11-24,NORTH,PROD-116,5,275.54,CUST-2173
TXN-000734,2023-11-24,NORTH,PROD-109,1,189.76,CUST-1061
TXN-000815,2023-11-24,NORTH,PROD-101,1,2931.55,CUST-2501
TXN-000860,2023-11-24,NORTH,PROD-115,3,429.22,CUST-1854
TXN-000894,2023-11-24,NORTH,PROD-110,4,211.48,CUST-1679
TXN-000930,2023-11-24,NORTH,PROD-104,3,2777.91,CUST-1936
TXN-002371,2023-11-24,SOUTH,PROD-116,2,110.72,CUST-1315
TXN-002397,2023-11-24,SOUTH,PROD-114,3,41.81,CUST-1982
TXN-002400,2023-11-24,SOUTH,PROD-106,3,216.98,CUST-1334
TXN-002404,2023-11-24,SOUTH,PROD-101,5,13799.14,CUST-1787
TXN-002427,2023-11-24,SOUTH,PROD-109,2,330.49,CUST-1262
TXN-002446,2023-11-24,SOUTH,PROD-117,3,596.39,CUST-2480
TXN-002511,2023-11-24,SOUTH,PROD-111,1,46.5,CUST-1940
TXN-002547,2023-11-24,SOUTH,PROD-105,4,2669.88,CUST-2593
TXN-002562,2023-11-24,SOUTH,PROD-109,1,168.93,CUST-1061
TXN-002568,2023-11-24,SOUTH,PROD-116,4,220.52,CUST-1820
TXN-002572,2023-11-24,SOUTH,PROD-116,4,236.8,CUST-1868
TXN-002631,2023-11-24,SOUTH,PROD-109,4,677.58,CUST-2610
TXN-002633,2023-11-24,SOUTH,PROD-101,1,2811.04,CUST-2860
TXN-002666,2023-11-24,SOUTH,PROD-107,4,1220.41,CUST-1166
TXN-002686,2023-11-24,SOUTH,PROD-119,5,1833.72,CUST-1109
TXN-002716,2023-11-24,SOUTH,PROD-106,2,147.07,CUST-1218
TXN-002719,2023-11-24,SOUTH,PROD-113,4,130.09,CUST-1127
TXN-002743,2023-11-24,SOUTH,PROD-111,1,47.35,CUST-1150
TXN-002783,2023-11-24,SOUTH,PROD-119,5,1665.99,CUST-2967
TXN-004332,2023-11-24,EAST,PROD-105,1,611.93,CUST-1242
TXN-004337,2023-11-24,EAST,PROD-102,4,445.02,CUST-1703
TXN-004359,2023-11-24,EAST,PROD-103,4,1970.44,CUST-2210
TXN-004404,2023-11-24,EAST,PROD-110,1,49.1,CUST-1783
TXN-004408,2023-11-24,EAST,PROD-117,5,1018.97,CUST-2194
TXN-004439,2023-11-24,EAST,PROD-113,3,82.9,CUST-2907
TXN-004443,2023-11-24,EAST,PROD-109,5,887.23,CUST-1545
TXN-004467,2023-11-24,EAST,PROD-101,4,11908.1,CUST-2129
TXN-004477,2023-11-24,EAST,PROD-120,2,273.5,CUST-2408
TXN-004568,2023-11-24,EAST,PROD-108,5,335.21,CUST-1654
TXN-004674,2023-11-24,EAST,PROD-101,2,6228.01,CUST-2186
TXN-005939,2023-11-24,WEST,PROD-108,5,332.96,CUST-1781
TXN-005948,2023-11-24,WEST,PROD-117,4,730.24,CUST-2052
TXN-005964,2023-11-24,WEST,PROD-115,5,735.9,CUST-1569
TXN-005981,2023-11-24,WEST,PROD-102,5,613.32,CUST-2096
TXN-005983,2023-11-24,WEST,PROD-103,2,953.8,CUST-2185
TXN-006003,2023-11-24,WEST,PROD-109,5,939.84,CUST-1413
TXN-006038,2023-11-24,WEST,PROD-103,5,2689.19,CUST-2120
TXN-006075,2023-11-24,WEST,PROD-107,1,278.19,CUST-2700
TXN-006079,2023-11-24,WEST,PROD-112,1,100.99,CUST-2284
TXN-006080,2023-11-24,WEST,PROD-109,5,854.49,CUST-1887
TXN-006100,2023-11-24,WEST,PROD-113,4,117.89,CUST-2951
TXN-006106,2023-11-24,WEST,PROD-115,4,606.41,CUST-2825
TXN-006134,2023-11-24,WEST,PROD-118,4,87.4,CUST-1176
TXN-006168,2023-11-24,WEST,PROD-119,3,996.95,CUST-2537
TXN-006189,2023-11-24,WEST,PROD-114,2,30.99,CUST-1054
TXN-006207,2023-11-24,WEST,PROD-119,5,1795.66,CUST-1616
TXN-006231,2023-11-24,WEST,PROD-111,3,151.58,CUST-2819
TXN-006261,2023-11-24,WEST,PROD-111,4,198.02,CUST-2924
TXN-007647,2023-11-24,CENTRAL,PROD-104,2,1882.97,CUST-2172
TXN-007652,2023-11-24,CENTRAL,PROD-118,5,103.48,CUST-2808
TXN-007697,2023-11-24,CENTRAL,PROD-113,1,32.43,CUST-1346
TXN-007758,2023-11-24,CENTRAL,PROD-113,4,128.89,CUST-1211
TXN-007782,2023-11-24,CENTRAL,PROD-113,1,32.01,CUST-1656
TXN-007799,2023-11-24,CENTRAL,PROD-107,3,934.74,CUST-2744
TXN-007863,2023-11-24,CENTRAL,PROD-101,4,11236.75,CUST-2100
TXN-007918,2023-11-24,CENTRAL,PROD-118,2,38.38,CUST-1117
TXN-007931,2023-11-24,CENTRAL,PROD-108,3,222.61,CUST-2455
TXN-000493,2023-11-25,NORTH,PROD-105,3,1771.38,CUST-2957
TXN-000502,2023-11-25,NORTH,PROD-110,3,143.53,CUST-1122
TXN-000547,2023-11-25,NORTH,PROD-102,2,240.17,CUST-1593
TXN-000603,2023-11-25,NORTH,PROD-111,1,51.33,CUST-2605
TXN-000642,2023-11-25,NORTH,PROD-119,5,1627.71,CUST-1051
TXN-000711,2023-11-25,NORTH,PROD-104,5,4706.96,CUST-1720
TXN-000721,2023-11-25,NORTH,PROD-116,1,49.67,CUST-1139
TXN-000764,2023-11-25,NORTH,PROD-107,4,1153.96,CUST-1543
TXN-000772,2023-11-25,NORTH,PROD-108,2,131.53,CUST-1821
TXN-000851,2023-11-25,NORTH,PROD-104,3,2898.4,CUST-2803
TXN-000884,2023-11-25,NORTH,PROD-108,1,74.27,CUST-2644
TXN-000942,2023-11-25,NORTH,PROD-112,5,452.84,CUST-2402
TXN-002319,2023-11-25,SOUTH,PROD-117,2,373.97,CUST-1752
TXN-002323,2023-11-25,SOUTH,PROD-104,3,2591.53,CUST-1602
TXN-002349,2023-11-25,SOUTH,PROD-104,3,2966.87,CUST-1507
TXN-002474,2023-11-25,SOUTH,PROD-111,4,211.37,CUST-1695
TXN-002482,2023-11-25,SOUTH,PROD-115,3,493.72,CUST-1525
TXN-002483,2023-11-25,SOUTH,PROD-115,2,326.37,CUST-2991
TXN-002501,2023-11-25,SOUTH,PROD-114,3,42.74,CUST-1361
TXN-002550,2023-11-25,SOUTH,PROD-113,3,92.84,CUST-1564
TXN-002571,2023-11-25,SOUTH,PROD-119,3,979.76,CUST-1422
TXN-002608,2023-11-25,SOUTH,PROD-110,1,48.52,CUST-2712
TXN-002613,2023-11-25,SOUTH,PROD-110,4,206.17,CUST-2737
TXN-002678,2023-11-25,SOUTH,PROD-114,1,15.76,CUST-2260
TXN-002742,2023-11-25,SOUTH,PROD-102,2,225.78,CUST-2673
TXN-002751,2023-11-25,SOUTH,PROD-107,5,1532.39,CUST-1777
TXN-002753,2023-11-25,SOUTH,PROD-113,2,59.14,CUST-1875
TXN-002772,2023-11-25,SOUTH,PROD-115,1,135.63,CUST-2713
TXN-002817,2023-11-25,SOUTH,PROD-112,2,198.21,CUST-2533
TXN-004464,2023-11-25,EAST,PROD-116,1,57.99,CUST-1260
TXN-004478,2023-11-25,EAST,PROD-116,3,156.6,CUST-2903
TXN-004493,2023-11-25,EAST,PROD-111,2,93.83,CUST-2038
TXN-004501,2023-11-25,EAST,PROD-115,4,655.68,CUST-1980
TXN-004507,2023-11-25,EAST,PROD-118,1,18.42,CUST-2206
TXN-004526,2023-11-25,EAST,PROD-116,5,287.79,CUST-1174
TXN-004571,2023-11-25,EAST,PROD-118,2,37.54,CUST-1634
TXN-004620,2023-11-25,EAST,PROD-112,1,99.62,CUST-1121
TXN-004637,2023-11-25,EAST,PROD-103,1,475.77,CUST-1093
TXN-005949,2023-11-25,WEST,PROD-117,5,928.22,CUST-2977
TXN-005958,2023-11-25,WEST,PROD-113,2,64.58,CUST-2110
TXN-005990,2023-11-25,WEST,PROD-113,4,115.14,CUST-2044
TXN-006008,2023-11-25,WEST,PROD-108,2,153.17,CUST-1880
TXN-006010,2023-11-25,WEST,PROD-109,2,357.05,CUST-2718
TXN-006179,2023-11-25,WEST,PROD-109,4,710.5,CUST-1651
TXN-006182,2023-11-25,WEST,PROD-119,5,1885.83,CUST-2532
TXN-006203,2023-11-25,WEST,PROD-115,4,562.04,CUST-2316
TXN-006217,2023-11-25,WEST,PROD-103,2,945.27,CUST-1558
TXN-006243,2023-11-25,WEST,PROD-120,2,328.16,CUST-1976
TXN-006298,2023-11-25,WEST,PROD-104,2,1655.03,CUST-2688
TXN-006316,2023-11-25,WEST,PROD-116,2,106.09,CUST-2795
TXN-007613,2023-11-25,CENTRAL,PROD-107,1,289.78,CUST-1333
TXN-007636,2023-11-25,CENTRAL,PROD-111,4,196.43,CUST-1293
TXN-007664,2023-11-25,CENTRAL,PROD-115,3,494.38,CUST-1224
TXN-007769,2023-11-25,CENTRAL,PROD-108,5,327.25,CUST-1168
TXN-007901,2023-11-25,CENTRAL,PROD-115,1,164.93,CUST-2897
TXN-007933,2023-11-25,CENTRAL,PROD-120,4,622.99,CUST-2828
TXN-007936,2023-11-25,CENTRAL,PROD-104,2,1629.31,CUST-1339
TXN-007947,2023-11-25,CENTRAL,PROD-114,4,59.83,CUST-1616
TXN-007953,2023-11-25,CENTRAL,PROD-108,3,228.98,CUST-1540
TXN-007959,2023-11-25,CENTRAL,PROD-107,1,293.65,CUST-2711
TXN-007962,2023-11-25,CENTRAL,PROD-115,1,163.61,CUST-2556
TXN-000491,2023-11-26,NORTH,PROD-109,3,499.13,CUST-2386
TXN-000531,2023-11-26,NORTH,PROD-110,1,48.95,CUST-2673
TXN-000562,2023-11-26,NORTH,PROD-119,5,1650.91,CUST-1428
TXN-000592,2023-11-26,NORTH,PROD-111,5,273.81,CUST-2995
TXN-000631,2023-11-26,NORTH,PROD-114,4,55.63,CUST-1621
TXN-000639,2023-11-26,NORTH,PROD-114,1,13.52,CUST-1530
TXN-000654,2023-11-26,NORTH,PROD-103,5,2300.83,CUST-2786
TXN-000723,2023-11-26,NORTH,PROD-113,5,143.55,CUST-2460
TXN-000727,2023-11-26,NORTH,PROD-105,5,3137.34,CUST-2202
TXN-000785,2023-11-26,NORTH,PROD-112,4,403.52,CUST-1993
TXN-000810,2023-11-26,NORTH,PROD-120,2,308.36,CUST-1214
TXN-000818,2023-11-26,NORTH,PROD-119,2,652.75,CUST-1151
TXN-000819,2023-11-26,NORTH,PROD-102,3,325.42,CUST-1535
TXN-000877,2023-11-26,NORTH,PROD-110,3,147.68,CUST-1772
TXN-000885,2023-11-26,NORTH,PROD-120,4,619.22,CUST-2395
TXN-000904,2023-11-26,NORTH,PROD-103,2,1022.88,CUST-2298
TXN-000914,2023-11-26,NORTH,PROD-113,1,28.36,CUST-2490
TXN-000955,2023-11-26,NORTH,PROD-119,4,1284.61,CUST-2021
TXN-000965,2023-11-26,NORTH,PROD-110,5,251.05,CUST-2438
TXN-000969,2023-11-26,NORTH,PROD-107,3,829.37,CUST-1849
TXN-000986,2023-11-26,NORTH,PROD-101,5,13819.37,CUST-1781
TXN-002344,2023-11-26,SOUTH,PROD-101,2,5586.63,CUST-2025
TXN-002351,2023-11-26,SOUTH,PROD-104,5,4599.94,CUST-1387
TXN-002509,2023-11-26,SOUTH,PROD-120,2,274.65,CUST-2368
TXN-002513,2023-11-26,SOUTH,PROD-114,3,45.16,CUST-1008
TXN-002536,2023-11-26,SOUTH,PROD-112,5,531.95,CUST-2229
TXN-002542,2023-11-26,SOUTH,PROD-105,5,3001.9,CUST-2182
TXN-002543,2023-11-26,SOUTH,PROD-113,3,96.04,CUST-1326
TXN-002718,2023-11-26,SOUTH,PROD-108,1,75.59,CUST-1357
TXN-002726,2023-11-26,SOUTH,PROD-107,1,304.92,CUST-2289
TXN-002734,2023-11-26,SOUTH,PROD-117,3,552.08,CUST-2022
TXN-002744,2023-11-26,SOUTH,PROD-119,5,1821.03,CUST-2568
TXN-002745,2023-11-26,SOUTH,PROD-102,3,394.6,CUST-2946
TXN-002758,2023-11-26,SOUTH,PROD-118,5,90.87,CUST-2643
TXN-002788,2023-11-26,SOUTH,PROD-120,1,138.72,CUST-2165
TXN-002794,2023-11-26,SOUTH,PROD-109,3,579.83,CUST-1261
TXN-002814,2023-11-26,SOUTH,PROD-102,5,596.63,CUST-2075
TXN-004342,2023-11-26,EAST,PROD-110,5,230.14,CUST-2566
TXN-004343,2023-11-26,EAST,PROD-110,2,91.99,CUST-1583
TXN-004366,2023-11-26,EAST,PROD-110,5,228.2,CUST-1907
TXN-004371,2023-11-26,EAST,PROD-117,1,181.54,CUST-1055
TXN-004372,2023-11-26,EAST,PROD-114,5,70.9,CUST-1921
TXN-004375,2023-11-26,EAST,PROD-112,4,368.56,CUST-2214
TXN-004381,2023-11-26,EAST,PROD-113,2,55.35,CUST-1403
TXN-004386,2023-11-26,EAST,PROD-107,5,1470.72,CUST-2685
TXN-004387,2023-11-26,EAST,PROD-115,3,480.42,CUST-2822
TXN-004488,2023-11-26,EAST,PROD-118,5,98.65,CUST-2019
TXN-004494,2023-11-26,EAST,PROD-120,1,147.74,CUST-1497
TXN-004581,2023-11-26,EAST,PROD-115,5,723.54,CUST-1817
TXN-004616,2023-11-26,EAST,PROD-109,1,164.09,CUST-1995
TXN-004621,2023-11-26,EAST,PROD-112,5,514.1,CUST-2543
TXN-004624,2023-11-26,EAST,PROD-104,1,866.69,CUST-1876
TXN-004630,2023-11-26,EAST,PROD-110,5,260.52,CUST-2432
TXN-004663,2023-11-26,EAST,PROD-119,3,1128.07,CUST-1122
TXN-004698,2023-11-26,EAST,PROD-102,5,544.73,CUST-2834
TXN-004703,2023-11-26,EAST,PROD-105,5,3527.83,CUST-1577
TXN-006023,2023-11-26,WEST,PROD-114,3,47.88,CUST-2788
TXN-006024,2023-11-26,WEST,PROD-118,4,72.85,CUST-2820
TXN-006052,2023-11-26,WEST,PROD-107,1,289.36,CUST-1697
TXN-006061,2023-11-26,WEST,PROD-111,1,46.98,CUST-2098
TXN-006066,2023-11-26,WEST,PROD-109,3,532.02,CUST-1598
TXN-006081,2023-11-26,WEST,PROD-113,1,32.67,CUST-2865
TXN-006096,2023-11-26,WEST,PROD-105,4,2840.06,CUST-2300
TXN-006162,2023-11-26,WEST,PROD-107,2,569.17,CUST-2225
TXN-006281,2023-11-26,WEST,PROD-104,2,1754.27,CUST-2602
TXN-006293,2023-11-26,WEST,PROD-115,3,470.92,CUST-2288
TXN-006317,2023-11-26,WEST,PROD-101,5,14345.9,CUST-1378
TXN-007627,2023-11-26,CENTRAL,PROD-118,5,90.09,CUST-2555
TXN-007635,2023-11-26,CENTRAL,PROD-118,2,36.13,CUST-1626
TXN-007651,2023-11-26,CENTRAL,PROD-108,2,140.56,CUST-1995
TXN-007688,2023-11-26,CENTRAL,PROD-120,3,484.73,CUST-2199
TXN-007696,2023-11-26,CENTRAL,PROD-101,4,11579.79,CUST-1897
TXN-007727,2023-11-26,CENTRAL,PROD-106,5,434.63,CUST-1128
TXN-007778,2023-11-26,CENTRAL,PROD-112,1,108.0,CUST-1385
TXN-007781,2023-11-26,CENTRAL,PROD-120,4,585.48,CUST-1236
TXN-007812,2023-11-26,CENTRAL,PROD-109,3,572.43,CUST-2273
TXN-007830,2023-11-26,CENTRAL,PROD-115,1,154.71,CUST-1687
TXN-007838,2023-11-26,CENTRAL,PROD-104,2,1845.18,CUST-1430
TXN-007873,2023-11-26,CENTRAL,PROD-109,1,189.47,CUST-2989
TXN-007923,2023-11-26,CENTRAL,PROD-101,5,14251.5,CUST-1361
TXN-007924,2023-11-26,CENTRAL,PROD-103,5,2700.54,CUST-1741
TXN-007930,2023-11-26,CENTRAL,PROD-104,2,1907.95,CUST-2518
TXN-000560,2023-11-27,NORTH,PROD-107,1,286.1,CUST-2380
TXN-000627,2023-11-27,NORTH,PROD-113,3,83.02,CUST-2155
TXN-000685,2023-11-27,NORTH,PROD-108,4,279.37,CUST-2183
TXN-000692,2023-11-27,NORTH,PROD-110,3,151.39,CUST-1268
TXN-000774,2023-11-27,NORTH,PROD-103,1,549.71,CUST-1405
TXN-000776,2023-11-27,NORTH,PROD-111,1,45.42,CUST-1945
TXN-000806,2023-11-27,NORTH,PROD-106,4,307.6,CUST-2411
TXN-000835,2023-11-27,NORTH,PROD-109,5,821.05,CUST-2541
TXN-000838,2023-11-27,NORTH,PROD-113,5,147.51,CUST-2097
TXN-000862,2023-11-27,NORTH,PROD-114,4,63.07,CUST-2777
TXN-000866,2023-11-27,NORTH,PROD-107,1,284.96,CUST-1935
TXN-000961,2023-11-27,NORTH,PROD-108,4,270.55,CUST-2572
TXN-000973,2023-11-27,NORTH,PROD-119,4,1518.78,CUST-2600
TXN-002320,2023-11-27,SOUTH,PROD-105,5,3154.59,CUST-1105
TXN-002335,2023-11-27,SOUTH,PROD-115,2,278.37,CUST-2531
TXN-002343,2023-11-27,SOUTH,PROD-113,2,55.3,CUST-1221
TXN-002414,2023-11-27,SOUTH,PROD-114,2,26.99,CUST-1460
TXN-002577,2023-11-27,SOUTH,PROD-117,3,587.77,CUST-1235
TXN-002641,2023-11-27,SOUTH,PROD-101,5,15540.09,CUST-1596
TXN-002642,2023-11-27,SOUTH,PROD-108,5,350.17,CUST-2547
TXN-002646,2023-11-27,SOUTH,PROD-112,3,312.58,CUST-2826
TXN-002695,2023-11-27,SOUTH,PROD-108,5,333.17,CUST-2255
TXN-002715,2023-11-27,SOUTH,PROD-113,1,27.26,CUST-2745
TXN-002774,2023-11-27,SOUTH,PROD-103,1,477.9,CUST-2249
TXN-002810,2023-11-27,SOUTH,PROD-119,1,360.98,CUST-1308
TXN-004419,2023-11-27,EAST,PROD-118,5,102.47,CUST-2976
TXN-004428,2023-11-27,EAST,PROD-107,4,1215.18,CUST-1614
TXN-004431,2023-11-27,EAST,PROD-119,3,1111.18,CUST-2229
TXN-004442,2023-11-27,EAST,PROD-120,4,586.01,CUST-1510
TXN-004447,2023-11-27,EAST,PROD-114,3,45.35,CUST-1257
TXN-004456,2023-11-27,EAST,PROD-107,4,1105.87,CUST-1437
TXN-004530,2023-11-27,EAST,PROD-103,4,1941.41,CUST-1026
TXN-004561,2023-11-27,EAST,PROD-104,1,843.31,CUST-1360
TXN-004602,2023-11-27,EAST,PROD-118,2,38.22,CUST-2247
TXN-004652,2023-11-27,EAST,PROD-101,5,13602.0,CUST-2919
TXN-004669,2023-11-27,EAST,PROD-116,1,57.9,CUST-2443
TXN-004685,2023-11-27,EAST,PROD-118,1,18.29,CUST-1793
TXN-005927,2023-11-27,WEST,PROD-106,1,85.47,CUST-1502
TXN-005961,2023-11-27,WEST,PROD-118,1,20.29,CUST-1289
TXN-006005,2023-11-27,WEST,PROD-120,3,475.77,CUST-2065
TXN-006013,2023-11-27,WEST,PROD-119,2,721.99,CUST-2316
TXN-006022,2023-11-27,WEST,PROD-119,1,317.5,CUST-2665
TXN-006041,2023-11-27,WEST,PROD-101,4,10816.87,CUST-1823
TXN-006063,2023-11-27,WEST,PROD-118,5,91.45,CUST-1077
TXN-006091,2023-11-27,WEST,PROD-109,4,703.63,CUST-2822
TXN-006141,2023-11-27,WEST,PROD-102,4,493.62,CUST-2335
TXN-006142,2023-11-27,WEST,PROD-101,2,6436.45,CUST-2684
TXN-006199,2023-11-27,WEST,PROD-116,5,297.16,CUST-1040
TXN-006219,2023-11-27,WEST,PROD-116,2,120.03,CUST-1561
TXN-006227,2023-11-27,WEST,PROD-114,4,65.07,CUST-1828
TXN-006241,2023-11-27,WEST,PROD-118,4,85.57,CUST-1613
TXN-006283,2023-11-27,WEST,PROD-111,2,96.35,CUST-2597
TXN-007611,2023-11-27,CENTRAL,PROD-101,5,16392.92,CUST-1836
TXN-007623,2023-11-27,CENTRAL,PROD-106,4,316.46,CUST-2113
TXN-007653,2023-11-27,CENTRAL,PROD-105,5,3162.52,CUST-2317
TXN-007673,2023-11-27,CENTRAL,PROD-107,3,931.86,CUST-2002
TXN-007674,2023-11-27,CENTRAL,PROD-107,1,329.75,CUST-2336
TXN-007765,2023-11-27,CENTRAL,PROD-119,1,318.58,CUST-1961
TXN-007774,2023-11-27,CENTRAL,PROD-106,3,223.24,CUST-2359
TXN-007813,2023-11-27,CENTRAL,PROD-106,4,316.51,CUST-2931
TXN-007814,2023-11-27,CENTRAL,PROD-114,5,81.24,CUST-2062
TXN-007825,2023-11-27,CENTRAL,PROD-117,3,634.48,CUST-1981
TXN-007853,2023-11-27,CENTRAL,PROD-106,5,403.18,CUST-2776
TXN-007862,2023-11-27,CENTRAL,PROD-109,4,787.63,CUST-2960
TXN-007865,2023-11-27,CENTRAL,PROD-112,4,379.38,CUST-2825
TXN-007871,2023-11-27,CENTRAL,PROD-105,2,1313.18,CUST-2671
TXN-000484,2023-11-28,NORTH,PROD-102,2,240.88,CUST-2149
TXN-000509,2023-11-28,NORTH,PROD-117,4,763.62,CUST-2657
TXN-000524,2023-11-28,NORTH,PROD-103,5,2473.32,CUST-2442
TXN-000545,2023-11-28,NORTH,PROD-102,2,251.53,CUST-1824
TXN-000556,2023-11-28,NORTH,PROD-105,4,2815.62,CUST-2152
TXN-000563,2023-11-28,NORTH,PROD-111,3,163.68,CUST-1032
TXN-000578,2023-11-28,NORTH,PROD-103,1,526.42,CUST-1845
TXN-000594,2023-11-28,NORTH,PROD-119,4,1335.87,CUST-2893
TXN-000635,2023-11-28,NORTH,PROD-114,5,68.01,CUST-2984
TXN-000707,2023-11-28,NORTH,PROD-105,2,1187.77,CUST-2154
TXN-000710,2023-11-28,NORTH,PROD-107,1,323.78,CUST-1287
TXN-000729,2023-11-28,NORTH,PROD-108,1,66.41,CUST-2894
TXN-000747,2023-11-28,NORTH,PROD-110,3,137.56,CUST-1936
TXN-000765,2023-11-28,NORTH,PROD-104,1,838.36,CUST-2406
TXN-000831,2023-11-28,NORTH,PROD-104,3,2853.8,CUST-1965
TXN-000848,2023-11-28,NORTH,PROD-101,5,15262.68,CUST-2601
TXN-000873,2023-11-28,NORTH,PROD-119,2,749.97,CUST-2326
TXN-000878,2023-11-28,NORTH,PROD-112,4,380.12,CUST-1956
TXN-000980,2023-11-28,NORTH,PROD-111,5,256.58,CUST-1412
TXN-002352,2023-11-28,SOUTH,PROD-119,2,662.09,CUST-1271
TXN-002355,2023-11-28,SOUTH,PROD-102,4,471.06,CUST-1628
TXN-002378,2023-11-28,SOUTH,PROD-117,1,186.61,CUST-2538
TXN-002399,2023-11-28,SOUTH,PROD-106,2,162.21,CUST-2932
TXN-002409,2023-11-28,SOUTH,PROD-103,2,927.83,CUST-2556
TXN-002437,2023-11-28,SOUTH,PROD-105,3,1934.52,CUST-2711
TXN-002438,2023-11-28,SOUTH,PROD-118,4,75.84,CUST-2696
TXN-002470,2023-11-28,SOUTH,PROD-102,3,335.58,CUST-2398
TXN-002491,2023-11-28,SOUTH,PROD-103,2,977.63,CUST-1947
TXN-002552,2023-11-28,SOUTH,PROD-104,1,892.63,CUST-2221
TXN-002570,2023-11-28,SOUTH,PROD-109,4,662.78,CUST-2625
TXN-002609,2023-11-28,SOUTH,PROD-108,2,145.44,CUST-1154
TXN-002689,2023-11-28,SOUTH,PROD-105,3,1999.98,CUST-2473
TXN-002710,2023-11-28,SOUTH,PROD-105,3,2061.1,CUST-2349
TXN-004333,2023-11-28,EAST,PROD-115,4,595.95,CUST-2353
TXN-004362,2023-11-28,EAST,PROD-106,1,75.54,CUST-2455
TXN-004363,2023-11-28,EAST,PROD-110,1,47.49,CUST-1256
TXN-004390,2023-11-28,EAST,PROD-116,1,49.84,CUST-1545
TXN-004475,2023-11-28,EAST,PROD-103,3,1452.06,CUST-1535
TXN-004495,2023-11-28,EAST,PROD-112,3,317.9,CUST-2794
TXN-004537,2023-11-28,EAST,PROD-104,5,4112.17,CUST-2788
TXN-004592,2023-11-28,EAST,PROD-103,5,2477.19,CUST-1773
TXN-004596,2023-11-28,EAST,PROD-106,4,288.9,CUST-1162
TXN-004610,2023-11-28,EAST,PROD-112,4,426.4,CUST-2455
TXN-004614,2023-11-28,EAST,PROD-116,2,110.05,CUST-2884
TXN-004626,2023-11-28,EAST,PROD-115,1,159.61,CUST-1279
TXN-004633,2023-11-28,EAST,PROD-114,3,41.66,CUST-1527
TXN-004689,2023-11-28,EAST,PROD-110,3,152.4,CUST-2973
TXN-005924,2023-11-28,WEST,PROD-114,4,63.34,CUST-1752
TXN-005938,2023-11-28,WEST,PROD-114,3,42.42,CUST-1270
TXN-005952,2023-11-28,WEST,PROD-110,1,48.87,CUST-1102
TXN-005998,2023-11-28,WEST,PROD-101,4,11258.87,CUST-1640
TXN-006006,2023-11-28,WEST,PROD-113,5,159.13,CUST-1567
TXN-006113,2023-11-28,WEST,PROD-113,1,27.65,CUST-1786
TXN-006118,2023-11-28,WEST,PROD-109,1,172.74,CUST-1093
TXN-006147,2023-11-28,WEST,PROD-111,3,162.27,CUST-1039
TXN-006175,2023-11-28,WEST,PROD-117,1,204.77,CUST-1854
TXN-006244,2023-11-28,WEST,PROD-117,3,598.87,CUST-1604
TXN-006245,2023-11-28,WEST,PROD-114,2,30.61,CUST-1490
TXN-006290,2023-11-28,WEST,PROD-111,2,96.01,CUST-2256
TXN-006315,2023-11-28,WEST,PROD-113,3,85.82,CUST-1942
TXN-007698,2023-11-28,CENTRAL,PROD-105,5,3346.87,CUST-2344
TXN-007721,2023-11-28,CENTRAL,PROD-111,2,90.48,CUST-1175
TXN-007733,2023-11-28,CENTRAL,PROD-119,4,1489.13,CUST-2684
TXN-007750,2023-11-28,CENTRAL,PROD-119,3,1078.52,CUST-1296
TXN-007794,2023-11-28,CENTRAL,PROD-103,5,2375.1,CUST-2388
TXN-007804,2023-11-28,CENTRAL,PROD-116,5,294.99,CUST-2471
TXN-007837,2023-11-28,CENTRAL,PROD-112,4,375.01,CUST-1129
TXN-007855,2023-11-28,CENTRAL,PROD-106,2,167.84,CUST-2880
TXN-007858,2023-11-28,CENTRAL,PROD-116,5,268.86,CUST-1876
TXN-007867,2023-11-28,CENTRAL,PROD-115,4,617.28,CUST-2572
TXN-007880,2023-11-28,CENTRAL,PROD-110,4,214.73,CUST-1943
TXN-007963,2023-11-28,CENTRAL,PROD-119,5,1707.64,CUST-2581
TXN-000498,2023-11-29,NORTH,PROD-117,2,411.02,CUST-1108
TXN-000534,2023-11-29,NORTH,PROD-103,4,1812.66,CUST-1838
TXN-000682,2023-11-29,NORTH,PROD-104,2,1966.58,CUST-2610
TXN-000698,2023-11-29,NORTH,PROD-109,1,185.55,CUST-1513
TXN-000715,2023-11-29,NORTH,PROD-110,2,100.33,CUST-2044
TXN-000717,2023-11-29,NORTH,PROD-108,4,273.57,CUST-1494
TXN-000756,2023-11-29,NORTH,PROD-117,4,832.09,CUST-1763
TXN-000775,2023-11-29,NORTH,PROD-115,2,275.5,CUST-2736
TXN-000788,2023-11-29,NORTH,PROD-109,1,191.1,CUST-1967
TXN-000934,2023-11-29,NORTH,PROD-102,1,128.44,CUST-2359
TXN-000939,2023-11-29,NORTH,PROD-106,1,74.11,CUST-2488
TXN-000943,2023-11-29,NORTH,PROD-105,4,2818.56,CUST-1232
TXN-000944,2023-11-29,NORTH,PROD-114,4,54.52,CUST-1536
TXN-000976,2023-11-29,NORTH,PROD-111,5,269.02,CUST-1858
TXN-002331,2023-11-29,SOUTH,PROD-105,4,2404.36,CUST-1999
TXN-002342,2023-11-29,SOUTH,PROD-113,5,156.73,CUST-2520
TXN-002390,2023-11-29,SOUTH,PROD-120,3,434.19,CUST-1118
TXN-002401,2023-11-29,SOUTH,PROD-106,4,331.95,CUST-1385
TXN-002423,2023-11-29,SOUTH,PROD-104,3,2924.73,CUST-2356
TXN-002450,2023-11-29,SOUTH,PROD-115,5,781.66,CUST-1529
TXN-002472,2023-11-29,SOUTH,PROD-107,2,632.24,CUST-1330
TXN-002504,2023-11-29,SOUTH,PROD-109,2,383.78,CUST-1190
TXN-002505,2023-11-29,SOUTH,PROD-114,3,49.14,CUST-1609
TXN-002535,2023-11-29,SOUTH,PROD-114,1,13.54,CUST-1315
TXN-002559,2023-11-29,SOUTH,PROD-106,5,410.45,CUST-2751
TXN-002575,2023-11-29,SOUTH,PROD-103,4,1866.86,CUST-1070
TXN-002605,2023-11-29,SOUTH,PROD-114,4,61.98,CUST-2069
TXN-002654,2023-11-29,SOUTH,PROD-111,4,203.53,CUST-2936
TXN-002674,2023-11-29,SOUTH,PROD-114,1,13.91,CUST-1906
TXN-002728,2023-11-29,SOUTH,PROD-101,3,9493.86,CUST-2164
TXN-002732,2023-11-29,SOUTH,PROD-118,2,42.39,CUST-1899
TXN-002750,2023-11-29,SOUTH,PROD-108,1,76.03,CUST-1054
TXN-004415,2023-11-29,EAST,PROD-118,1,18.93,CUST-2402
TXN-004417,2023-11-29,EAST,PROD-119,4,1512.19,CUST-2838
TXN-004423,2023-11-29,EAST,PROD-112,5,501.26,CUST-2899
TXN-004510,2023-11-29,EAST,PROD-112,4,434.41,CUST-2838
TXN-004515,2023-11-29,EAST,PROD-116,3,155.99,CUST-1709
TXN-004536,2023-11-29,EAST,PROD-110,1,45.35,CUST-2886
TXN-004539,2023-11-29,EAST,PROD-103,4,1938.1,CUST-1353
TXN-004562,2023-11-29,EAST,PROD-101,1,2737.81,CUST-2070
TXN-004641,2023-11-29,EAST,PROD-108,3,225.56,CUST-1311
TXN-004694,2023-11-29,EAST,PROD-113,2,57.41,CUST-1941
TXN-004699,2023-11-29,EAST,PROD-114,1,14.56,CUST-1012
TXN-004704,2023-11-29,EAST,PROD-111,4,193.32,CUST-2795
TXN-004711,2023-11-29,EAST,PROD-101,5,13878.2,CUST-2859
TXN-005916,2023-11-29,WEST,PROD-117,1,218.19,CUST-1823
TXN-005923,2023-11-29,WEST,PROD-116,3,149.08,CUST-2328
TXN-005972,2023-11-29,WEST,PROD-109,3,514.05,CUST-2577
TXN-006122,2023-11-29,WEST,PROD-118,4,79.66,CUST-1370
TXN-006229,2023-11-29,WEST,PROD-120,5,680.89,CUST-1598
TXN-006289,2023-11-29,WEST,PROD-110,1,51.21,CUST-2864
TXN-006300,2023-11-29,WEST,PROD-108,4,285.35,CUST-1029
TXN-007639,2023-11-29,CENTRAL,PROD-112,5,506.99,CUST-2867
TXN-007660,2023-11-29,CENTRAL,PROD-109,3,515.9,CUST-2741
TXN-007680,2023-11-29,CENTRAL,PROD-107,4,1219.55,CUST-2238
TXN-007723,2023-11-29,CENTRAL,PROD-118,2,43.05,CUST-2047
TXN-007752,2023-11-29,CENTRAL,PROD-106,3,222.38,CUST-2403
TXN-007841,2023-11-29,CENTRAL,PROD-113,4,109.83,CUST-2428
TXN-007842,2023-11-29,CENTRAL,PROD-110,3,153.65,CUST-2046
TXN-007854,2023-11-29,CENTRAL,PROD-115,1,158.77,CUST-2546
TXN-007888,2023-11-29,CENTRAL,PROD-106,2,165.66,CUST-1537
TXN-007897,2023-11-29,CENTRAL,PROD-118,1,18.14,CUST-2380
TXN-000503,2023-11-30,NORTH,PROD-103,5,2366.06,CUST-2513
TXN-000506,2023-11-30,NORTH,PROD-110,1,45.08,CUST-2164
TXN-000520,2023-11-30,NORTH,PROD-110,3,153.41,CUST-1449
TXN-000559,2023-11-30,NORTH,PROD-115,3,413.29,CUST-2484
TXN-000566,2023-11-30,NORTH,PROD-108,5,337.46,CUST-1580
TXN-000799,2023-11-30,NORTH,PROD-111,1,45.21,CUST-2202
TXN-000811,2023-11-30,NORTH,PROD-116,2,106.27,CUST-1160
TXN-000887,2023-11-30,NORTH,PROD-114,4,58.62,CUST-1073
TXN-000974,2023-11-30,NORTH,PROD-106,5,373.85,CUST-2670
TXN-002369,2023-11-30,SOUTH,PROD-107,2,624.54,CUST-2896
TXN-002382,2023-11-30,SOUTH,PROD-117,4,800.57,CUST-2476
TXN-002403,2023-11-30,SOUTH,PROD-113,1,31.34,CUST-1282
TXN-002406,2023-11-30,SOUTH,PROD-102,2,227.9,CUST-1172
TXN-002425,2023-11-30,SOUTH,PROD-105,2,1253.25,CUST-1800
TXN-002451,2023-11-30,SOUTH,PROD-119,5,1682.06,CUST-1466
TXN-002461,2023-11-30,SOUTH,PROD-110,2,101.01,CUST-2308
TXN-002462,2023-11-30,SOUTH,PROD-102,2,228.9,CUST-2168
TXN-002512,2023-11-30,SOUTH,PROD-105,4,2789.39,CUST-1233
TXN-002525,2023-11-30,SOUTH,PROD-104,1,955.06,CUST-1213
TXN-002555,2023-11-30,SOUTH,PROD-107,4,1104.12,CUST-2630
TXN-002569,2023-11-30,SOUTH,PROD-107,3,841.1,CUST-2408
TXN-002603,2023-11-30,SOUTH,PROD-105,5,3224.4,CUST-1259
TXN-002635,2023-11-30,SOUTH,PROD-108,2,134.8,CUST-1143
TXN-002673,2023-11-30,SOUTH,PROD-115,5,702.46,CUST-2603
TXN-002679,2023-11-30,SOUTH,PROD-110,2,101.59,CUST-1765
TXN-002690,2023-11-30,SOUTH,PROD-101,4,12296.75,CUST-1412
TXN-002694,2023-11-30,SOUTH,PROD-104,3,2648.43,CUST-1377
TXN-002705,2023-11-30,SOUTH,PROD-112,2,198.7,CUST-2481
TXN-002730,2023-11-30,SOUTH,PROD-117,4,750.38,CUST-1425
TXN-002756,2023-11-30,SOUTH,PROD-102,2,227.12,CUST-2206
TXN-002807,2023-11-30,SOUTH,PROD-105,5,2941.55,CUST-2248
TXN-004339,2023-11-30,EAST,PROD-120,2,272.2,CUST-2172
TXN-004345,2023-11-30,EAST,PROD-111,1,50.75,CUST-1669
TXN-004356,2023-11-30,EAST,PROD-102,4,443.78,CUST-2258
TXN-004401,2023-11-30,EAST,PROD-113,5,150.83,CUST-2010
TXN-004434,2023-11-30,EAST,PROD-116,1,52.43,CUST-2206
TXN-004460,2023-11-30,EAST,PROD-109,3,539.49,CUST-1537
TXN-004487,2023-11-30,EAST,PROD-113,4,124.34,CUST-1562
TXN-004558,2023-11-30,EAST,PROD-106,5,376.76,CUST-1354
TXN-004560,2023-11-30,EAST,PROD-107,2,557.47,CUST-1092
TXN-004564,2023-11-30,EAST,PROD-101,5,16023.77,CUST-2223
TXN-004647,2023-11-30,EAST,PROD-110,4,216.56,CUST-2107
TXN-004660,2023-11-30,EAST,PROD-108,3,223.31,CUST-2910
TXN-004665,2023-11-30,EAST,PROD-102,1,115.66,CUST-1691
TXN-004671,2023-11-30,EAST,PROD-112,5,517.36,CUST-2319
TXN-004681,2023-11-30,EAST,PROD-112,5,484.0,CUST-1094
TXN-005917,2023-11-30,WEST,PROD-110,4,181.09,CUST-2644
TXN-005932,2023-11-30,WEST,PROD-107,5,1559.64,CUST-2169
TXN-005945,2023-11-30,WEST,PROD-106,2,173.09,CUST-2673
TXN-005975,2023-11-30,WEST,PROD-118,4,72.24,CUST-2589
TXN-005986,2023-11-30,WEST,PROD-119,4,1297.74,CUST-1559
TXN-006014,2023-11-30,WEST,PROD-103,3,1377.65,CUST-2663
TXN-006047,2023-11-30,WEST,PROD-102,2,250.24,CUST-1091
TXN-006060,2023-11-30,WEST,PROD-104,2,1957.01,CUST-2328
TXN-006086,2023-11-30,WEST,PROD-120,1,147.73,CUST-1906
TXN-006103,2023-11-30,WEST,PROD-102,2,254.06,CUST-2717
TXN-006228,2023-11-30,WEST,PROD-118,1,20.98,CUST-1149
TXN-006238,2023-11-30,WEST,PROD-101,2,5764.13,CUST-1951
TXN-006292,2023-11-30,WEST,PROD-109,3,536.68,CUST-1840
TXN-006302,2023-11-30,WEST,PROD-116,3,168.02,CUST-1627
TXN-007616,2023-11-30,CENTRAL,PROD-102,3,360.2,CUST-2123
TXN-007650,2023-11-30,CENTRAL,PROD-111,4,217.36,CUST-2869
TXN-007663,2023-11-30,CENTRAL,PROD-111,3,154.59,CUST-1610
TXN-007701,2023-11-30,CENTRAL,PROD-109,3,525.9,CUST-2662
TXN-007713,2023-11-30,CENTRAL,PROD-115,1,162.52,CUST-1138
TXN-007717,2023-11-30,CENTRAL,PROD-104,4,3371.23,CUST-1152
TXN-007742,2023-11-30,CENTRAL,PROD-105,5,3124.06,CUST-1817
TXN-007819,2023-11-30,CENTRAL,PROD-120,2,313.3,CUST-2191
TXN-007849,2023-11-30,CENTRAL,PROD-120,5,789.12,CUST-1360
TXN-007872,2023-11-30,CENTRAL,PROD-115,1,144.36,CUST-1335
TXN-007877,2023-11-30,CENTRAL,PROD-115,1,143.79,CUST-1213
TXN-007927,2023-11-30,CENTRAL,PROD-116,5,297.67,CUST-1182
TXN-007948,2023-11-30,CENTRAL,PROD-103,4,1833.99,CUST-2758
TXN-001014,2023-12-01,NORTH,PROD-117,3,601.69,CUST-2042
TXN-001020,2023-12-01,NORTH,PROD-115,3,408.38,CUST-1151
TXN-001029,2023-12-01,NORTH,PROD-116,2,110.72,CUST-1280
TXN-001076,2023-12-01,NORTH,PROD-108,1,64.78,CUST-2214
TXN-001080,2023-12-01,NORTH,PROD-110,1,47.16,CUST-2243
TXN-001097,2023-12-01,NORTH,PROD-113,2,62.23,CUST-1647
TXN-001108,2023-12-01,NORTH,PROD-103,2,994.31,CUST-2230
TXN-001113,2023-12-01,NORTH,PROD-107,5,1435.75,CUST-1069
TXN-001116,2023-12-01,NORTH,PROD-106,1,87.94,CUST-2597
TXN-001188,2023-12-01,NORTH,PROD-116,4,211.14,CUST-2569
TXN-001228,2023-12-01,NORTH,PROD-117,4,837.34,CUST-2809
TXN-001229,2023-12-01,NORTH,PROD-120,3,474.81,CUST-1490
TXN-001337,2023-12-01,NORTH,PROD-106,4,325.74,CUST-2460
TXN-001402,2023-12-01,NORTH,PROD-120,5,752.06,CUST-1424
TXN-002892,2023-12-01,SOUTH,PROD-102,1,126.11,CUST-2079
TXN-002946,2023-12-01,SOUTH,PROD-111,1,53.95,CUST-1107
TXN-002963,2023-12-01,SOUTH,PROD-116,5,282.22,CUST-2005
TXN-003012,2023-12-01,SOUTH,PROD-105,2,1399.55,CUST-1618
TXN-003096,2023-12-01,SOUTH,PROD-107,5,1488.3,CUST-1502
TXN-003168,2023-12-01,SOUTH,PROD-111,4,211.59,CUST-1668
TXN-003186,2023-12-01,SOUTH,PROD-105,1,668.48,CUST-1876
TXN-003199,2023-12-01,SOUTH,PROD-120,4,542.23,CUST-1462
TXN-003210,2023-12-01,SOUTH,PROD-115,2,292.81,CUST-1916
TXN-003233,2023-12-01,SOUTH,PROD-112,2,183.67,CUST-1136
TXN-003306,2023-12-01,SOUTH,PROD-115,3,437.24,CUST-2399
TXN-003318,2023-12-01,SOUTH,PROD-104,2,1829.44,CUST-2862
TXN-003342,2023-12-01,SOUTH,PROD-118,4,80.9,CUST-1118
TXN-004735,2023-12-01,EAST,PROD-105,1,667.42,CUST-1104
TXN-004741,2023-12-01,EAST,PROD-102,3,375.47,CUST-2219
TXN-004748,2023-12-01,EAST,PROD-109,2,384.61,CUST-2520
TXN-004812,2023-12-01,EAST,PROD-104,3,2921.92,CUST-2323
TXN-004854,2023-12-01,EAST,PROD-116,3,156.03,CUST-2145
TXN-004912,2023-12-01,EAST,PROD-117,5,934.22,CUST-1460
TXN-004917,2023-12-01,EAST,PROD-119,4,1296.11,CUST-2416
TXN-004996,2023-12-01,EAST,PROD-109,4,650.96,CUST-1341
TXN-004997,2023-12-01,EAST,PROD-112,5,518.26,CUST-2569
TXN-005090,2023-12-01,EAST,PROD-109,3,520.1,CUST-2623
TXN-005092,2023-12-01,EAST,PROD-111,2,92.35,CUST-2818
TXN-005106,2023-12-01,EAST,PROD-112,4,383.38,CUST-2143
TXN-006337,2023-12-01,WEST,PROD-113,2,65.81,CUST-2679
TXN-006344,2023-12-01,WEST,PROD-102,1,112.4,CUST-2192
TXN-006408,2023-12-01,WEST,PROD-113,2,58.86,CUST-1450
TXN-006465,2023-12-01,WEST,PROD-115,2,303.31,CUST-2465
TXN-006487,2023-12-01,WEST,PROD-112,3,298.66,CUST-1499
TXN-006566,2023-12-01,WEST,PROD-113,5,145.29,CUST-1372
TXN-006586,2023-12-01,WEST,PROD-115,4,583.75,CUST-1965
TXN-006587,2023-12-01,WEST,PROD-117,5,958.1,CUST-1326
TXN-006600,2023-12-01,WEST,PROD-103,4,1855.05,CUST-2146
TXN-006682,2023-12-01,WEST,PROD-115,5,763.83,CUST-1628
TXN-006686,2023-12-01,WEST,PROD-115,1,148.0,CUST-1551
TXN-006713,2023-12-01,WEST,PROD-107,4,1212.25,CUST-2597
TXN-008029,2023-12-01,CENTRAL,PROD-104,4,3936.08,CUST-2521
TXN-008155,2023-12-01,CENTRAL,PROD-115,2,328.55,CUST-2528
TXN-008207,2023-12-01,CENTRAL,PROD-110,5,272.34,CUST-2224
TXN-008242,2023-12-01,CENTRAL,PROD-113,1,30.53,CUST-2663
TXN-008257,2023-12-01,CENTRAL,PROD-105,4,2407.29,CUST-2652
TXN-008288,2023-12-01,CENTRAL,PROD-102,5,585.9,CUST-2765
TXN-008301,2023-12-01,CENTRAL,PROD-109,4,705.09,CUST-1892
TXN-000990,2023-12-02,NORTH,PROD-112,4,368.16,CUST-2778
TXN-001021,2023-12-02,NORTH,PROD-106,3,242.76,CUST-2178
TXN-001064,2023-12-02,NORTH,PROD-102,3,331.4,CUST-2984
TXN-001088,2023-12-02,NORTH,PROD-118,5,105.0,CUST-1191
TXN-001091,2023-12-02,NORTH,PROD-117,4,756.68,CUST-2644
TXN-001157,2023-12-02,NORTH,PROD-113,1,31.13,CUST-1123
TXN-001211,2023-12-02,NORTH,PROD-118,5,92.4,CUST-1986
TXN-001265,2023-12-02,NORTH,PROD-119,4,1281.94,CUST-1115
TXN-001269,2023-12-02,NORTH,PROD-111,5,253.19,CUST-1670
TXN-001274,2023-12-02,NORTH,PROD-118,4,76.16,CUST-1817
TXN-001326,2023-12-02,NORTH,PROD-120,4,626.38,CUST-1808
TXN-001372,2023-12-02,NORTH,PROD-111,3,151.78,CUST-2306
TXN-002922,2023-12-02,SOUTH,PROD-114,4,56.01,CUST-2645
TXN-002968,2023-12-02,SOUTH,PROD-111,1,53.57,CUST-1569
TXN-003025,2023-12-02,SOUTH,PROD-107,3,888.34,CUST-1696
TXN-003041,2023-12-02,SOUTH,PROD-104,4,3571.34,CUST-1103
TXN-003046,2023-12-02,SOUTH,PROD-118,4,75.94,CUST-1173
TXN-003189,2023-12-02,SOUTH,PROD-117,3,634.78,CUST-2008
TXN-003231,2023-12-02,SOUTH,PROD-105,4,2364.14,CUST-1773
TXN-003308,2023-12-02,SOUTH,PROD-111,4,207.92,CUST-2301
TXN-004722,2023-12-02,EAST,PROD-102,3,390.0,CUST-1981
TXN-004730,2023-12-02,EAST,PROD-109,1,171.98,CUST-1998
TXN-004739,2023-12-02,EAST,PROD-105,5,2985.75,CUST-1688
TXN-004752,2023-12-02,EAST,PROD-112,4,404.53,CUST-1755
TXN-004767,2023-12-02,EAST,PROD-118,4,87.14,CUST-2217
TXN-004798,2023-12-02,EAST,PROD-115,5,736.85,CUST-2348
TXN-004816,2023-12-02,EAST,PROD-101,2,5980.59,CUST-2398
TXN-004822,2023-12-02,EAST,PROD-107,1,281.88,CUST-2275
TXN-004833,2023-12-02,EAST,PROD-116,4,202.0,CUST-1101
TXN-004888,2023-12-02,EAST,PROD-101,2,5905.02,CUST-2150
TXN-004913,2023-12-02,EAST,PROD-119,3,1050.08,CUST-1263
TXN-004922,2023-12-02,EAST,PROD-110,3,151.97,CUST-2738
TXN-004978,2023-12-02,EAST,PROD-104,5,4462.05,CUST-2052
TXN-004979,2023-12-02,EAST,PROD-108,3,230.23,CUST-2133
TXN-005093,2023-12-02,EAST,PROD-106,4,296.89,CUST-1940
TXN-005094,2023-12-02,EAST,PROD-113,4,114.92,CUST-2233
TXN-005099,2023-12-02,EAST,PROD-111,4,192.17,CUST-2669
TXN-005104,2023-12-02,EAST,PROD-112,4,420.74,CUST-1826
TXN-005111,2023-12-02,EAST,PROD-101,1,3078.6,CUST-1418
TXN-005117,2023-12-02,EAST,PROD-113,2,63.43,CUST-1259
TXN-006370,2023-12-02,WEST,PROD-101,2,5944.25,CUST-1690
TXN-006402,2023-12-02,WEST,PROD-115,1,141.1,CUST-2331
TXN-006422,2023-12-02,WEST,PROD-104,2,1672.39,CUST-2274
TXN-006424,2023-12-02,WEST,PROD-101,1,2764.96,CUST-1680
TXN-006429,2023-12-02,WEST,PROD-110,1,47.71,CUST-1131
TXN-006434,2023-12-02,WEST,PROD-107,1,307.46,CUST-1025
TXN-006474,2023-12-02,WEST,PROD-112,4,427.86,CUST-2417
TXN-006492,2023-12-02,WEST,PROD-105,4,2521.26,CUST-2172
TXN-006506,2023-12-02,WEST,PROD-105,1,655.98,CUST-2361
TXN-006507,2023-12-02,WEST,PROD-103,3,1549.93,CUST-1773
TXN-006514,2023-12-02,WEST,PROD-102,5,546.24,CUST-2681
TXN-006595,2023-12-02,WEST,PROD-115,2,286.8,CUST-2880
TXN-006661,2023-12-02,WEST,PROD-101,2,5407.04,CUST-2590
TXN-006673,2023-12-02,WEST,PROD-111,1,47.43,CUST-1576
TXN-006677,2023-12-02,WEST,PROD-118,2,41.46,CUST-1158
TXN-006684,2023-12-02,WEST,PROD-101,3,8332.9,CUST-1527
TXN-006702,2023-12-02,WEST,PROD-106,2,150.94,CUST-2343
TXN-006720,2023-12-02,WEST,PROD-113,2,60.93,CUST-1168
TXN-008014,2023-12-02,CENTRAL,PROD-119,3,1120.89,CUST-2293
TXN-008056,2023-12-02,CENTRAL,PROD-119,4,1361.67,CUST-1622
TXN-008074,2023-12-02,CENTRAL,PROD-117,5,1050.31,CUST-1854
TXN-008080,2023-12-02,CENTRAL,PROD-116,3,170.68,CUST-1551
TXN-008088,2023-12-02,CENTRAL,PROD-107,2,641.4,CUST-1797
TXN-008107,2023-12-02,CENTRAL,PROD-107,4,1082.64,CUST-1405
TXN-008174,2023-12-02,CENTRAL,PROD-105,2,1181.7,CUST-2763
TXN-008228,2023-12-02,CENTRAL,PROD-114,2,28.31,CUST-2620
TXN-008240,2023-12-02,CENTRAL,PROD-118,2,38.17,CUST-2155
TXN-008284,2023-12-02,CENTRAL,PROD-105,1,705.63,CUST-1875
TXN-000999,2023-12-03,NORTH,PROD-106,2,167.5,CUST-1245
TXN-001026,2023-12-03,NORTH,PROD-112,5,460.57,CUST-2612
TXN-001034,2023-12-03,NORTH,PROD-110,2,104.94,CUST-2851
TXN-001040,2023-12-03,NORTH,PROD-109,1,169.1,CUST-2190
TXN-001057,2023-12-03,NORTH,PROD-113,3,90.01,CUST-2358
TXN-001110,2023-12-03,NORTH,PROD-120,1,156.72,CUST-2907
TXN-001201,2023-12-03,NORTH,PROD-105,1,649.16,CUST-1701
TXN-001205,2023-12-03,NORTH,PROD-118,4,74.87,CUST-2835
TXN-001217,2023-12-03,NORTH,PROD-108,2,139.98,CUST-2405
TXN-001238,2023-12-03,NORTH,PROD-101,2,6186.88,CUST-2902
TXN-001262,2023-12-03,NORTH,PROD-119,4,1419.3,CUST-1446
TXN-001312,2023-12-03,NORTH,PROD-118,5,108.92,CUST-1243
TXN-001319,2023-12-03,NORTH,PROD-116,2,110.03,CUST-2239
TXN-001350,2023-12-03,NORTH,PROD-120,5,675.94,CUST-2807
TXN-001355,2023-12-03,NORTH,PROD-102,1,118.0,CUST-1366
TXN-002888,2023-12-03,SOUTH,PROD-102,5,565.21,CUST-2097
TXN-002904,2023-12-03,SOUTH,PROD-108,4,283.38,CUST-1990
TXN-002910,2023-12-03,SOUTH,PROD-104,5,4202.28,CUST-2772
TXN-002919,2023-12-03,SOUTH,PROD-104,4,3743.42,CUST-1770
TXN-002978,2023-12-03,SOUTH,PROD-119,4,1284.65,CUST-2881
TXN-002979,2023-12-03,SOUTH,PROD-106,1,74.96,CUST-2211
TXN-003053,2023-12-03,SOUTH,PROD-111,3,147.65,CUST-1046
TXN-003072,2023-12-03,SOUTH,PROD-107,5,1460.71,CUST-1598
TXN-003127,2023-12-03,SOUTH,PROD-111,2,96.17,CUST-1460
TXN-003138,2023-12-03,SOUTH,PROD-107,1,324.36,CUST-1272
TXN-003153,2023-12-03,SOUTH,PROD-114,3,41.32,CUST-2766
TXN-003177,2023-12-03,SOUTH,PROD-111,4,212.93,CUST-2790
TXN-003179,2023-12-03,SOUTH,PROD-115,2,289.65,CUST-2120
TXN-003191,2023-12-03,SOUTH,PROD-119,1,383.18,CUST-2599
TXN-003206,2023-12-03,SOUTH,PROD-111,3,162.82,CUST-2348
TXN-003321,2023-12-03,SOUTH,PROD-103,5,2707.29,CUST-2359
TXN-003344,2023-12-03,SOUTH,PROD-112,1,109.08,CUST-1566
TXN-003351,2023-12-03,SOUTH,PROD-120,1,150.88,CUST-2496
TXN-004745,2023-12-03,EAST,PROD-114,1,14.9,CUST-1775
TXN-004862,2023-12-03,EAST,PROD-112,1,98.55,CUST-2476
TXN-004903,2023-12-03,EAST,PROD-111,5,239.45,CUST-2075
TXN-004943,2023-12-03,EAST,PROD-115,3,421.92,CUST-1077
TXN-004972,2023-12-03,EAST,PROD-106,2,154.11,CUST-1083
TXN-005008,2023-12-03,EAST,PROD-111,4,188.7,CUST-1311
TXN-005013,2023-12-03,EAST,PROD-111,3,153.67,CUST-1056
TXN-005018,2023-12-03,EAST,PROD-106,2,147.0,CUST-2698
TXN-005032,2023-12-03,EAST,PROD-107,2,542.03,CUST-2414
TXN-005033,2023-12-03,EAST,PROD-102,3,335.71,CUST-1519
TXN-006351,2023-12-03,WEST,PROD-113,4,119.13,CUST-2602
TXN-006382,2023-12-03,WEST,PROD-105,4,2435.16,CUST-1573
TXN-006431,2023-12-03,WEST,PROD-107,3,844.34,CUST-2300
TXN-006443,2023-12-03,WEST,PROD-119,5,1739.46,CUST-2704
TXN-006519,2023-12-03,WEST,PROD-111,5,268.99,CUST-2230
TXN-006529,2023-12-03,WEST,PROD-102,3,372.99,CUST-2940
TXN-006564,2023-12-03,WEST,PROD-117,4,853.66,CUST-1074
TXN-006579,2023-12-03,WEST,PROD-109,4,742.32,CUST-2836
TXN-006617,2023-12-03,WEST,PROD-116,3,159.82,CUST-1733
TXN-006681,2023-12-03,WEST,PROD-116,2,115.22,CUST-2230
TXN-006723,2023-12-03,WEST,PROD-118,1,19.78,CUST-2195
TXN-007998,2023-12-03,CENTRAL,PROD-117,5,933.23,CUST-2533
TXN-008039,2023-12-03,CENTRAL,PROD-108,1,74.98,CUST-2790
TXN-008050,2023-12-03,CENTRAL,PROD-117,4,873.52,CUST-2383
TXN-008055,2023-12-03,CENTRAL,PROD-104,5,4820.58,CUST-1494
TXN-008064,2023-12-03,CENTRAL,PROD-118,1,20.19,CUST-1335
TXN-008083,2023-12-03,CENTRAL,PROD-120,5,698.98,CUST-1211
TXN-008129,2023-12-03,CENTRAL,PROD-101,2,5797.93,CUST-1812
TXN-008186,2023-12-03,CENTRAL,PROD-114,1,14.05,CUST-1238
TXN-008190,2023-12-03,CENTRAL,PROD-119,1,317.96,CUST-2697
TXN-008199,2023-12-03,CENTRAL,PROD-112,5,455.43,CUST-2532
TXN-008212,2023-12-03,CENTRAL,PROD-107,3,913.74,CUST-1335
TXN-008234,2023-12-03,CENTRAL,PROD-103,2,1050.89,CUST-2726
TXN-008239,2023-12-03,CENTRAL,PROD-120,4,648.8,CUST-1526
TXN-008266,2023-12-03,CENTRAL,PROD-105,3,1812.68,CUST-1368
TXN-008273,2023-12-03,CENTRAL,PROD-107,1,300.89,CUST-1761
TXN-001013,2023-12-04,NORTH,PROD-113,3,90.69,CUST-1580
TXN-001087,2023-12-04,NORTH,PROD-106,4,345.66,CUST-2229
TXN-001136,2023-12-04,NORTH,PROD-104,1,931.64,CUST-2359
TXN-001174,2023-12-04,NORTH,PROD-103,4,2019.33,CUST-1054
TXN-001176,2023-12-04,NORTH,PROD-109,5,837.9,CUST-2342
TXN-001209,2023-12-04,NORTH,PROD-117,2,397.81,CUST-2396
TXN-001215,2023-12-04,NORTH,PROD-113,2,54.09,CUST-1087
TXN-001235,2023-12-04,NORTH,PROD-102,5,616.96,CUST-1796
TXN-001335,2023-12-04,NORTH,PROD-106,5,434.97,CUST-2426
TXN-001370,2023-12-04,NORTH,PROD-101,4,12301.06,CUST-1242
TXN-001401,2023-12-04,NORTH,PROD-109,2,335.32,CUST-1235
TXN-002841,2023-12-04,SOUTH,PROD-108,3,209.69,CUST-1099
TXN-002850,2023-12-04,SOUTH,PROD-107,5,1601.58,CUST-2546
TXN-002893,2023-12-04,SOUTH,PROD-117,4,846.57,CUST-1087
TXN-002907,2023-12-04,SOUTH,PROD-115,2,304.65,CUST-1051
TXN-002909,2023-12-04,SOUTH,PROD-110,3,139.29,CUST-2291
TXN-002977,2023-12-04,SOUTH,PROD-111,4,202.69,CUST-2427
TXN-003016,2023-12-04,SOUTH,PROD-116,5,285.22,CUST-2432
TXN-003079,2023-12-04,SOUTH,PROD-119,3,982.48,CUST-1326
TXN-003129,2023-12-04,SOUTH,PROD-107,3,899.75,CUST-2167
TXN-003192,2023-12-04,SOUTH,PROD-118,2,42.37,CUST-2734
TXN-003217,2023-12-04,SOUTH,PROD-115,1,135.21,CUST-2646
TXN-003228,2023-12-04,SOUTH,PROD-106,1,79.95,CUST-1627
TXN-003234,2023-12-04,SOUTH,PROD-116,4,241.22,CUST-2754
TXN-003241,2023-12-04,SOUTH,PROD-113,3,96.93,CUST-1216
TXN-003257,2023-12-04,SOUTH,PROD-108,4,298.44,CUST-1247
TXN-003290,2023-12-04,SOUTH,PROD-109,3,583.68,CUST-2312
TXN-003357,2023-12-04,SOUTH,PROD-110,3,140.29,CUST-1882
TXN-004718,2023-12-04,EAST,PROD-104,5,4442.83,CUST-2097
TXN-004763,2023-12-04,EAST,PROD-103,3,1640.56,CUST-1524
TXN-004766,2023-12-04,EAST,PROD-117,5,1027.2,CUST-2956
TXN-004793,2023-12-04,EAST,PROD-109,2,351.69,CUST-2912
TXN-004852,2023-12-04,EAST,PROD-118,1,19.08,CUST-2401
TXN-005056,2023-12-04,EAST,PROD-108,4,282.88,CUST-2977
TXN-005068,2023-12-04,EAST,PROD-115,5,779.17,CUST-1722
TXN-005089,2023-12-04,EAST,PROD-113,3,94.94,CUST-2094
TXN-005105,2023-12-04,EAST,PROD-119,5,1699.51,CUST-1417
TXN-005118,2023-12-04,EAST,PROD-111,3,153.31,CUST-1894
TXN-005121,2023-12-04,EAST,PROD-120,1,144.94,CUST-1442
TXN-006332,2023-12-04,WEST,PROD-116,3,179.86,CUST-2230
TXN-006379,2023-12-04,WEST,PROD-109,1,191.31,CUST-2647
TXN-006392,2023-12-04,WEST,PROD-105,1,697.62,CUST-2569
TXN-006410,2023-12-04,WEST,PROD-103,2,1076.63,CUST-2691
TXN-006435,2023-12-04,WEST,PROD-113,5,162.89,CUST-1782
TXN-006462,2023-12-04,WEST,PROD-108,1,74.24,CUST-1957
TXN-006553,2023-12-04,WEST,PROD-113,3,89.66,CUST-2194
TXN-006563,2023-12-04,WEST,PROD-104,2,1742.34,CUST-1028
TXN-006612,2023-12-04,WEST,PROD-102,5,583.57,CUST-1458
TXN-006642,2023-12-04,WEST,PROD-111,3,152.68,CUST-2533
TXN-006649,2023-12-04,WEST,PROD-115,5,693.93,CUST-2850
TXN-006690,2023-12-04,WEST,PROD-119,1,358.54,CUST-2636
TXN-006706,2023-12-04,WEST,PROD-103,4,1966.4,CUST-1199
TXN-006732,2023-12-04,WEST,PROD-101,4,10984.69,CUST-1433
TXN-007990,2023-12-04,CENTRAL,PROD-115,3,436.04,CUST-1346
TXN-007993,2023-12-04,CENTRAL,PROD-104,3,2566.62,CUST-1163
TXN-008053,2023-12-04,CENTRAL,PROD-114,1,13.72,CUST-2911
TXN-008095,2023-12-04,CENTRAL,PROD-105,3,2031.12,CUST-1410
TXN-008153,2023-12-04,CENTRAL,PROD-102,5,541.2,CUST-2124
TXN-008197,2023-12-04,CENTRAL,PROD-101,1,2810.61,CUST-1603
TXN-008203,2023-12-04,CENTRAL,PROD-119,1,362.02,CUST-2515
TXN-008224,2023-12-04,CENTRAL,PROD-105,2,1397.43,CUST-2259
TXN-008231,2023-12-04,CENTRAL,PROD-101,5,15611.63,CUST-2297
TXN-008232,2023-12-04,CENTRAL,PROD-119,4,1500.81,CUST-1100
TXN-008277,2023-12-04,CENTRAL,PROD-101,5,13755.55,CUST-1301
TXN-000987,2023-12-05,NORTH,PROD-102,1,112.79,CUST-2537
TXN-001001,2023-12-05,NORTH,PROD-106,5,427.63,CUST-1012
TXN-001031,2023-12-05,NORTH,PROD-110,3,163.69,CUST-1023
TXN-001047,2023-12-05,NORTH,PROD-111,4,198.47,CUST-1735
TXN-001078,2023-12-05,NORTH,PROD-102,2,228.38,CUST-1369
TXN-001153,2023-12-05,NORTH,PROD-105,4,2758.91,CUST-1362
TXN-001219,2023-12-05,NORTH,PROD-118,1,18.49,CUST-1477
TXN-001273,2023-12-05,NORTH,PROD-111,1,49.75,CUST-2527
TXN-001290,2023-12-05,NORTH,PROD-101,4,12199.17,CUST-2359
TXN-001304,2023-12-05,NORTH,PROD-111,4,206.24,CUST-1180
TXN-001308,2023-12-05,NORTH,PROD-107,2,609.7,CUST-2401
TXN-001316,2023-12-05,NORTH,PROD-106,1,84.19,CUST-2254
TXN-001334,2023-12-05,NORTH,PROD-115,4,550.82,CUST-2026
TXN-001379,2023-12-05,NORTH,PROD-116,2,112.78,CUST-2827
TXN-001406,2023-12-05,NORTH,PROD-101,4,12967.86,CUST-1104
TXN-002822,2023-12-05,SOUTH,PROD-118,2,42.19,CUST-1835
TXN-002830,2023-12-05,SOUTH,PROD-117,5,1083.67,CUST-2852
TXN-002837,2023-12-05,SOUTH,PROD-106,5,433.25,CUST-2919
TXN-002855,2023-12-05,SOUTH,PROD-115,3,487.59,CUST-2467
TXN-002877,2023-12-05,SOUTH,PROD-116,4,224.41,CUST-2408
TXN-002920,2023-12-05,SOUTH,PROD-101,2,6023.91,CUST-1249
TXN-002931,2023-12-05,SOUTH,PROD-116,1,60.42,CUST-1012
TXN-002941,2023-12-05,SOUTH,PROD-117,5,1028.91,CUST-1785
TXN-002947,2023-12-05,SOUTH,PROD-117,4,788.03,CUST-1967
TXN-003011,2023-12-05,SOUTH,PROD-112,4,391.64,CUST-1944
TXN-003074,2023-12-05,SOUTH,PROD-120,5,699.96,CUST-1721
TXN-003108,2023-12-05,SOUTH,PROD-109,5,945.59,CUST-1229
TXN-003110,2023-12-05,SOUTH,PROD-108,4,263.73,CUST-1199
TXN-003119,2023-12-05,SOUTH,PROD-105,5,3114.97,CUST-1787
TXN-003128,2023-12-05,SOUTH,PROD-109,5,949.99,CUST-2617
TXN-003166,2023-12-05,SOUTH,PROD-115,3,406.73,CUST-2443
TXN-003178,2023-12-05,SOUTH,PROD-119,3,1065.53,CUST-2151
TXN-003224,2023-12-05,SOUTH,PROD-116,1,50.16,CUST-2644
TXN-003240,2023-12-05,SOUTH,PROD-105,2,1341.37,CUST-2523
TXN-003274,2023-12-05,SOUTH,PROD-116,2,115.8,CUST-2653
TXN-003278,2023-12-05,SOUTH,PROD-113,1,31.35,CUST-2200
TXN-004727,2023-12-05,EAST,PROD-106,4,298.36,CUST-1111
TXN-004729,2023-12-05,EAST,PROD-108,2,144.53,CUST-1319
TXN-004738,2023-12-05,EAST,PROD-104,2,1754.24,CUST-1398
TXN-004744,2023-12-05,EAST,PROD-103,1,515.17,CUST-2226
TXN-004792,2023-12-05,EAST,PROD-108,3,221.6,CUST-2206
TXN-004843,2023-12-05,EAST,PROD-107,2,657.84,CUST-1313
TXN-004844,2023-12-05,EAST,PROD-106,5,361.31,CUST-1218
TXN-004856,2023-12-05,EAST,PROD-101,1,2831.84,CUST-1790
TXN-004871,2023-12-05,EAST,PROD-110,1,54.4,CUST-2171
TXN-004949,2023-12-05,EAST,PROD-120,2,270.54,CUST-1034
TXN-004950,2023-12-05,EAST,PROD-111,4,202.9,CUST-1221
TXN-004987,2023-12-05,EAST,PROD-116,4,230.89,CUST-1512
TXN-005030,2023-12-05,EAST,PROD-107,3,928.5,CUST-1229
TXN-005058,2023-12-05,EAST,PROD-117,2,376.07,CUST-1463
TXN-005067,2023-12-05,EAST,PROD-115,5,741.64,CUST-1840
TXN-005114,2023-12-05,EAST,PROD-120,5,815.67,CUST-1806
TXN-006333,2023-12-05,WEST,PROD-105,1,624.26,CUST-1835
TXN-006365,2023-12-05,WEST,PROD-107,4,1109.51,CUST-1729
TXN-006375,2023-12-05,WEST,PROD-116,5,286.7,CUST-1212
TXN-006393,2023-12-05,WEST,PROD-115,4,625.27,CUST-1368
TXN-006398,2023-12-05,WEST,PROD-107,3,970.7,CUST-1946
TXN-006411,2023-12-05,WEST,PROD-101,1,3234.79,CUST-2475
TXN-006413,2023-12-05,WEST,PROD-113,3,94.89,CUST-2782
TXN-006471,2023-12-05,WEST,PROD-103,1,532.72,CUST-2468
TXN-006525,2023-12-05,WEST,PROD-105,4,2610.31,CUST-1715
TXN-006572,2023-12-05,WEST,PROD-109,5,891.17,CUST-1490
TXN-006622,2023-12-05,WEST,PROD-103,3,1599.1,CUST-1768
TXN-006632,2023-12-05,WEST,PROD-105,4,2569.13,CUST-2386
TXN-006637,2023-12-05,WEST,PROD-112,5,531.54,CUST-1821
TXN-006640,2023-12-05,WEST,PROD-116,3,173.78,CUST-1905
TXN-006652,2023-12-05,WEST,PROD-120,1,157.3,CUST-2498
TXN-006675,2023-12-05,WEST,PROD-101,1,2841.0,CUST-2347
TXN-006698,2023-12-05,WEST,PROD-113,4,130.12,CUST-1903
TXN-006729,2023-12-05,WEST,PROD-104,4,3329.41,CUST-1572
TXN-008043,2023-12-05,CENTRAL,PROD-118,2,41.1,CUST-1990
TXN-008078,2023-12-05,CENTRAL,PROD-114,4,62.63,CUST-2108
TXN-008099,2023-12-05,CENTRAL,PROD-116,4,208.11,CUST-1529
TXN-008100,2023-12-05,CENTRAL,PROD-105,5,3538.34,CUST-2428
TXN-008117,2023-12-05,CENTRAL,PROD-104,3,2694.28,CUST-2427
TXN-008120,2023-12-05,CENTRAL,PROD-115,2,308.84,CUST-2984
TXN-008156,2023-12-05,CENTRAL,PROD-114,3,43.21,CUST-2548
TXN-008220,2023-12-05,CENTRAL,PROD-102,2,259.99,CUST-1796
TXN-008244,2023-12-05,CENTRAL,PROD-115,3,435.61,CUST-1886
TXN-008294,2023-12-05,CENTRAL,PROD-107,4,1277.71,CUST-1306
TXN-001006,2023-12-06,NORTH,PROD-117,1,211.44,CUST-1327
TXN-001017,2023-12-06,NORTH,PROD-118,5,90.1,CUST-1135
TXN-001066,2023-12-06,NORTH,PROD-113,4,116.73,CUST-2339
TXN-001071,2023-12-06,NORTH,PROD-108,1,70.19,CUST-1576
TXN-001077,2023-12-06,NORTH,PROD-105,5,2950.43,CUST-2173
TXN-001179,2023-12-06,NORTH,PROD-101,1,3098.12,CUST-2763
TXN-001196,2023-12-06,NORTH,PROD-105,3,1798.01,CUST-1933
TXN-001234,2023-12-06,NORTH,PROD-102,2,221.12,CUST-1393
TXN-001300,2023-12-06,NORTH,PROD-101,3,9331.73,CUST-1728
TXN-001313,2023-12-06,NORTH,PROD-111,2,104.52,CUST-2568
TXN-001344,2023-12-06,NORTH,PROD-102,4,461.54,CUST-2496
TXN-001356,2023-12-06,NORTH,PROD-110,5,257.99,CUST-2434
TXN-001377,2023-12-06,NORTH,PROD-107,3,960.06,CUST-2889
TXN-002827,2023-12-06,SOUTH,PROD-104,4,3429.59,CUST-2136
TXN-002840,2023-12-06,SOUTH,PROD-117,5,955.81,CUST-2584
TXN-002847,2023-12-06,SOUTH,PROD-104,3,2577.85,CUST-1899
TXN-002851,2023-12-06,SOUTH,PROD-101,5,16207.57,CUST-2966
TXN-002871,2023-12-06,SOUTH,PROD-110,2,107.48,CUST-2369
TXN-002884,2023-12-06,SOUTH,PROD-118,2,42.22,CUST-1226
TXN-002894,2023-12-06,SOUTH,PROD-110,3,135.7,CUST-2294
TXN-002921,2023-12-06,SOUTH,PROD-107,4,1288.7,CUST-1233
TXN-002952,2023-12-06,SOUTH,PROD-109,2,384.45,CUST-2148
TXN-002964,2023-12-06,SOUTH,PROD-116,5,291.86,CUST-1079
TXN-002974,2023-12-06,SOUTH,PROD-115,1,143.26,CUST-1407
TXN-003000,2023-12-06,SOUTH,PROD-115,5,702.88,CUST-1045
TXN-003031,2023-12-06,SOUTH,PROD-111,2,101.47,CUST-1787
TXN-003054,2023-12-06,SOUTH,PROD-109,1,192.12,CUST-1888
TXN-003059,2023-12-06,SOUTH,PROD-109,5,930.81,CUST-2239
TXN-003098,2023-12-06,SOUTH,PROD-115,5,771.16,CUST-2646
TXN-003117,2023-12-06,SOUTH,PROD-119,3,1044.78,CUST-1901
TXN-003126,2023-12-06,SOUTH,PROD-116,4,198.59,CUST-2940
TXN-003137,2023-12-06,SOUTH,PROD-102,5,571.84,CUST-1569
TXN-003148,2023-12-06,SOUTH,PROD-111,5,249.11,CUST-1582
TXN-003159,2023-12-06,SOUTH,PROD-106,5,412.96,CUST-1667
TXN-003171,2023-12-06,SOUTH,PROD-111,4,217.62,CUST-2215
TXN-003223,2023-12-06,SOUTH,PROD-119,1,323.95,CUST-1319
TXN-003226,2023-12-06,SOUTH,PROD-114,2,28.03,CUST-2063
TXN-003320,2023-12-06,SOUTH,PROD-113,5,155.82,CUST-1407
TXN-003352,2023-12-06,SOUTH,PROD-107,2,657.55,CUST-2585
TXN-004713,2023-12-06,EAST,PROD-108,5,315.38,CUST-1388
TXN-004728,2023-12-06,EAST,PROD-118,2,40.9,CUST-2100
TXN-004750,2023-12-06,EAST,PROD-105,5,2977.71,CUST-2779
TXN-004762,2023-12-06,EAST,PROD-113,2,59.19,CUST-2709
TXN-004817,2023-12-06,EAST,PROD-105,1,625.18,CUST-1655
TXN-004824,2023-12-06,EAST,PROD-101,5,15434.57,CUST-2179
TXN-004836,2023-12-06,EAST,PROD-107,4,1089.22,CUST-1029
TXN-004857,2023-12-06,EAST,PROD-113,1,30.04,CUST-1588
TXN-004869,2023-12-06,EAST,PROD-101,1,3073.64,CUST-2336
TXN-004897,2023-12-06,EAST,PROD-115,4,549.45,CUST-2808
TXN-004918,2023-12-06,EAST,PROD-104,4,3788.37,CUST-1981
TXN-004947,2023-12-06,EAST,PROD-115,3,470.65,CUST-2544
TXN-004957,2023-12-06,EAST,PROD-109,3,508.72,CUST-1161
TXN-004985,2023-12-06,EAST,PROD-120,3,471.14,CUST-2838
TXN-004990,2023-12-06,EAST,PROD-113,3,93.3,CUST-1534
TXN-005019,2023-12-06,EAST,PROD-103,3,1574.72,CUST-2048
TXN-005071,2023-12-06,EAST,PROD-101,2,6241.77,CUST-1772
TXN-006325,2023-12-06,WEST,PROD-112,4,364.88,CUST-2563
TXN-006331,2023-12-06,WEST,PROD-120,5,688.55,CUST-1324
TXN-006346,2023-12-06,WEST,PROD-111,4,208.58,CUST-2387
TXN-006485,2023-12-06,WEST,PROD-105,1,660.32,CUST-2557
TXN-006559,2023-12-06,WEST,PROD-109,3,550.16,CUST-2308
TXN-006560,2023-12-06,WEST,PROD-117,4,809.75,CUST-2821
TXN-006567,2023-12-06,WEST,PROD-108,2,137.41,CUST-1432
TXN-006609,2023-12-06,WEST,PROD-113,3,84.3,CUST-1944
TXN-006654,2023-12-06,WEST,PROD-104,5,4544.9,CUST-1814
TXN-006694,2023-12-06,WEST,PROD-115,4,599.78,CUST-1484
TXN-006717,2023-12-06,WEST,PROD-105,5,2998.8,CUST-2319
TXN-006718,2023-12-06,WEST,PROD-116,1,53.71,CUST-2226
TXN-006741,2023-12-06,WEST,PROD-102,1,126.32,CUST-2317
TXN-008034,2023-12-06,CENTRAL,PROD-114,3,48.65,CUST-2054
TXN-008044,2023-12-06,CENTRAL,PROD-118,4,83.37,CUST-2761
TXN-008057,2023-12-06,CENTRAL,PROD-110,4,188.48,CUST-2499
TXN-008087,2023-12-06,CENTRAL,PROD-113,5,164.7,CUST-1463
TXN-008136,2023-12-06,CENTRAL,PROD-110,2,107.11,CUST-1781
TXN-008137,2023-12-06,CENTRAL,PROD-105,1,627.27,CUST-2160
TXN-008150,2023-12-06,CENTRAL,PROD-106,2,153.1,CUST-2035
TXN-008298,2023-12-06,CENTRAL,PROD-118,1,19.31,CUST-1512
TXN-000998,2023-12-07,NORTH,PROD-107,3,890.76,CUST-2399
TXN-001009,2023-12-07,NORTH,PROD-120,5,746.18,CUST-2150
TXN-001016,2023-12-07,NORTH,PROD-111,5,229.07,CUST-1197
TXN-001018,2023-12-07,NORTH,PROD-107,4,1280.52,CUST-1422
TXN-001043,2023-12-07,NORTH,PROD-111,4,197.99,CUST-2263
TXN-001072,2023-12-07,NORTH,PROD-105,2,1210.89,CUST-2233
TXN-001075,2023-12-07,NORTH,PROD-119,2,720.6,CUST-1842
TXN-001158,2023-12-07,NORTH,PROD-109,4,768.77,CUST-1198
TXN-001198,2023-12-07,NORTH,PROD-111,1,46.51,CUST-2986
TXN-001277,2023-12-07,NORTH,PROD-118,5,109.89,CUST-2074
TXN-001292,2023-12-07,NORTH,PROD-120,3,409.75,CUST-2341
TXN-001349,2023-12-07,NORTH,PROD-119,4,1387.01,CUST-1905
TXN-001373,2023-12-07,NORTH,PROD-101,2,6228.0,CUST-1522
TXN-001392,2023-12-07,NORTH,PROD-111,4,209.26,CUST-2073
TXN-002867,2023-12-07,SOUTH,PROD-101,4,10961.39,CUST-2143
TXN-002889,2023-12-07,SOUTH,PROD-106,5,391.59,CUST-2471
TXN-002936,2023-12-07,SOUTH,PROD-109,3,574.61,CUST-2778
TXN-002939,2023-12-07,SOUTH,PROD-103,5,2326.16,CUST-2497
TXN-002940,2023-12-07,SOUTH,PROD-109,2,342.91,CUST-1210
TXN-002958,2023-12-07,SOUTH,PROD-101,5,14431.12,CUST-1193
TXN-002994,2023-12-07,SOUTH,PROD-115,3,407.8,CUST-1237
TXN-003017,2023-12-07,SOUTH,PROD-116,4,234.54,CUST-2447
TXN-003061,2023-12-07,SOUTH,PROD-101,4,12377.27,CUST-1563
TXN-003081,2023-12-07,SOUTH,PROD-114,5,71.64,CUST-2578
TXN-003088,2023-12-07,SOUTH,PROD-101,5,14172.53,CUST-2249
TXN-003093,2023-12-07,SOUTH,PROD-106,4,311.58,CUST-2792
TXN-003095,2023-12-07,SOUTH,PROD-111,2,95.84,CUST-2832
TXN-003131,2023-12-07,SOUTH,PROD-112,1,97.96,CUST-1203
TXN-003142,2023-12-07,SOUTH,PROD-116,1,54.35,CUST-1975
TXN-003143,2023-12-07,SOUTH,PROD-104,5,4580.39,CUST-2226
TXN-003167,2023-12-07,SOUTH,PROD-107,3,863.03,CUST-1765
TXN-003202,2023-12-07,SOUTH,PROD-119,3,1132.55,CUST-2465
TXN-003204,2023-12-07,SOUTH,PROD-110,2,92.0,CUST-2093
TXN-003207,2023-12-07,SOUTH,PROD-107,3,839.36,CUST-1556
TXN-003214,2023-12-07,SOUTH,PROD-104,4,3773.22,CUST-1734
TXN-003225,2023-12-07,SOUTH,PROD-110,3,153.5,CUST-2687
TXN-003247,2023-12-07,SOUTH,PROD-106,1,74.28,CUST-1070
TXN-003304,2023-12-07,SOUTH,PROD-119,2,633.36,CUST-2938
TXN-004751,2023-12-07,EAST,PROD-104,4,3590.49,CUST-2027
TXN-004764,2023-12-07,EAST,PROD-114,2,32.5,CUST-2514
TXN-004775,2023-12-07,EAST,PROD-102,2,219.7,CUST-2447
TXN-004842,2023-12-07,EAST,PROD-111,4,210.11,CUST-1269
TXN-004866,2023-12-07,EAST,PROD-119,3,1039.65,CUST-2018
TXN-004926,2023-12-07,EAST,PROD-115,3,482.23,CUST-2771
TXN-004930,2023-12-07,EAST,PROD-103,3,1561.71,CUST-2132
TXN-004937,2023-12-07,EAST,PROD-104,1,864.22,CUST-2359
TXN-004951,2023-12-07,EAST,PROD-107,1,283.77,CUST-1450
TXN-004952,2023-12-07,EAST,PROD-109,4,715.42,CUST-1139
TXN-004960,2023-12-07,EAST,PROD-109,2,327.34,CUST-2107
TXN-004976,2023-12-07,EAST,PROD-115,5,790.36,CUST-1157
TXN-005001,2023-12-07,EAST,PROD-106,5,419.23,CUST-1849
TXN-005088,2023-12-07,EAST,PROD-113,5,151.04,CUST-2093
TXN-006326,2023-12-07,WEST,PROD-108,2,143.36,CUST-1693
TXN-006373,2023-12-07,WEST,PROD-105,3,1925.54,CUST-2228
TXN-006427,2023-12-07,WEST,PROD-117,5,1015.36,CUST-2552
TXN-006456,2023-12-07,WEST,PROD-101,2,5407.73,CUST-2616
TXN-006484,2023-12-07,WEST,PROD-115,5,705.0,CUST-2423
TXN-006530,2023-12-07,WEST,PROD-108,1,75.06,CUST-1887
TXN-006538,2023-12-07,WEST,PROD-114,2,29.57,CUST-2078
TXN-006554,2023-12-07,WEST,PROD-119,1,381.73,CUST-1285
TXN-006668,2023-12-07,WEST,PROD-109,4,746.58,CUST-1941
TXN-006700,2023-12-07,WEST,PROD-115,1,140.86,CUST-2733
TXN-006705,2023-12-07,WEST,PROD-107,1,287.8,CUST-2393
TXN-006739,2023-12-07,WEST,PROD-117,5,1029.6,CUST-2817
TXN-007972,2023-12-07,CENTRAL,PROD-101,4,11610.31,CUST-2095
TXN-007980,2023-12-07,CENTRAL,PROD-120,1,161.81,CUST-2956
TXN-008018,2023-12-07,CENTRAL,PROD-114,3,48.17,CUST-2544
TXN-008108,2023-12-07,CENTRAL,PROD-108,2,145.1,CUST-2295
TXN-008122,2023-12-07,CENTRAL,PROD-109,2,361.86,CUST-2139
TXN-008123,2023-12-07,CENTRAL,PROD-119,1,330.46,CUST-1936
TXN-008161,2023-12-07,CENTRAL,PROD-116,1,59.59,CUST-1600
TXN-008192,2023-12-07,CENTRAL,PROD-107,3,833.56,CUST-2114
TXN-008235,2023-12-07,CENTRAL,PROD-114,1,15.05,CUST-1830
TXN-001008,2023-12-08,NORTH,PROD-107,3,869.56,CUST-1602
TXN-001011,2023-12-08,NORTH,PROD-120,5,711.53,CUST-1082
TXN-001042,2023-12-08,NORTH,PROD-104,3,2764.51,CUST-2844
TXN-001046,2023-12-08,NORTH,PROD-108,4,267.46,CUST-1737
TXN-001058,2023-12-08,NORTH,PROD-120,2,315.41,CUST-1288
TXN-001061,2023-12-08,NORTH,PROD-116,2,100.36,CUST-1757
TXN-001062,2023-12-08,NORTH,PROD-102,2,240.84,CUST-2621
TXN-001134,2023-12-08,NORTH,PROD-108,3,197.66,CUST-1416
TXN-001147,2023-12-08,NORTH,PROD-109,4,785.98,CUST-1703
TXN-001152,2023-12-08,NORTH,PROD-118,4,85.66,CUST-1402
TXN-001208,2023-12-08,NORTH,PROD-102,2,238.1,CUST-2579
TXN-001245,2023-12-08,NORTH,PROD-119,2,708.16,CUST-2144
TXN-001272,2023-12-08,NORTH,PROD-114,3,47.55,CUST-1304
TXN-001278,2023-12-08,NORTH,PROD-108,1,66.72,CUST-1881
TXN-002832,2023-12-08,SOUTH,PROD-110,1,48.36,CUST-2690
TXN-002848,2023-12-08,SOUTH,PROD-106,3,261.05,CUST-1532
TXN-002875,2023-12-08,SOUTH,PROD-114,1,14.02,CUST-2959
TXN-002878,2023-12-08,SOUTH,PROD-101,3,8582.23,CUST-1441
TXN-002890,2023-12-08,SOUTH,PROD-110,2,108.19,CUST-1679
TXN-003005,2023-12-08,SOUTH,PROD-117,1,196.83,CUST-2586
TXN-003018,2023-12-08,SOUTH,PROD-104,4,3332.48,CUST-2563
TXN-003094,2023-12-08,SOUTH,PROD-106,4,347.93,CUST-2887
TXN-003135,2023-12-08,SOUTH,PROD-109,2,373.64,CUST-2333
TXN-003208,2023-12-08,SOUTH,PROD-107,3,814.89,CUST-2798
TXN-003242,2023-12-08,SOUTH,PROD-108,3,196.73,CUST-2351
TXN-003262,2023-12-08,SOUTH,PROD-101,2,6280.07,CUST-1725
TXN-003336,2023-12-08,SOUTH,PROD-118,5,92.53,CUST-2879
TXN-004742,2023-12-08,EAST,PROD-115,4,595.11,CUST-1815
TXN-004772,2023-12-08,EAST,PROD-105,3,2124.39,CUST-2995
TXN-004791,2023-12-08,EAST,PROD-101,4,12888.23,CUST-1566
TXN-004872,2023-12-08,EAST,PROD-114,5,73.5,CUST-2090
TXN-004884,2023-12-08,EAST,PROD-104,2,1636.43,CUST-1248
TXN-004906,2023-12-08,EAST,PROD-110,3,157.58,CUST-2792
TXN-004910,2023-12-08,EAST,PROD-109,3,548.43,CUST-1584
TXN-004911,2023-12-08,EAST,PROD-119,3,1129.15,CUST-1541
TXN-004924,2023-12-08,EAST,PROD-119,1,372.6,CUST-1290
TXN-004988,2023-12-08,EAST,PROD-118,4,74.87,CUST-1044
TXN-005002,2023-12-08,EAST,PROD-109,2,356.55,CUST-2020
TXN-005046,2023-12-08,EAST,PROD-117,2,403.97,CUST-1004
TXN-005070,2023-12-08,EAST,PROD-118,3,58.17,CUST-2019
TXN-006318,2023-12-08,WEST,PROD-105,3,1822.87,CUST-1618
TXN-006328,2023-12-08,WEST,PROD-103,3,1541.98,CUST-2888
TXN-006342,2023-12-08,WEST,PROD-108,2,136.44,CUST-1463
TXN-006362,2023-12-08,WEST,PROD-103,1,489.07,CUST-2283
TXN-006384,2023-12-08,WEST,PROD-116,3,170.67,CUST-1644
TXN-006499,2023-12-08,WEST,PROD-117,4,877.55,CUST-1794
TXN-006522,2023-12-08,WEST,PROD-115,4,590.92,CUST-1497
TXN-006534,2023-12-08,WEST,PROD-116,4,230.23,CUST-1730
TXN-006562,2023-12-08,WEST,PROD-101,2,6107.56,CUST-1037
TXN-006629,2023-12-08,WEST,PROD-120,5,725.36,CUST-1152
TXN-006680,2023-12-08,WEST,PROD-118,5,103.48,CUST-2394
TXN-006715,2023-12-08,WEST,PROD-116,5,298.08,CUST-1467
TXN-006719,2023-12-08,WEST,PROD-109,1,163.56,CUST-1542
TXN-008013,2023-12-08,CENTRAL,PROD-118,3,61.87,CUST-2792
TXN-008063,2023-12-08,CENTRAL,PROD-106,3,260.68,CUST-1322
TXN-008134,2023-12-08,CENTRAL,PROD-105,5,3304.27,CUST-2484
TXN-008140,2023-12-08,CENTRAL,PROD-120,5,713.53,CUST-1690
TXN-008148,2023-12-08,CENTRAL,PROD-106,3,251.29,CUST-2346
TXN-008180,2023-12-08,CENTRAL,PROD-117,4,730.12,CUST-2068
TXN-008276,2023-12-08,CENTRAL,PROD-105,2,1358.64,CUST-2457
TXN-000995,2023-12-09,NORTH,PROD-107,5,1610.6,CUST-2763
TXN-001103,2023-12-09,NORTH,PROD-110,5,242.17,CUST-2445
TXN-001124,2023-12-09,NORTH,PROD-118,5,94.96,CUST-1907
TXN-001133,2023-12-09,NORTH,PROD-106,2,159.95,CUST-1409
TXN-001186,2023-12-09,NORTH,PROD-105,3,1759.09,CUST-2072
TXN-001200,2023-12-09,NORTH,PROD-105,4,2718.05,CUST-1477
TXN-001237,2023-12-09,NORTH,PROD-102,3,339.86,CUST-2471
TXN-001302,2023-12-09,NORTH,PROD-102,3,387.23,CUST-2824
TXN-001347,2023-12-09,NORTH,PROD-101,4,11994.27,CUST-2022
TXN-001362,2023-12-09,NORTH,PROD-111,5,245.64,CUST-1430
TXN-001366,2023-12-09,NORTH,PROD-117,5,1098.95,CUST-1725
TXN-001384,2023-12-09,NORTH,PROD-101,3,9870.48,CUST-2284
TXN-001400,2023-12-09,NORTH,PROD-118,3,63.24,CUST-2375
TXN-002857,2023-12-09,SOUTH,PROD-103,2,1098.59,CUST-2499
TXN-002869,2023-12-09,SOUTH,PROD-120,4,615.68,CUST-1481
TXN-002880,2023-12-09,SOUTH,PROD-111,4,195.62,CUST-1906
TXN-002916,2023-12-09,SOUTH,PROD-107,5,1588.36,CUST-2118
TXN-002962,2023-12-09,SOUTH,PROD-109,1,196.95,CUST-2687
TXN-002993,2023-12-09,SOUTH,PROD-103,5,2636.65,CUST-1529
TXN-003006,2023-12-09,SOUTH,PROD-119,4,1426.02,CUST-1336
TXN-003062,2023-12-09,SOUTH,PROD-115,5,793.49,CUST-2301
TXN-003114,2023-12-09,SOUTH,PROD-120,1,157.83,CUST-1304
TXN-003120,2023-12-09,SOUTH,PROD-108,1,74.9,CUST-2195
TXN-003280,2023-12-09,SOUTH,PROD-111,1,51.36,CUST-2067
TXN-003309,2023-12-09,SOUTH,PROD-106,2,161.85,CUST-2769
TXN-004731,2023-12-09,EAST,PROD-107,2,650.92,CUST-2762
TXN-004736,2023-12-09,EAST,PROD-105,2,1391.6,CUST-1268
TXN-004771,2023-12-09,EAST,PROD-108,2,141.65,CUST-2649
TXN-004795,2023-12-09,EAST,PROD-118,5,93.86,CUST-2624
TXN-004841,2023-12-09,EAST,PROD-118,3,63.32,CUST-1980
TXN-004860,2023-12-09,EAST,PROD-116,1,53.47,CUST-1515
TXN-004863,2023-12-09,EAST,PROD-103,1,506.61,CUST-2881
TXN-004894,2023-12-09,EAST,PROD-111,1,45.22,CUST-1501
TXN-004916,2023-12-09,EAST,PROD-104,2,1676.75,CUST-2982
TXN-005083,2023-12-09,EAST,PROD-118,3,62.2,CUST-2743
TXN-005096,2023-12-09,EAST,PROD-118,3,58.27,CUST-1214
TXN-005107,2023-12-09,EAST,PROD-119,2,745.54,CUST-2109
TXN-006330,2023-12-09,WEST,PROD-101,2,6126.1,CUST-1804
TXN-006347,2023-12-09,WEST,PROD-116,1,55.15,CUST-1755
TXN-006386,2023-12-09,WEST,PROD-117,4,801.77,CUST-2206
TXN-006396,2023-12-09,WEST,PROD-105,1,602.02,CUST-1226
TXN-006486,2023-12-09,WEST,PROD-108,5,364.19,CUST-1940
TXN-006571,2023-12-09,WEST,PROD-106,4,329.64,CUST-1868
TXN-006578,2023-12-09,WEST,PROD-112,2,190.16,CUST-2484
TXN-006634,2023-12-09,WEST,PROD-108,5,379.33,CUST-2087
TXN-006667,2023-12-09,WEST,PROD-101,5,15842.56,CUST-2616
TXN-006711,2023-12-09,WEST,PROD-113,3,87.76,CUST-2158
TXN-006722,2023-12-09,WEST,PROD-116,1,55.19,CUST-1042
TXN-007979,2023-12-09,CENTRAL,PROD-112,3,329.9,CUST-1231
TXN-007992,2023-12-09,CENTRAL,PROD-112,5,480.14,CUST-2051
TXN-008001,2023-12-09,CENTRAL,PROD-106,4,320.01,CUST-1506
TXN-008092,2023-12-09,CENTRAL,PROD-102,4,453.76,CUST-1178
TXN-008094,2023-12-09,CENTRAL,PROD-115,4,629.31,CUST-1754
TXN-008171,2023-12-09,CENTRAL,PROD-108,3,203.87,CUST-2242
TXN-008247,2023-12-09,CENTRAL,PROD-105,5,3563.77,CUST-1161
TXN-008261,2023-12-09,CENTRAL,PROD-113,5,152.78,CUST-2293
TXN-008299,2023-12-09,CENTRAL,PROD-111,3,141.88,CUST-2508
TXN-001119,2023-12-10,NORTH,PROD-118,5,96.91,CUST-2973
TXN-001123,2023-12-10,NORTH,PROD-111,1,53.02,CUST-2960
TXN-001178,2023-12-10,NORTH,PROD-115,2,277.86,CUST-2718
TXN-001256,2023-12-10,NORTH,PROD-101,3,9871.88,CUST-1440
TXN-001286,2023-12-10,NORTH,PROD-101,3,9348.8,CUST-1228
TXN-001287,2023-12-10,NORTH,PROD-115,4,542.69,CUST-1429
TXN-001333,2023-12-10,NORTH,PROD-120,1,155.69,CUST-2851
TXN-001361,2023-12-10,NORTH,PROD-116,2,101.67,CUST-2761
TXN-001389,2023-12-10,NORTH,PROD-107,5,1440.65,CUST-1230
TXN-001393,2023-12-10,NORTH,PROD-111,2,105.37,CUST-1202
TXN-001405,2023-12-10,NORTH,PROD-120,3,453.62,CUST-1104
TXN-002824,2023-12-10,SOUTH,PROD-111,3,138.51,CUST-1837
TXN-002883,2023-12-10,SOUTH,PROD-115,4,566.52,CUST-2794
TXN-002901,2023-12-10,SOUTH,PROD-111,4,200.45,CUST-1048
TXN-002902,2023-12-10,SOUTH,PROD-109,4,677.15,CUST-1542
TXN-002905,2023-12-10,SOUTH,PROD-118,5,94.84,CUST-1036
TXN-002925,2023-12-10,SOUTH,PROD-109,5,867.98,CUST-2822
TXN-002932,2023-12-10,SOUTH,PROD-107,2,623.26,CUST-2102
TXN-003013,2023-12-10,SOUTH,PROD-103,2,947.22,CUST-1417
TXN-003020,2023-12-10,SOUTH,PROD-114,5,73.36,CUST-1147
TXN-003044,2023-12-10,SOUTH,PROD-112,4,361.37,CUST-1665
TXN-003045,2023-12-10,SOUTH,PROD-102,5,553.36,CUST-2499
TXN-003084,2023-12-10,SOUTH,PROD-115,2,325.41,CUST-1364
TXN-003121,2023-12-10,SOUTH,PROD-105,5,2932.8,CUST-1746
TXN-003156,2023-12-10,SOUTH,PROD-111,5,248.54,CUST-2403
TXN-003157,2023-12-10,SOUTH,PROD-120,2,304.24,CUST-1317
TXN-003176,2023-12-10,SOUTH,PROD-104,4,3336.65,CUST-2536
TXN-003190,2023-12-10,SOUTH,PROD-119,3,1078.19,CUST-2505
TXN-003219,2023-12-10,SOUTH,PROD-103,4,2178.33,CUST-2336
TXN-003220,2023-12-10,SOUTH,PROD-108,1,72.1,CUST-2660
TXN-003243,2023-12-10,SOUTH,PROD-111,4,206.69,CUST-2065
TXN-003281,2023-12-10,SOUTH,PROD-117,1,210.86,CUST-2226
TXN-003347,2023-12-10,SOUTH,PROD-118,3,57.94,CUST-2168
TXN-003364,2023-12-10,SOUTH,PROD-101,5,15190.04,CUST-2760
TXN-004757,2023-12-10,EAST,PROD-109,3,556.82,CUST-1904
TXN-004759,2023-12-10,EAST,PROD-120,2,313.02,CUST-2163
TXN-004819,2023-12-10,EAST,PROD-108,5,363.41,CUST-1253
TXN-004830,2023-12-10,EAST,PROD-112,4,415.25,CUST-2697
TXN-004923,2023-12-10,EAST,PROD-113,1,27.88,CUST-2252
TXN-004931,2023-12-10,EAST,PROD-107,3,935.21,CUST-1813
TXN-004934,2023-12-10,EAST,PROD-106,2,170.5,CUST-1323
TXN-004936,2023-12-10,EAST,PROD-115,3,421.45,CUST-1833
TXN-004944,2023-12-10,EAST,PROD-107,3,820.49,CUST-1468
TXN-004961,2023-12-10,EAST,PROD-115,1,163.39,CUST-2638
TXN-004993,2023-12-10,EAST,PROD-110,3,148.25,CUST-2854
TXN-005022,2023-12-10,EAST,PROD-101,1,3158.14,CUST-1225
TXN-005080,2023-12-10,EAST,PROD-103,4,2029.6,CUST-1812
TXN-005086,2023-12-10,EAST,PROD-104,4,3572.63,CUST-1592
TXN-006389,2023-12-10,WEST,PROD-114,2,28.87,CUST-2964
TXN-006397,2023-12-10,WEST,PROD-114,3,48.58,CUST-1382
TXN-006425,2023-12-10,WEST,PROD-113,1,29.84,CUST-2612
TXN-006436,2023-12-10,WEST,PROD-115,1,149.6,CUST-2671
TXN-006468,2023-12-10,WEST,PROD-105,3,1805.0,CUST-2501
TXN-006473,2023-12-10,WEST,PROD-116,2,118.52,CUST-2975
TXN-006481,2023-12-10,WEST,PROD-109,1,162.62,CUST-2462
TXN-006483,2023-12-10,WEST,PROD-105,4,2694.68,CUST-1747
TXN-006532,2023-12-10,WEST,PROD-105,1,657.49,CUST-1256
TXN-006550,2023-12-10,WEST,PROD-101,5,16015.76,CUST-2869
TXN-006582,2023-12-10,WEST,PROD-118,2,41.27,CUST-2899
TXN-006638,2023-12-10,WEST,PROD-112,1,107.17,CUST-1297
TXN-006643,2023-12-10,WEST,PROD-109,2,388.44,CUST-2068
TXN-006704,2023-12-10,WEST,PROD-113,4,112.18,CUST-1869
TXN-007995,2023-12-10,CENTRAL,PROD-107,4,1293.95,CUST-1149
TXN-008024,2023-12-10,CENTRAL,PROD-106,5,436.32,CUST-1523
TXN-008025,2023-12-10,CENTRAL,PROD-120,4,591.29,CUST-1675
TXN-008026,2023-12-10,CENTRAL,PROD-105,1,712.52,CUST-2540
TXN-008106,2023-12-10,CENTRAL,PROD-105,2,1235.24,CUST-2836
TXN-008132,2023-12-10,CENTRAL,PROD-116,4,218.69,CUST-2784
TXN-008133,2023-12-10,CENTRAL,PROD-119,5,1812.44,CUST-1878
TXN-008139,2023-12-10,CENTRAL,PROD-107,5,1552.95,CUST-1850
TXN-008191,2023-12-10,CENTRAL,PROD-104,3,2711.38,CUST-1454
TXN-008229,2023-12-10,CENTRAL,PROD-111,5,246.47,CUST-2348
TXN-008248,2023-12-10,CENTRAL,PROD-105,5,3352.6,CUST-1595
TXN-008289,2023-12-10,CENTRAL,PROD-106,4,309.96,CUST-1949
TXN-008292,2023-12-10,CENTRAL,PROD-112,2,196.66,CUST-2572
TXN-001002,2023-12-11,NORTH,PROD-115,2,272.38,CUST-2902
TXN-001003,2023-12-11,NORTH,PROD-120,1,158.2,CUST-2281
TXN-001084,2023-12-11,NORTH,PROD-115,5,763.54,CUST-1471
TXN-001166,2023-12-11,NORTH,PROD-114,5,76.02,CUST-2739
TXN-001168,2023-12-11,NORTH,PROD-111,3,156.28,CUST-2240
TXN-001214,2023-12-11,NORTH,PROD-101,2,6353.25,CUST-2198
TXN-001220,2023-12-11,NORTH,PROD-118,3,63.63,CUST-1899
TXN-001225,2023-12-11,NORTH,PROD-115,3,483.06,CUST-2227
TXN-001230,2023-12-11,NORTH,PROD-103,5,2659.47,CUST-1389
TXN-001232,2023-12-11,NORTH,PROD-114,3,41.47,CUST-2072
TXN-001250,2023-12-11,NORTH,PROD-118,3,64.11,CUST-1845
TXN-001279,2023-12-11,NORTH,PROD-119,1,322.87,CUST-1848
TXN-001314,2023-12-11,NORTH,PROD-114,4,57.6,CUST-2528
TXN-001343,2023-12-11,NORTH,PROD-119,2,652.68,CUST-1297
TXN-001375,2023-12-11,NORTH,PROD-101,1,3111.49,CUST-1700
TXN-002860,2023-12-11,SOUTH,PROD-109,4,738.77,CUST-2051
TXN-002876,2023-12-11,SOUTH,PROD-104,3,2806.33,CUST-2444
TXN-002915,2023-12-11,SOUTH,PROD-119,5,1717.24,CUST-1012
TXN-002942,2023-12-11,SOUTH,PROD-119,5,1786.62,CUST-2980
TXN-002948,2023-12-11,SOUTH,PROD-110,5,262.95,CUST-1494
TXN-002985,2023-12-11,SOUTH,PROD-114,2,31.99,CUST-1559
TXN-002996,2023-12-11,SOUTH,PROD-112,5,487.74,CUST-2206
TXN-002999,2023-12-11,SOUTH,PROD-104,2,1948.71,CUST-1628
TXN-003051,2023-12-11,SOUTH,PROD-112,1,92.93,CUST-2483
TXN-003063,2023-12-11,SOUTH,PROD-104,2,1700.92,CUST-2453
TXN-003064,2023-12-11,SOUTH,PROD-108,1,71.55,CUST-2492
TXN-003111,2023-12-11,SOUTH,PROD-103,4,2159.63,CUST-2007
TXN-003150,2023-12-11,SOUTH,PROD-109,5,900.5,CUST-2282
TXN-003158,2023-12-11,SOUTH,PROD-106,2,168.5,CUST-2610
TXN-003175,2023-12-11,SOUTH,PROD-109,5,876.45,CUST-2892
TXN-003200,2023-12-11,SOUTH,PROD-114,2,28.53,CUST-1457
TXN-003245,2023-12-11,SOUTH,PROD-114,3,46.42,CUST-2187
TXN-003305,2023-12-11,SOUTH,PROD-104,3,2927.13,CUST-2643
TXN-003325,2023-12-11,SOUTH,PROD-108,4,298.22,CUST-1504
TXN-004765,2023-12-11,EAST,PROD-118,3,57.17,CUST-1310
TXN-004779,2023-12-11,EAST,PROD-115,4,610.38,CUST-2833
TXN-004785,2023-12-11,EAST,PROD-110,3,135.64,CUST-2429
TXN-004788,2023-12-11,EAST,PROD-106,4,326.1,CUST-1662
TXN-004919,2023-12-11,EAST,PROD-110,5,242.34,CUST-1588
TXN-004999,2023-12-11,EAST,PROD-107,4,1199.2,CUST-2278
TXN-005045,2023-12-11,EAST,PROD-102,3,382.26,CUST-1554
TXN-005074,2023-12-11,EAST,PROD-115,2,288.46,CUST-2039
TXN-006321,2023-12-11,WEST,PROD-108,4,285.58,CUST-1671
TXN-006383,2023-12-11,WEST,PROD-112,2,218.47,CUST-2863
TXN-006391,2023-12-11,WEST,PROD-113,5,162.81,CUST-2759
TXN-006419,2023-12-11,WEST,PROD-109,5,975.07,CUST-2825
TXN-006449,2023-12-11,WEST,PROD-115,2,302.71,CUST-1506
TXN-006490,2023-12-11,WEST,PROD-102,1,109.04,CUST-1813
TXN-006494,2023-12-11,WEST,PROD-120,4,643.58,CUST-2882
TXN-006504,2023-12-11,WEST,PROD-109,5,972.24,CUST-2476
TXN-006547,2023-12-11,WEST,PROD-119,5,1612.11,CUST-1663
TXN-006548,2023-12-11,WEST,PROD-120,4,597.59,CUST-1312
TXN-006604,2023-12-11,WEST,PROD-108,1,64.94,CUST-1951
TXN-006618,2023-12-11,WEST,PROD-108,4,291.08,CUST-2892
TXN-006648,2023-12-11,WEST,PROD-101,4,11152.95,CUST-2198
TXN-006725,2023-12-11,WEST,PROD-115,5,766.87,CUST-2619
TXN-008059,2023-12-11,CENTRAL,PROD-106,2,159.89,CUST-2478
TXN-008103,2023-12-11,CENTRAL,PROD-119,2,644.26,CUST-1478
TXN-008226,2023-12-11,CENTRAL,PROD-112,5,537.43,CUST-2041
TXN-008241,2023-12-11,CENTRAL,PROD-109,3,547.1,CUST-1722
TXN-008291,2023-12-11,CENTRAL,PROD-112,5,497.3,CUST-2992
TXN-008295,2023-12-11,CENTRAL,PROD-110,3,157.4,CUST-1263
TXN-001005,2023-12-12,NORTH,PROD-103,3,1507.59,CUST-2960
TXN-001045,2023-12-12,NORTH,PROD-111,4,186.71,CUST-1642
TXN-001055,2023-12-12,NORTH,PROD-113,2,64.68,CUST-2208
TXN-001063,2023-12-12,NORTH,PROD-113,4,129.99,CUST-2806
TXN-001146,2023-12-12,NORTH,PROD-120,3,421.82,CUST-1539
TXN-001148,2023-12-12,NORTH,PROD-106,4,315.09,CUST-1859
TXN-001161,2023-12-12,NORTH,PROD-120,2,304.59,CUST-2331
TXN-001163,2023-12-12,NORTH,PROD-111,5,249.32,CUST-2509
TXN-001240,2023-12-12,NORTH,PROD-118,4,85.11,CUST-2627
TXN-001260,2023-12-12,NORTH,PROD-105,2,1238.88,CUST-2822
TXN-001390,2023-12-12,NORTH,PROD-102,2,259.82,CUST-1909
TXN-002926,2023-12-12,SOUTH,PROD-119,2,649.79,CUST-2072
TXN-002955,2023-12-12,SOUTH,PROD-115,3,470.53,CUST-1438
TXN-002965,2023-12-12,SOUTH,PROD-101,5,16182.74,CUST-1314
TXN-002998,2023-12-12,SOUTH,PROD-101,2,5905.67,CUST-1686
TXN-003021,2023-12-12,SOUTH,PROD-116,5,248.93,CUST-2814
TXN-003082,2023-12-12,SOUTH,PROD-104,3,2701.21,CUST-2091
TXN-003238,2023-12-12,SOUTH,PROD-120,1,149.32,CUST-2534
TXN-003256,2023-12-12,SOUTH,PROD-114,1,16.38,CUST-1259
TXN-003277,2023-12-12,SOUTH,PROD-103,2,1092.65,CUST-1566
TXN-003292,2023-12-12,SOUTH,PROD-103,1,460.1,CUST-2651
TXN-003307,2023-12-12,SOUTH,PROD-112,2,191.05,CUST-2606
TXN-003312,2023-12-12,SOUTH,PROD-120,5,785.93,CUST-2713
TXN-003323,2023-12-12,SOUTH,PROD-113,2,65.03,CUST-1213
TXN-004719,2023-12-12,EAST,PROD-111,5,252.48,CUST-2496
TXN-004777,2023-12-12,EAST,PROD-109,3,579.23,CUST-2595
TXN-004802,2023-12-12,EAST,PROD-106,2,173.8,CUST-1163
TXN-004803,2023-12-12,EAST,PROD-118,4,73.44,CUST-2910
TXN-004815,2023-12-12,EAST,PROD-111,5,257.86,CUST-1094
TXN-004823,2023-12-12,EAST,PROD-112,2,200.7,CUST-1801
TXN-004826,2023-12-12,EAST,PROD-120,3,479.42,CUST-2761
TXN-004846,2023-12-12,EAST,PROD-118,5,93.04,CUST-2671
TXN-004867,2023-12-12,EAST,PROD-106,1,79.62,CUST-1002
TXN-004886,2023-12-12,EAST,PROD-116,4,209.94,CUST-1580
TXN-004895,2023-12-12,EAST,PROD-111,2,99.39,CUST-1078
TXN-004900,2023-12-12,EAST,PROD-119,4,1461.28,CUST-1368
TXN-004901,2023-12-12,EAST,PROD-112,1,93.22,CUST-1330
TXN-004927,2023-12-12,EAST,PROD-117,5,978.27,CUST-1678
TXN-004964,2023-12-12,EAST,PROD-102,4,510.13,CUST-2480
TXN-004989,2023-12-12,EAST,PROD-110,2,92.87,CUST-1770
TXN-005072,2023-12-12,EAST,PROD-113,5,146.49,CUST-1350
TXN-005128,2023-12-12,EAST,PROD-107,1,279.96,CUST-2698
TXN-006338,2023-12-12,WEST,PROD-102,2,221.79,CUST-1473
TXN-006348,2023-12-12,WEST,PROD-120,3,405.19,CUST-1921
TXN-006355,2023-12-12,WEST,PROD-107,5,1559.74,CUST-1214
TXN-006380,2023-12-12,WEST,PROD-106,4,313.11,CUST-1377
TXN-006401,2023-12-12,WEST,PROD-104,5,4312.13,CUST-2343
TXN-006423,2023-12-12,WEST,PROD-103,5,2715.21,CUST-1767
TXN-006430,2023-12-12,WEST,PROD-113,4,129.4,CUST-1697
TXN-006450,2023-12-12,WEST,PROD-108,2,142.18,CUST-2216
TXN-006482,2023-12-12,WEST,PROD-105,2,1413.38,CUST-2720
TXN-006528,2023-12-12,WEST,PROD-108,1,76.9,CUST-2768
TXN-006583,2023-12-12,WEST,PROD-118,4,82.04,CUST-2751
TXN-006601,2023-12-12,WEST,PROD-104,3,2450.74,CUST-1272
TXN-006608,2023-12-12,WEST,PROD-119,1,334.22,CUST-2780
TXN-006614,2023-12-12,WEST,PROD-110,3,163.6,CUST-1532
TXN-006657,2023-12-12,WEST,PROD-105,5,3258.95,CUST-1925
TXN-006660,2023-12-12,WEST,PROD-107,1,285.25,CUST-1651
TXN-006693,2023-12-12,WEST,PROD-111,4,212.87,CUST-2229
TXN-006708,2023-12-12,WEST,PROD-106,3,240.52,CUST-1231
TXN-007994,2023-12-12,CENTRAL,PROD-115,2,302.62,CUST-2448
TXN-008085,2023-12-12,CENTRAL,PROD-101,1,2816.29,CUST-1684
TXN-008090,2023-12-12,CENTRAL,PROD-115,2,284.47,CUST-2253
TXN-008110,2023-12-12,CENTRAL,PROD-113,1,27.76,CUST-2323
TXN-008116,2023-12-12,CENTRAL,PROD-110,3,156.81,CUST-2416
TXN-008144,2023-12-12,CENTRAL,PROD-107,1,298.19,CUST-2052
TXN-008163,2023-12-12,CENTRAL,PROD-116,2,114.73,CUST-1858
TXN-008217,2023-12-12,CENTRAL,PROD-113,2,62.58,CUST-1523
TXN-008253,2023-12-12,CENTRAL,PROD-107,1,275.73,CUST-2922
TXN-000992,2023-12-13,NORTH,PROD-108,5,369.85,CUST-2636
TXN-001000,2023-12-13,NORTH,PROD-102,4,458.76,CUST-1542
TXN-001085,2023-12-13,NORTH,PROD-113,2,55.28,CUST-1415
TXN-001101,2023-12-13,NORTH,PROD-107,4,1212.46,CUST-2142
TXN-001104,2023-12-13,NORTH,PROD-105,1,682.21,CUST-1915
TXN-001111,2023-12-13,NORTH,PROD-120,5,717.92,CUST-2974
TXN-001117,2023-12-13,NORTH,PROD-112,4,392.4,CUST-1411
TXN-001128,2023-12-13,NORTH,PROD-108,2,148.38,CUST-1845
TXN-001271,2023-12-13,NORTH,PROD-115,5,761.24,CUST-1185
TXN-001376,2023-12-13,NORTH,PROD-119,5,1910.98,CUST-2705
TXN-002864,2023-12-13,SOUTH,PROD-108,2,133.41,CUST-1311
TXN-002908,2023-12-13,SOUTH,PROD-108,4,272.67,CUST-2154
TXN-002912,2023-12-13,SOUTH,PROD-120,4,602.77,CUST-2720
TXN-002938,2023-12-13,SOUTH,PROD-109,5,907.33,CUST-2351
TXN-002972,2023-12-13,SOUTH,PROD-114,1,13.69,CUST-2690
TXN-002990,2023-12-13,SOUTH,PROD-105,5,3294.61,CUST-2439
TXN-003004,2023-12-13,SOUTH,PROD-110,1,54.7,CUST-2797
TXN-003026,2023-12-13,SOUTH,PROD-106,4,297.61,CUST-1638
TXN-003027,2023-12-13,SOUTH,PROD-116,1,52.36,CUST-2956
TXN-003060,2023-12-13,SOUTH,PROD-106,3,229.06,CUST-1834
TXN-003070,2023-12-13,SOUTH,PROD-109,4,652.61,CUST-2746
TXN-003077,2023-12-13,SOUTH,PROD-118,2,39.01,CUST-2944
TXN-003083,2023-12-13,SOUTH,PROD-108,4,279.67,CUST-1951
TXN-003085,2023-12-13,SOUTH,PROD-110,1,50.32,CUST-1685
TXN-003087,2023-12-13,SOUTH,PROD-119,4,1532.75,CUST-1841
TXN-003102,2023-12-13,SOUTH,PROD-103,4,2182.99,CUST-2810
TXN-003165,2023-12-13,SOUTH,PROD-102,4,465.91,CUST-2650
TXN-003187,2023-12-13,SOUTH,PROD-116,1,58.64,CUST-1124
TXN-003221,2023-12-13,SOUTH,PROD-116,1,59.95,CUST-1563
TXN-003229,2023-12-13,SOUTH,PROD-112,3,307.28,CUST-1059
TXN-003285,2023-12-13,SOUTH,PROD-109,1,184.56,CUST-1873
TXN-003296,2023-12-13,SOUTH,PROD-120,5,805.51,CUST-2368
TXN-003297,2023-12-13,SOUTH,PROD-102,5,552.89,CUST-2717
TXN-003322,2023-12-13,SOUTH,PROD-109,2,375.52,CUST-2092
TXN-003355,2023-12-13,SOUTH,PROD-119,4,1485.33,CUST-1781
TXN-003359,2023-12-13,SOUTH,PROD-107,2,582.12,CUST-2326
TXN-004756,2023-12-13,EAST,PROD-112,3,273.6,CUST-2191
TXN-004761,2023-12-13,EAST,PROD-106,4,300.11,CUST-2734
TXN-004848,2023-12-13,EAST,PROD-102,4,449.53,CUST-2820
TXN-004899,2023-12-13,EAST,PROD-108,3,197.62,CUST-2423
TXN-004905,2023-12-13,EAST,PROD-112,3,294.81,CUST-1891
TXN-004932,2023-12-13,EAST,PROD-108,1,64.01,CUST-2914
TXN-004941,2023-12-13,EAST,PROD-119,1,325.7,CUST-2649
TXN-004969,2023-12-13,EAST,PROD-112,5,472.69,CUST-2787
TXN-005005,2023-12-13,EAST,PROD-112,5,458.33,CUST-2658
TXN-005024,2023-12-13,EAST,PROD-110,3,157.47,CUST-2715
TXN-005029,2023-12-13,EAST,PROD-110,1,50.95,CUST-2484
TXN-005130,2023-12-13,EAST,PROD-105,2,1416.07,CUST-2906
TXN-006336,2023-12-13,WEST,PROD-120,2,298.47,CUST-2709
TXN-006407,2023-12-13,WEST,PROD-116,4,231.66,CUST-1912
TXN-006442,2023-12-13,WEST,PROD-114,5,82.11,CUST-1232
TXN-006444,2023-12-13,WEST,PROD-115,3,457.09,CUST-2460
TXN-006452,2023-12-13,WEST,PROD-105,1,645.85,CUST-2591
TXN-006537,2023-12-13,WEST,PROD-105,5,3277.7,CUST-2963
TXN-006540,2023-12-13,WEST,PROD-106,4,347.11,CUST-1353
TXN-006594,2023-12-13,WEST,PROD-115,2,313.95,CUST-1017
TXN-006641,2023-12-13,WEST,PROD-115,2,306.36,CUST-1131
TXN-006666,2023-12-13,WEST,PROD-102,2,247.11,CUST-1098
TXN-006674,2023-12-13,WEST,PROD-102,1,121.08,CUST-1328
TXN-006712,2023-12-13,WEST,PROD-119,5,1890.78,CUST-2899
TXN-006716,2023-12-13,WEST,PROD-108,1,73.71,CUST-2181
TXN-007984,2023-12-13,CENTRAL,PROD-119,2,650.33,CUST-1493
TXN-007997,2023-12-13,CENTRAL,PROD-101,2,6452.92,CUST-1156
TXN-008002,2023-12-13,CENTRAL,PROD-117,3,650.96,CUST-2932
TXN-008045,2023-12-13,CENTRAL,PROD-116,5,302.09,CUST-1256
TXN-008054,2023-12-13,CENTRAL,PROD-109,3,527.21,CUST-2331
TXN-008070,2023-12-13,CENTRAL,PROD-117,2,437.99,CUST-2574
TXN-008101,2023-12-13,CENTRAL,PROD-106,5,378.42,CUST-1287
TXN-008252,2023-12-13,CENTRAL,PROD-120,1,161.33,CUST-2652
TXN-008255,2023-12-13,CENTRAL,PROD-104,4,3952.2,CUST-2377
TXN-008259,2023-12-13,CENTRAL,PROD-105,5,3184.31,CUST-1017
TXN-008263,2023-12-13,CENTRAL,PROD-112,4,372.55,CUST-2020
TXN-000994,2023-12-14,NORTH,PROD-111,5,227.64,CUST-2524
TXN-001007,2023-12-14,NORTH,PROD-118,5,98.02,CUST-1716
TXN-001098,2023-12-14,NORTH,PROD-112,1,93.09,CUST-2335
TXN-001109,2023-12-14,NORTH,PROD-103,1,476.3,CUST-1760
TXN-001122,2023-12-14,NORTH,PROD-117,1,202.34,CUST-2031
TXN-001154,2023-12-14,NORTH,PROD-116,2,120.88,CUST-2740
TXN-001171,2023-12-14,NORTH,PROD-106,2,171.31,CUST-1257
TXN-001189,2023-12-14,NORTH,PROD-110,5,236.51,CUST-1015
TXN-001191,2023-12-14,NORTH,PROD-113,2,55.94,CUST-2510
TXN-001193,2023-12-14,NORTH,PROD-108,5,368.47,CUST-2864
TXN-001202,2023-12-14,NORTH,PROD-110,4,219.87,CUST-1950
TXN-001246,2023-12-14,NORTH,PROD-104,5,4372.12,CUST-1940
TXN-001267,2023-12-14,NORTH,PROD-104,2,1889.14,CUST-2740
TXN-001280,2023-12-14,NORTH,PROD-112,3,281.4,CUST-1706
TXN-001307,2023-12-14,NORTH,PROD-110,5,241.42,CUST-2111
TXN-001322,2023-12-14,NORTH,PROD-101,3,9810.32,CUST-1456
TXN-001381,2023-12-14,NORTH,PROD-102,5,575.87,CUST-2485
TXN-002825,2023-12-14,SOUTH,PROD-117,2,406.06,CUST-2296
TXN-002831,2023-12-14,SOUTH,PROD-112,2,196.07,CUST-2141
TXN-002862,2023-12-14,SOUTH,PROD-104,5,4335.73,CUST-2724
TXN-002881,2023-12-14,SOUTH,PROD-113,3,97.39,CUST-1550
TXN-002891,2023-12-14,SOUTH,PROD-107,5,1569.95,CUST-2926
TXN-002914,2023-12-14,SOUTH,PROD-110,3,160.0,CUST-1075
TXN-002924,2023-12-14,SOUTH,PROD-113,1,28.77,CUST-1892
TXN-002937,2023-12-14,SOUTH,PROD-119,3,1022.1,CUST-2571
TXN-002991,2023-12-14,SOUTH,PROD-112,3,282.42,CUST-2433
TXN-003002,2023-12-14,SOUTH,PROD-113,4,127.98,CUST-1518
TXN-003014,2023-12-14,SOUTH,PROD-103,2,930.81,CUST-2138
TXN-003028,2023-12-14,SOUTH,PROD-106,2,156.72,CUST-2060
TXN-003034,2023-12-14,SOUTH,PROD-109,1,183.72,CUST-2644
TXN-003090,2023-12-14,SOUTH,PROD-101,3,9197.63,CUST-1341
TXN-003161,2023-12-14,SOUTH,PROD-109,2,391.14,CUST-1967
TXN-003218,2023-12-14,SOUTH,PROD-113,1,29.12,CUST-2937
TXN-003268,2023-12-14,SOUTH,PROD-107,3,818.78,CUST-2985
TXN-003270,2023-12-14,SOUTH,PROD-116,4,212.13,CUST-2478
TXN-003276,2023-12-14,SOUTH,PROD-113,5,140.75,CUST-2709
TXN-003294,2023-12-14,SOUTH,PROD-109,1,197.89,CUST-2693
TXN-003330,2023-12-14,SOUTH,PROD-118,5,109.91,CUST-1394
TXN-003331,2023-12-14,SOUTH,PROD-106,5,406.42,CUST-2285
TXN-003346,2023-12-14,SOUTH,PROD-105,4,2451.87,CUST-1926
TXN-004714,2023-12-14,EAST,PROD-106,1,82.34,CUST-2246
TXN-004760,2023-12-14,EAST,PROD-112,1,96.04,CUST-2239
TXN-004769,2023-12-14,EAST,PROD-105,2,1358.31,CUST-2859
TXN-004784,2023-12-14,EAST,PROD-107,3,832.74,CUST-1363
TXN-004832,2023-12-14,EAST,PROD-114,1,15.01,CUST-2991
TXN-004965,2023-12-14,EAST,PROD-109,5,893.21,CUST-2590
TXN-004980,2023-12-14,EAST,PROD-120,1,155.08,CUST-2825
TXN-005021,2023-12-14,EAST,PROD-118,4,80.53,CUST-1823
TXN-005041,2023-12-14,EAST,PROD-114,4,54.22,CUST-2410
TXN-005048,2023-12-14,EAST,PROD-120,2,309.58,CUST-2157
TXN-005051,2023-12-14,EAST,PROD-108,2,130.95,CUST-2139
TXN-005112,2023-12-14,EAST,PROD-112,1,90.94,CUST-1556
TXN-006341,2023-12-14,WEST,PROD-104,5,4093.83,CUST-2181
TXN-006357,2023-12-14,WEST,PROD-114,3,41.0,CUST-1363
TXN-006368,2023-12-14,WEST,PROD-108,4,256.66,CUST-1586
TXN-006377,2023-12-14,WEST,PROD-111,5,228.53,CUST-1699
TXN-006381,2023-12-14,WEST,PROD-115,2,322.27,CUST-1756
TXN-006387,2023-12-14,WEST,PROD-106,2,152.9,CUST-2643
TXN-006390,2023-12-14,WEST,PROD-119,2,765.88,CUST-1858
TXN-006415,2023-12-14,WEST,PROD-115,5,732.11,CUST-2940
TXN-006420,2023-12-14,WEST,PROD-120,2,271.42,CUST-1759
TXN-006441,2023-12-14,WEST,PROD-103,1,486.57,CUST-2901
TXN-006455,2023-12-14,WEST,PROD-114,5,74.72,CUST-2780
TXN-006488,2023-12-14,WEST,PROD-102,1,116.02,CUST-2616
TXN-006536,2023-12-14,WEST,PROD-116,1,55.09,CUST-1981
TXN-006549,2023-12-14,WEST,PROD-111,5,266.74,CUST-1779
TXN-006584,2023-12-14,WEST,PROD-116,2,108.53,CUST-1803
TXN-006630,2023-12-14,WEST,PROD-116,1,52.91,CUST-1067
TXN-006692,2023-12-14,WEST,PROD-120,4,556.98,CUST-1810
TXN-006697,2023-12-14,WEST,PROD-108,5,339.76,CUST-1219
TXN-006734,2023-12-14,WEST,PROD-107,1,280.08,CUST-1945
TXN-007971,2023-12-14,CENTRAL,PROD-107,2,561.89,CUST-1611
TXN-007981,2023-12-14,CENTRAL,PROD-101,2,6503.18,CUST-2064
TXN-007986,2023-12-14,CENTRAL,PROD-109,4,700.39,CUST-1638
TXN-007987,2023-12-14,CENTRAL,PROD-114,3,45.13,CUST-2512
TXN-007996,2023-12-14,CENTRAL,PROD-118,4,73.86,CUST-1629
TXN-008007,2023-12-14,CENTRAL,PROD-101,1,2838.51,CUST-1015
TXN-008022,2023-12-14,CENTRAL,PROD-106,4,347.35,CUST-1678
TXN-008067,2023-12-14,CENTRAL,PROD-101,2,6049.35,CUST-1739
TXN-008082,2023-12-14,CENTRAL,PROD-116,4,213.82,CUST-1566
TXN-008093,2023-12-14,CENTRAL,PROD-117,3,557.57,CUST-1305
TXN-008119,2023-12-14,CENTRAL,PROD-110,1,48.22,CUST-2461
TXN-008130,2023-12-14,CENTRAL,PROD-114,5,73.52,CUST-2375
TXN-008143,2023-12-14,CENTRAL,PROD-112,4,422.25,CUST-2338
TXN-008152,2023-12-14,CENTRAL,PROD-113,1,31.77,CUST-2189
TXN-008164,2023-12-14,CENTRAL,PROD-119,3,998.51,CUST-2012
TXN-008182,2023-12-14,CENTRAL,PROD-120,3,439.33,CUST-1002
TXN-008185,2023-12-14,CENTRAL,PROD-119,1,360.98,CUST-2805
TXN-008193,2023-12-14,CENTRAL,PROD-113,1,27.59,CUST-1458
TXN-008205,2023-12-14,CENTRAL,PROD-118,4,73.27,CUST-1887
TXN-008223,2023-12-14,CENTRAL,PROD-102,1,121.0,CUST-2842
TXN-001015,2023-12-15,NORTH,PROD-116,1,52.75,CUST-2335
TXN-001059,2023-12-15,NORTH,PROD-106,2,162.1,CUST-2159
TXN-001121,2023-12-15,NORTH,PROD-113,5,135.09,CUST-1359
TXN-001150,2023-12-15,NORTH,PROD-106,5,370.44,CUST-2180
TXN-001159,2023-12-15,NORTH,PROD-111,3,145.8,CUST-2148
TXN-001164,2023-12-15,NORTH,PROD-103,4,2045.42,CUST-1950
TXN-001227,2023-12-15,NORTH,PROD-110,3,151.22,CUST-1930
TXN-001298,2023-12-15,NORTH,PROD-118,1,18.15,CUST-2889
TXN-001340,2023-12-15,NORTH,PROD-112,1,100.47,CUST-1787
TXN-001395,2023-12-15,NORTH,PROD-113,5,138.43,CUST-1637
TXN-001397,2023-12-15,NORTH,PROD-102,1,120.48,CUST-2350
TXN-002933,2023-12-15,SOUTH,PROD-111,1,45.6,CUST-1960
TXN-002953,2023-12-15,SOUTH,PROD-116,3,171.09,CUST-2143
TXN-002989,2023-12-15,SOUTH,PROD-106,1,87.18,CUST-2199
TXN-003001,2023-12-15,SOUTH,PROD-120,4,611.19,CUST-2423
TXN-003113,2023-12-15,SOUTH,PROD-111,4,207.94,CUST-2164
TXN-003151,2023-12-15,SOUTH,PROD-104,2,1795.51,CUST-1654
TXN-003154,2023-12-15,SOUTH,PROD-111,5,266.07,CUST-1397
TXN-003184,2023-12-15,SOUTH,PROD-112,3,281.91,CUST-2990
TXN-003211,2023-12-15,SOUTH,PROD-113,2,56.45,CUST-1780
TXN-003251,2023-12-15,SOUTH,PROD-120,3,454.1,CUST-1242
TXN-003259,2023-12-15,SOUTH,PROD-114,5,82.21,CUST-1170
TXN-004712,2023-12-15,EAST,PROD-104,1,954.2,CUST-2725
TXN-004810,2023-12-15,EAST,PROD-115,2,304.62,CUST-1820
TXN-004814,2023-12-15,EAST,PROD-118,1,18.09,CUST-2918
TXN-004818,2023-12-15,EAST,PROD-107,1,295.52,CUST-2238
TXN-004889,2023-12-15,EAST,PROD-113,3,86.54,CUST-2363
TXN-004891,2023-12-15,EAST,PROD-119,4,1518.5,CUST-2813
TXN-004902,2023-12-15,EAST,PROD-114,2,29.54,CUST-1481
TXN-004938,2023-12-15,EAST,PROD-119,4,1401.2,CUST-2420
TXN-005037,2023-12-15,EAST,PROD-105,4,2645.79,CUST-2217
TXN-005061,2023-12-15,EAST,PROD-120,1,150.84,CUST-1667
TXN-005103,2023-12-15,EAST,PROD-112,1,90.94,CUST-1436
TXN-006334,2023-12-15,WEST,PROD-118,2,43.22,CUST-1736
TXN-006353,2023-12-15,WEST,PROD-110,2,98.86,CUST-2603
TXN-006395,2023-12-15,WEST,PROD-119,2,666.02,CUST-2797
TXN-006437,2023-12-15,WEST,PROD-118,3,54.41,CUST-2971
TXN-006458,2023-12-15,WEST,PROD-106,4,336.21,CUST-1881
TXN-006467,2023-12-15,WEST,PROD-104,1,968.18,CUST-2027
TXN-006542,2023-12-15,WEST,PROD-117,5,902.19,CUST-2433
TXN-006546,2023-12-15,WEST,PROD-110,5,254.14,CUST-2656
TXN-006597,2023-12-15,WEST,PROD-115,2,324.86,CUST-2004
TXN-006621,2023-12-15,WEST,PROD-109,4,661.71,CUST-2728
TXN-006656,2023-12-15,WEST,PROD-114,4,55.33,CUST-1056
TXN-006689,2023-12-15,WEST,PROD-101,5,14613.89,CUST-2567
TXN-006695,2023-12-15,WEST,PROD-115,1,155.63,CUST-2384
TXN-008015,2023-12-15,CENTRAL,PROD-101,5,14080.99,CUST-1061
TXN-008031,2023-12-15,CENTRAL,PROD-119,3,1091.36,CUST-1654
TXN-008037,2023-12-15,CENTRAL,PROD-118,1,18.49,CUST-2459
TXN-008073,2023-12-15,CENTRAL,PROD-102,2,239.38,CUST-2591
TXN-008079,2023-12-15,CENTRAL,PROD-114,2,30.67,CUST-1712
TXN-008084,2023-12-15,CENTRAL,PROD-119,3,1049.64,CUST-2183
TXN-008112,2023-12-15,CENTRAL,PROD-104,5,4521.34,CUST-2456
TXN-008151,2023-12-15,CENTRAL,PROD-109,5,848.44,CUST-1134
TXN-008157,2023-12-15,CENTRAL,PROD-118,5,102.51,CUST-1405
TXN-008250,2023-12-15,CENTRAL,PROD-114,2,28.88,CUST-1391
TXN-008258,2023-12-15,CENTRAL,PROD-113,1,27.72,CUST-1800
TXN-001041,2023-12-16,NORTH,PROD-111,3,138.82,CUST-2343
TXN-001081,2023-12-16,NORTH,PROD-116,2,103.81,CUST-1842
TXN-001089,2023-12-16,NORTH,PROD-105,5,3275.49,CUST-1003
TXN-001092,2023-12-16,NORTH,PROD-113,3,91.57,CUST-2519
TXN-001094,2023-12-16,NORTH,PROD-108,1,66.96,CUST-2796
TXN-001102,2023-12-16,NORTH,PROD-106,3,242.81,CUST-1991
TXN-001132,2023-12-16,NORTH,PROD-111,3,141.53,CUST-2175
TXN-001137,2023-12-16,NORTH,PROD-120,1,157.92,CUST-2109
TXN-001139,2023-12-16,NORTH,PROD-119,3,1048.04,CUST-2566
TXN-001142,2023-12-16,NORTH,PROD-118,1,20.0,CUST-1807
TXN-001156,2023-12-16,NORTH,PROD-110,3,151.83,CUST-2163
TXN-001224,2023-12-16,NORTH,PROD-107,5,1405.94,CUST-1713
TXN-001264,2023-12-16,NORTH,PROD-119,1,356.66,CUST-1616
TXN-001320,2023-12-16,NORTH,PROD-112,2,214.06,CUST-2007
TXN-001321,2023-12-16,NORTH,PROD-105,2,1220.23,CUST-1067
TXN-002853,2023-12-16,SOUTH,PROD-101,3,8465.63,CUST-2929
TXN-002865,2023-12-16,SOUTH,PROD-106,4,306.05,CUST-1407
TXN-002872,2023-12-16,SOUTH,PROD-116,4,224.26,CUST-2113
TXN-002873,2023-12-16,SOUTH,PROD-110,1,47.18,CUST-2973
TXN-002882,2023-12-16,SOUTH,PROD-108,3,215.69,CUST-1094
TXN-002906,2023-12-16,SOUTH,PROD-113,3,94.7,CUST-2464
TXN-002917,2023-12-16,SOUTH,PROD-111,2,96.42,CUST-2452
TXN-002918,2023-12-16,SOUTH,PROD-117,5,1071.68,CUST-2502
TXN-002950,2023-12-16,SOUTH,PROD-112,3,320.29,CUST-1650
TXN-002961,2023-12-16,SOUTH,PROD-113,1,32.96,CUST-2443
TXN-003048,2023-12-16,SOUTH,PROD-114,3,43.58,CUST-1939
TXN-003069,2023-12-16,SOUTH,PROD-107,5,1559.27,CUST-2379
TXN-003144,2023-12-16,SOUTH,PROD-110,5,225.44,CUST-1881
TXN-003172,2023-12-16,SOUTH,PROD-102,4,497.99,CUST-2862
TXN-003254,2023-12-16,SOUTH,PROD-118,4,82.57,CUST-2369
TXN-003282,2023-12-16,SOUTH,PROD-108,4,268.7,CUST-1256
TXN-003293,2023-12-16,SOUTH,PROD-108,5,349.6,CUST-2211
TXN-003354,2023-12-16,SOUTH,PROD-104,3,2478.09,CUST-2938
TXN-004721,2023-12-16,EAST,PROD-106,1,78.1,CUST-2059
TXN-004837,2023-12-16,EAST,PROD-104,2,1762.69,CUST-1726
TXN-004859,2023-12-16,EAST,PROD-112,4,365.02,CUST-2497
TXN-004870,2023-12-16,EAST,PROD-104,2,1882.41,CUST-1184
TXN-004875,2023-12-16,EAST,PROD-116,2,100.74,CUST-2233
TXN-004967,2023-12-16,EAST,PROD-111,3,147.39,CUST-2275
TXN-004995,2023-12-16,EAST,PROD-117,5,1015.97,CUST-1678
TXN-005003,2023-12-16,EAST,PROD-111,2,93.18,CUST-1735
TXN-005027,2023-12-16,EAST,PROD-108,3,210.84,CUST-2590
TXN-005063,2023-12-16,EAST,PROD-113,1,30.89,CUST-1866
TXN-005079,2023-12-16,EAST,PROD-105,5,3192.75,CUST-2209
TXN-005081,2023-12-16,EAST,PROD-101,5,13511.5,CUST-2602
TXN-005101,2023-12-16,EAST,PROD-109,1,181.91,CUST-1852
TXN-005110,2023-12-16,EAST,PROD-106,4,344.16,CUST-2646
TXN-005115,2023-12-16,EAST,PROD-109,3,589.07,CUST-2145
TXN-005123,2023-12-16,EAST,PROD-110,4,215.99,CUST-1622
TXN-005127,2023-12-16,EAST,PROD-103,2,957.47,CUST-2493
TXN-006324,2023-12-16,WEST,PROD-119,4,1264.15,CUST-1569
TXN-006343,2023-12-16,WEST,PROD-120,4,550.13,CUST-1127
TXN-006364,2023-12-16,WEST,PROD-114,2,28.99,CUST-1278
TXN-006376,2023-12-16,WEST,PROD-118,2,42.39,CUST-2018
TXN-006400,2023-12-16,WEST,PROD-119,4,1500.19,CUST-1281
TXN-006433,2023-12-16,WEST,PROD-110,4,192.75,CUST-2036
TXN-006446,2023-12-16,WEST,PROD-102,3,386.24,CUST-1682
TXN-006469,2023-12-16,WEST,PROD-117,4,751.71,CUST-2598
TXN-006498,2023-12-16,WEST,PROD-119,1,372.26,CUST-1788
TXN-006502,2023-12-16,WEST,PROD-105,4,2560.07,CUST-1300
TXN-006505,2023-12-16,WEST,PROD-105,3,1755.99,CUST-2661
TXN-006510,2023-12-16,WEST,PROD-104,4,3927.09,CUST-1416
TXN-006531,2023-12-16,WEST,PROD-107,5,1484.31,CUST-2032
TXN-006561,2023-12-16,WEST,PROD-112,4,439.35,CUST-2283
TXN-006565,2023-12-16,WEST,PROD-109,2,365.14,CUST-2985
TXN-006573,2023-12-16,WEST,PROD-110,1,51.96,CUST-1669
TXN-006574,2023-12-16,WEST,PROD-103,3,1441.49,CUST-2938
TXN-006606,2023-12-16,WEST,PROD-120,3,421.9,CUST-2634
TXN-006647,2023-12-16,WEST,PROD-116,1,56.95,CUST-1220
TXN-006658,2023-12-16,WEST,PROD-101,4,12344.29,CUST-1710
TXN-007988,2023-12-16,CENTRAL,PROD-109,1,176.13,CUST-2006
TXN-008011,2023-12-16,CENTRAL,PROD-109,2,373.69,CUST-2335
TXN-008028,2023-12-16,CENTRAL,PROD-111,2,99.99,CUST-2981
TXN-008072,2023-12-16,CENTRAL,PROD-101,5,16028.29,CUST-1044
TXN-008076,2023-12-16,CENTRAL,PROD-102,5,655.61,CUST-2823
TXN-008096,2023-12-16,CENTRAL,PROD-119,5,1919.15,CUST-1127
TXN-008111,2023-12-16,CENTRAL,PROD-118,1,19.07,CUST-1449
TXN-008145,2023-12-16,CENTRAL,PROD-107,1,273.21,CUST-2513
TXN-008184,2023-12-16,CENTRAL,PROD-113,3,88.91,CUST-1942
TXN-008286,2023-12-16,CENTRAL,PROD-120,5,804.77,CUST-2846
TXN-001052,2023-12-17,NORTH,PROD-101,5,15236.65,CUST-2576
TXN-001065,2023-12-17,NORTH,PROD-109,3,548.46,CUST-2168
TXN-001079,2023-12-17,NORTH,PROD-113,5,164.02,CUST-2306
TXN-001086,2023-12-17,NORTH,PROD-117,4,852.2,CUST-2241
TXN-001118,2023-12-17,NORTH,PROD-101,1,3251.5,CUST-2126
TXN-001144,2023-12-17,NORTH,PROD-115,3,467.0,CUST-1025
TXN-001231,2023-12-17,NORTH,PROD-116,5,255.93,CUST-1580
TXN-001270,2023-12-17,NORTH,PROD-108,2,127.4,CUST-2499
TXN-001275,2023-12-17,NORTH,PROD-114,2,31.55,CUST-1985
TXN-001291,2023-12-17,NORTH,PROD-102,3,336.23,CUST-1582
TXN-001299,2023-12-17,NORTH,PROD-110,3,149.67,CUST-2525
TXN-001391,2023-12-17,NORTH,PROD-101,4,12971.85,CUST-1316
TXN-002838,2023-12-17,SOUTH,PROD-103,2,1079.1,CUST-2216
TXN-002923,2023-12-17,SOUTH,PROD-116,2,115.46,CUST-2121
TXN-002928,2023-12-17,SOUTH,PROD-120,3,447.46,CUST-1432
TXN-002951,2023-12-17,SOUTH,PROD-103,5,2671.04,CUST-2957
TXN-002995,2023-12-17,SOUTH,PROD-106,4,296.91,CUST-2202
TXN-003007,2023-12-17,SOUTH,PROD-106,3,258.52,CUST-2977
TXN-003023,2023-12-17,SOUTH,PROD-101,5,15297.46,CUST-1816
TXN-003107,2023-12-17,SOUTH,PROD-115,4,634.45,CUST-1213
TXN-003115,2023-12-17,SOUTH,PROD-110,1,47.2,CUST-1760
TXN-003139,2023-12-17,SOUTH,PROD-110,1,47.07,CUST-1500
TXN-003170,2023-12-17,SOUTH,PROD-115,3,414.59,CUST-1498
TXN-003244,2023-12-17,SOUTH,PROD-119,3,1104.55,CUST-1270
TXN-003263,2023-12-17,SOUTH,PROD-120,2,303.75,CUST-2087
TXN-003264,2023-12-17,SOUTH,PROD-102,5,583.47,CUST-1472
TXN-003287,2023-12-17,SOUTH,PROD-104,1,989.56,CUST-2236
TXN-003291,2023-12-17,SOUTH,PROD-111,4,206.64,CUST-1515
TXN-003319,2023-12-17,SOUTH,PROD-118,3,63.05,CUST-2103
TXN-003361,2023-12-17,SOUTH,PROD-109,1,193.64,CUST-1125
TXN-004716,2023-12-17,EAST,PROD-104,5,4565.51,CUST-2002
TXN-004732,2023-12-17,EAST,PROD-104,1,885.85,CUST-2953
TXN-004806,2023-12-17,EAST,PROD-115,3,429.01,CUST-2394
TXN-004874,2023-12-17,EAST,PROD-116,2,100.61,CUST-1874
TXN-004998,2023-12-17,EAST,PROD-112,1,102.23,CUST-2792
TXN-005023,2023-12-17,EAST,PROD-111,3,151.66,CUST-1120
TXN-005085,2023-12-17,EAST,PROD-107,5,1590.54,CUST-2735
TXN-005109,2023-12-17,EAST,PROD-116,1,56.68,CUST-2088
TXN-006319,2023-12-17,WEST,PROD-101,1,2864.33,CUST-1931
TXN-006445,2023-12-17,WEST,PROD-107,2,559.16,CUST-1135
TXN-006457,2023-12-17,WEST,PROD-111,2,93.13,CUST-2692
TXN-006496,2023-12-17,WEST,PROD-107,3,898.53,CUST-1183
TXN-006516,2023-12-17,WEST,PROD-104,1,955.71,CUST-1635
TXN-006581,2023-12-17,WEST,PROD-107,3,901.17,CUST-2611
TXN-006613,2023-12-17,WEST,PROD-107,5,1564.42,CUST-1717
TXN-006625,2023-12-17,WEST,PROD-109,5,831.29,CUST-2999
TXN-006653,2023-12-17,WEST,PROD-116,2,117.02,CUST-1319
TXN-006671,2023-12-17,WEST,PROD-104,1,823.58,CUST-1499
TXN-006696,2023-12-17,WEST,PROD-117,4,839.97,CUST-2734
TXN-006731,2023-12-17,WEST,PROD-104,5,4607.78,CUST-2358
TXN-006738,2023-12-17,WEST,PROD-103,1,507.39,CUST-2827
TXN-007977,2023-12-17,CENTRAL,PROD-111,5,266.87,CUST-1290
TXN-008049,2023-12-17,CENTRAL,PROD-118,2,43.05,CUST-2493
TXN-008077,2023-12-17,CENTRAL,PROD-108,3,210.16,CUST-2217
TXN-008154,2023-12-17,CENTRAL,PROD-114,4,62.6,CUST-2490
TXN-008170,2023-12-17,CENTRAL,PROD-118,5,94.68,CUST-1912
TXN-008173,2023-12-17,CENTRAL,PROD-102,4,447.11,CUST-1663
TXN-008194,2023-12-17,CENTRAL,PROD-111,3,157.44,CUST-2570
TXN-008290,2023-12-17,CENTRAL,PROD-120,4,637.25,CUST-2392
TXN-008300,2023-12-17,CENTRAL,PROD-106,5,436.92,CUST-1326
TXN-001019,2023-12-18,NORTH,PROD-114,1,15.73,CUST-1315
TXN-001032,2023-12-18,NORTH,PROD-118,2,36.97,CUST-1011
TXN-001039,2023-12-18,NORTH,PROD-115,5,685.93,CUST-2376
TXN-001095,2023-12-18,NORTH,PROD-114,3,42.17,CUST-2453
TXN-001160,2023-12-18,NORTH,PROD-109,3,488.12,CUST-1249
TXN-001181,2023-12-18,NORTH,PROD-109,5,890.02,CUST-2986
TXN-001184,2023-12-18,NORTH,PROD-110,3,149.42,CUST-1466
TXN-001190,2023-12-18,NORTH,PROD-112,2,196.45,CUST-2149
TXN-001199,2023-12-18,NORTH,PROD-101,2,6566.78,CUST-1578
TXN-001244,2023-12-18,NORTH,PROD-113,2,56.3,CUST-2346
TXN-001248,2023-12-18,NORTH,PROD-113,5,145.08,CUST-1324
TXN-001249,2023-12-18,NORTH,PROD-120,4,651.98,CUST-2849
TXN-001252,2023-12-18,NORTH,PROD-107,4,1263.73,CUST-2897
TXN-001276,2023-12-18,NORTH,PROD-107,4,1174.84,CUST-2171
TXN-001297,2023-12-18,NORTH,PROD-103,2,939.76,CUST-2980
TXN-001336,2023-12-18,NORTH,PROD-105,4,2555.01,CUST-1924
TXN-001342,2023-12-18,NORTH,PROD-113,1,31.6,CUST-2869
TXN-001348,2023-12-18,NORTH,PROD-101,5,16148.05,CUST-1488
TXN-001351,2023-12-18,NORTH,PROD-109,5,923.1,CUST-2680
TXN-001385,2023-12-18,NORTH,PROD-106,5,408.4,CUST-1384
TXN-001403,2023-12-18,NORTH,PROD-112,5,481.8,CUST-1290
TXN-002863,2023-12-18,SOUTH,PROD-102,1,113.89,CUST-2201
TXN-002886,2023-12-18,SOUTH,PROD-101,1,3181.44,CUST-1185
TXN-002899,2023-12-18,SOUTH,PROD-120,2,275.72,CUST-2205
TXN-002949,2023-12-18,SOUTH,PROD-113,4,126.53,CUST-2447
TXN-003047,2023-12-18,SOUTH,PROD-104,2,1881.62,CUST-2297
TXN-003067,2023-12-18,SOUTH,PROD-101,3,8713.04,CUST-1710
TXN-003169,2023-12-18,SOUTH,PROD-118,2,42.36,CUST-2265
TXN-003258,2023-12-18,SOUTH,PROD-110,2,107.44,CUST-1629
TXN-003272,2023-12-18,SOUTH,PROD-110,2,108.44,CUST-2256
TXN-003283,2023-12-18,SOUTH,PROD-120,4,558.4,CUST-2803
TXN-003310,2023-12-18,SOUTH,PROD-111,4,210.09,CUST-2600
TXN-003326,2023-12-18,SOUTH,PROD-105,3,1765.25,CUST-1460
TXN-003362,2023-12-18,SOUTH,PROD-102,3,330.85,CUST-1004
TXN-004723,2023-12-18,EAST,PROD-120,2,274.01,CUST-1769
TXN-004749,2023-12-18,EAST,PROD-109,1,184.31,CUST-1803
TXN-004774,2023-12-18,EAST,PROD-108,2,132.86,CUST-2945
TXN-004804,2023-12-18,EAST,PROD-109,3,502.87,CUST-1743
TXN-004834,2023-12-18,EAST,PROD-115,1,150.33,CUST-1797
TXN-004879,2023-12-18,EAST,PROD-114,3,42.61,CUST-2306
TXN-004933,2023-12-18,EAST,PROD-118,3,54.55,CUST-1420
TXN-004940,2023-12-18,EAST,PROD-111,2,101.36,CUST-1575
TXN-004945,2023-12-18,EAST,PROD-112,1,93.26,CUST-2670
TXN-004946,2023-12-18,EAST,PROD-120,3,442.96,CUST-1693
TXN-004974,2023-12-18,EAST,PROD-110,3,162.41,CUST-2485
TXN-005034,2023-12-18,EAST,PROD-107,1,286.87,CUST-1995
TXN-005044,2023-12-18,EAST,PROD-113,2,64.45,CUST-1008
TXN-005050,2023-12-18,EAST,PROD-114,2,31.91,CUST-2549
TXN-005100,2023-12-18,EAST,PROD-118,2,40.93,CUST-2510
TXN-005124,2023-12-18,EAST,PROD-110,3,146.14,CUST-1457
TXN-006322,2023-12-18,WEST,PROD-111,3,148.73,CUST-2733
TXN-006352,2023-12-18,WEST,PROD-103,3,1449.42,CUST-1594
TXN-006363,2023-12-18,WEST,PROD-115,1,146.58,CUST-2692
TXN-006399,2023-12-18,WEST,PROD-101,3,9739.24,CUST-2992
TXN-006404,2023-12-18,WEST,PROD-105,2,1220.18,CUST-2322
TXN-006414,2023-12-18,WEST,PROD-107,2,659.12,CUST-1436
TXN-006417,2023-12-18,WEST,PROD-120,4,599.81,CUST-2516
TXN-006447,2023-12-18,WEST,PROD-107,3,844.1,CUST-1731
TXN-006509,2023-12-18,WEST,PROD-111,3,141.23,CUST-1294
TXN-006551,2023-12-18,WEST,PROD-112,5,452.42,CUST-1061
TXN-006556,2023-12-18,WEST,PROD-118,4,73.25,CUST-1234
TXN-006577,2023-12-18,WEST,PROD-116,2,106.94,CUST-1623
TXN-006580,2023-12-18,WEST,PROD-118,4,77.62,CUST-2790
TXN-006591,2023-12-18,WEST,PROD-102,3,325.68,CUST-2483
TXN-006639,2023-12-18,WEST,PROD-106,2,147.41,CUST-1523
TXN-006663,2023-12-18,WEST,PROD-120,1,161.6,CUST-2526
TXN-006676,2023-12-18,WEST,PROD-106,3,254.18,CUST-1356
TXN-006687,2023-12-18,WEST,PROD-112,1,105.88,CUST-2375
TXN-006688,2023-12-18,WEST,PROD-120,3,414.35,CUST-1444
TXN-006699,2023-12-18,WEST,PROD-108,1,68.2,CUST-2013
TXN-006721,2023-12-18,WEST,PROD-115,2,277.68,CUST-1322
TXN-006730,2023-12-18,WEST,PROD-114,3,49.36,CUST-1729
TXN-007974,2023-12-18,CENTRAL,PROD-117,5,938.49,CUST-2793
TXN-007983,2023-12-18,CENTRAL,PROD-107,5,1563.08,CUST-1401
TXN-007985,2023-12-18,CENTRAL,PROD-101,1,2854.85,CUST-1483
TXN-008062,2023-12-18,CENTRAL,PROD-118,1,20.52,CUST-1698
TXN-008118,2023-12-18,CENTRAL,PROD-108,4,286.72,CUST-1323
TXN-008166,2023-12-18,CENTRAL,PROD-102,3,333.39,CUST-2933
TXN-008181,2023-12-18,CENTRAL,PROD-102,2,231.83,CUST-1636
TXN-008189,2023-12-18,CENTRAL,PROD-114,5,78.11,CUST-2438
TXN-008218,2023-12-18,CENTRAL,PROD-101,4,11758.58,CUST-1140
TXN-008237,2023-12-18,CENTRAL,PROD-101,3,8559.17,CUST-2631
TXN-008246,2023-12-18,CENTRAL,PROD-112,5,515.33,CUST-1998
TXN-001033,2023-12-19,NORTH,PROD-120,4,604.42,CUST-2940
TXN-001053,2023-12-19,NORTH,PROD-107,1,303.09,CUST-2114
TXN-001099,2023-12-19,NORTH,PROD-109,3,578.31,CUST-1868
TXN-001100,2023-12-19,NORTH,PROD-112,5,477.51,CUST-2394
TXN-001127,2023-12-19,NORTH,PROD-101,4,11079.01,CUST-1139
TXN-001141,2023-12-19,NORTH,PROD-105,1,653.34,CUST-1867
TXN-001216,2023-12-19,NORTH,PROD-116,5,255.98,CUST-2579
TXN-001261,2023-12-19,NORTH,PROD-108,2,133.16,CUST-1616
TXN-001383,2023-12-19,NORTH,PROD-111,3,136.96,CUST-1306
TXN-002839,2023-12-19,SOUTH,PROD-112,4,390.31,CUST-1899
TXN-002842,2023-12-19,SOUTH,PROD-117,5,1015.91,CUST-2729
TXN-002913,2023-12-19,SOUTH,PROD-108,1,73.73,CUST-1517
TXN-002988,2023-12-19,SOUTH,PROD-112,3,316.31,CUST-2072
TXN-003071,2023-12-19,SOUTH,PROD-103,4,2024.49,CUST-1708
TXN-003075,2023-12-19,SOUTH,PROD-114,4,65.91,CUST-1048
TXN-003091,2023-12-19,SOUTH,PROD-116,1,59.96,CUST-1047
TXN-003116,2023-12-19,SOUTH,PROD-112,3,288.37,CUST-2467
TXN-003140,2023-12-19,SOUTH,PROD-119,4,1389.96,CUST-2100
TXN-003146,2023-12-19,SOUTH,PROD-120,4,659.02,CUST-1516
TXN-003164,2023-12-19,SOUTH,PROD-113,4,108.1,CUST-2926
TXN-003174,2023-12-19,SOUTH,PROD-113,1,27.6,CUST-2310
TXN-003197,2023-12-19,SOUTH,PROD-111,4,201.07,CUST-2419
TXN-003201,2023-12-19,SOUTH,PROD-111,5,247.84,CUST-2363
TXN-003212,2023-12-19,SOUTH,PROD-104,1,984.45,CUST-2038
TXN-003249,2023-12-19,SOUTH,PROD-116,4,235.7,CUST-1385
TXN-003286,2023-12-19,SOUTH,PROD-106,4,336.5,CUST-1461
TXN-003332,2023-12-19,SOUTH,PROD-113,3,93.69,CUST-1746
TXN-003341,2023-12-19,SOUTH,PROD-114,1,16.35,CUST-1351
TXN-003345,2023-12-19,SOUTH,PROD-109,1,187.68,CUST-2006
TXN-004720,2023-12-19,EAST,PROD-111,5,262.43,CUST-2414
TXN-004747,2023-12-19,EAST,PROD-117,2,369.53,CUST-2609
TXN-004861,2023-12-19,EAST,PROD-103,2,1087.33,CUST-2352
TXN-004865,2023-12-19,EAST,PROD-103,5,2610.4,CUST-2214
TXN-004873,2023-12-19,EAST,PROD-115,4,544.32,CUST-2956
TXN-004878,2023-12-19,EAST,PROD-117,5,1024.28,CUST-2329
TXN-004885,2023-12-19,EAST,PROD-103,3,1602.62,CUST-2587
TXN-004887,2023-12-19,EAST,PROD-115,3,448.16,CUST-2457
TXN-004896,2023-12-19,EAST,PROD-113,3,91.14,CUST-2263
TXN-004909,2023-12-19,EAST,PROD-120,5,711.64,CUST-2245
TXN-004921,2023-12-19,EAST,PROD-105,2,1179.68,CUST-1021
TXN-004928,2023-12-19,EAST,PROD-111,4,218.51,CUST-2138
TXN-004962,2023-12-19,EAST,PROD-101,1,2972.52,CUST-1334
TXN-004984,2023-12-19,EAST,PROD-120,5,712.73,CUST-1727
TXN-004991,2023-12-19,EAST,PROD-113,2,64.88,CUST-2516
TXN-005004,2023-12-19,EAST,PROD-105,1,639.38,CUST-2815
TXN-005009,2023-12-19,EAST,PROD-111,3,157.69,CUST-2436
TXN-005010,2023-12-19,EAST,PROD-113,2,59.21,CUST-1949
TXN-005026,2023-12-19,EAST,PROD-117,4,790.72,CUST-2075
TXN-005069,2023-12-19,EAST,PROD-114,5,80.24,CUST-2318
TXN-005075,2023-12-19,EAST,PROD-119,2,678.06,CUST-1458
TXN-005084,2023-12-19,EAST,PROD-110,4,190.99,CUST-2953
TXN-005098,2023-12-19,EAST,PROD-118,2,42.98,CUST-2648
TXN-006339,2023-12-19,WEST,PROD-106,5,363.57,CUST-2089
TXN-006349,2023-12-19,WEST,PROD-120,2,283.6,CUST-1586
TXN-006366,2023-12-19,WEST,PROD-105,1,697.96,CUST-1776
TXN-006388,2023-12-19,WEST,PROD-110,3,159.88,CUST-1045
TXN-006459,2023-12-19,WEST,PROD-118,2,38.02,CUST-1143
TXN-006541,2023-12-19,WEST,PROD-106,2,157.58,CUST-1891
TXN-006555,2023-12-19,WEST,PROD-112,4,388.03,CUST-1191
TXN-006655,2023-12-19,WEST,PROD-103,3,1482.77,CUST-2392
TXN-006740,2023-12-19,WEST,PROD-102,4,482.88,CUST-2942
TXN-007991,2023-12-19,CENTRAL,PROD-115,4,587.92,CUST-1250
TXN-008032,2023-12-19,CENTRAL,PROD-106,2,154.0,CUST-1241
TXN-008066,2023-12-19,CENTRAL,PROD-102,5,589.04,CUST-1832
TXN-008069,2023-12-19,CENTRAL,PROD-112,4,365.02,CUST-1630
TXN-008114,2023-12-19,CENTRAL,PROD-113,5,135.45,CUST-2337
TXN-008142,2023-12-19,CENTRAL,PROD-112,3,317.24,CUST-1586
TXN-008167,2023-12-19,CENTRAL,PROD-101,3,8800.15,CUST-1707
TXN-008175,2023-12-19,CENTRAL,PROD-119,4,1338.48,CUST-2643
TXN-008221,2023-12-19,CENTRAL,PROD-112,1,98.58,CUST-2005
TXN-008283,2023-12-19,CENTRAL,PROD-118,2,41.49,CUST-1623
TXN-001004,2023-12-20,NORTH,PROD-110,4,211.55,CUST-2127
TXN-001025,2023-12-20,NORTH,PROD-103,5,2272.71,CUST-2738
TXN-001037,2023-12-20,NORTH,PROD-109,2,332.23,CUST-2375
TXN-001070,2023-12-20,NORTH,PROD-101,5,16146.05,CUST-1901
TXN-001082,2023-12-20,NORTH,PROD-105,5,3458.24,CUST-1373
TXN-001083,2023-12-20,NORTH,PROD-117,3,560.1,CUST-2405
TXN-001112,2023-12-20,NORTH,PROD-102,2,246.71,CUST-1900
TXN-001115,2023-12-20,NORTH,PROD-106,1,77.75,CUST-2342
TXN-001194,2023-12-20,NORTH,PROD-109,3,556.0,CUST-2090
TXN-001197,2023-12-20,NORTH,PROD-115,3,468.01,CUST-2008
TXN-001218,2023-12-20,NORTH,PROD-111,1,45.59,CUST-2321
TXN-001255,2023-12-20,NORTH,PROD-101,5,13905.21,CUST-2824
TXN-001268,2023-12-20,NORTH,PROD-101,4,10929.87,CUST-2074
TXN-001281,2023-12-20,NORTH,PROD-101,3,8404.63,CUST-1717
TXN-001282,2023-12-20,NORTH,PROD-115,5,696.83,CUST-1092
TXN-001317,2023-12-20,NORTH,PROD-109,5,912.02,CUST-1473
TXN-001318,2023-12-20,NORTH,PROD-108,2,145.23,CUST-1736
TXN-001327,2023-12-20,NORTH,PROD-119,5,1762.61,CUST-2314
TXN-001357,2023-12-20,NORTH,PROD-119,5,1637.05,CUST-1933
TXN-001365,2023-12-20,NORTH,PROD-110,4,204.31,CUST-1649
TXN-001369,2023-12-20,NORTH,PROD-108,3,230.1,CUST-1004
TXN-001386,2023-12-20,NORTH,PROD-104,3,2810.81,CUST-1645
TXN-002849,2023-12-20,SOUTH,PROD-104,2,1859.9,CUST-1289
TXN-002868,2023-12-20,SOUTH,PROD-107,2,544.64,CUST-2409
TXN-002934,2023-12-20,SOUTH,PROD-106,1,77.6,CUST-2146
TXN-002945,2023-12-20,SOUTH,PROD-105,2,1212.83,CUST-2792
TXN-002956,2023-12-20,SOUTH,PROD-118,2,39.04,CUST-1367
TXN-002960,2023-12-20,SOUTH,PROD-109,1,185.29,CUST-2315
TXN-003022,2023-12-20,SOUTH,PROD-106,2,155.79,CUST-1697
TXN-003040,2023-12-20,SOUTH,PROD-115,4,545.79,CUST-1577
TXN-003056,2023-12-20,SOUTH,PROD-117,5,1070.8,CUST-1500
TXN-003066,2023-12-20,SOUTH,PROD-111,5,244.4,CUST-2905
TXN-003089,2023-12-20,SOUTH,PROD-117,1,203.97,CUST-2500
TXN-003099,2023-12-20,SOUTH,PROD-111,2,94.88,CUST-2479
TXN-003205,2023-12-20,SOUTH,PROD-102,2,241.9,CUST-2956
TXN-003273,2023-12-20,SOUTH,PROD-103,1,525.51,CUST-1288
TXN-003350,2023-12-20,SOUTH,PROD-102,3,366.27,CUST-2587
TXN-004724,2023-12-20,EAST,PROD-105,5,3515.55,CUST-1983
TXN-004783,2023-12-20,EAST,PROD-117,4,873.92,CUST-1131
TXN-004835,2023-12-20,EAST,PROD-116,1,57.9,CUST-2653
TXN-004849,2023-12-20,EAST,PROD-111,2,97.41,CUST-1101
TXN-004904,2023-12-20,EAST,PROD-118,5,105.22,CUST-2253
TXN-004914,2023-12-20,EAST,PROD-116,2,120.72,CUST-2371
TXN-005006,2023-12-20,EAST,PROD-105,1,670.03,CUST-2173
TXN-005031,2023-12-20,EAST,PROD-105,4,2760.46,CUST-1367
TXN-005038,2023-12-20,EAST,PROD-109,5,934.27,CUST-1198
TXN-005073,2023-12-20,EAST,PROD-112,5,532.89,CUST-1284
TXN-005076,2023-12-20,EAST,PROD-109,4,738.43,CUST-1019
TXN-005082,2023-12-20,EAST,PROD-115,3,466.71,CUST-2020
TXN-005091,2023-12-20,EAST,PROD-106,5,424.44,CUST-2794
TXN-005125,2023-12-20,EAST,PROD-114,3,42.01,CUST-2737
TXN-006394,2023-12-20,WEST,PROD-108,3,218.46,CUST-2258
TXN-006403,2023-12-20,WEST,PROD-117,2,367.47,CUST-1928
TXN-006470,2023-12-20,WEST,PROD-102,1,118.61,CUST-1170
TXN-006478,2023-12-20,WEST,PROD-114,3,47.42,CUST-1825
TXN-006480,2023-12-20,WEST,PROD-113,5,160.59,CUST-1399
TXN-006497,2023-12-20,WEST,PROD-106,1,76.53,CUST-1826
TXN-006515,2023-12-20,WEST,PROD-119,2,639.22,CUST-1909
TXN-006605,2023-12-20,WEST,PROD-109,2,383.33,CUST-2538
TXN-006627,2023-12-20,WEST,PROD-102,4,486.78,CUST-1172
TXN-006628,2023-12-20,WEST,PROD-114,2,27.1,CUST-2729
TXN-006645,2023-12-20,WEST,PROD-112,2,216.59,CUST-1174
TXN-006665,2023-12-20,WEST,PROD-111,5,244.94,CUST-2560
TXN-006709,2023-12-20,WEST,PROD-113,5,157.06,CUST-1425
TXN-006728,2023-12-20,WEST,PROD-102,3,335.58,CUST-2779
TXN-006737,2023-12-20,WEST,PROD-114,2,29.91,CUST-2149
TXN-008035,2023-12-20,CENTRAL,PROD-116,1,57.04,CUST-2400
TXN-008038,2023-12-20,CENTRAL,PROD-110,3,148.42,CUST-2950
TXN-008121,2023-12-20,CENTRAL,PROD-114,5,75.39,CUST-2264
TXN-008124,2023-12-20,CENTRAL,PROD-120,4,649.6,CUST-2387
TXN-008127,2023-12-20,CENTRAL,PROD-117,3,630.88,CUST-2689
TXN-008135,2023-12-20,CENTRAL,PROD-103,1,473.1,CUST-1686
TXN-008176,2023-12-20,CENTRAL,PROD-106,3,260.62,CUST-1611
TXN-008178,2023-12-20,CENTRAL,PROD-111,2,109.91,CUST-1383
TXN-008245,2023-12-20,CENTRAL,PROD-118,2,41.45,CUST-2306
TXN-008249,2023-12-20,CENTRAL,PROD-112,4,434.35,CUST-2333
TXN-001023,2023-12-21,NORTH,PROD-113,4,115.56,CUST-1798
TXN-001049,2023-12-21,NORTH,PROD-120,1,160.24,CUST-2759
TXN-001155,2023-12-21,NORTH,PROD-117,5,1044.06,CUST-2609
TXN-001162,2023-12-21,NORTH,PROD-118,2,43.81,CUST-1583
TXN-001165,2023-12-21,NORTH,PROD-105,2,1336.53,CUST-2902
TXN-001169,2023-12-21,NORTH,PROD-113,3,96.95,CUST-2600
TXN-001183,2023-12-21,NORTH,PROD-119,4,1406.53,CUST-2310
TXN-001192,2023-12-21,NORTH,PROD-113,4,113.26,CUST-1163
TXN-001212,2023-12-21,NORTH,PROD-110,2,97.19,CUST-1107
TXN-001301,2023-12-21,NORTH,PROD-110,2,109.9,CUST-2027
TXN-001331,2023-12-21,NORTH,PROD-102,2,229.96,CUST-1816
TXN-001353,2023-12-21,NORTH,PROD-112,1,92.9,CUST-1067
TXN-001399,2023-12-21,NORTH,PROD-107,3,846.07,CUST-1587
TXN-002866,2023-12-21,SOUTH,PROD-103,5,2678.52,CUST-2535
TXN-002870,2023-12-21,SOUTH,PROD-112,4,402.4,CUST-2955
TXN-002903,2023-12-21,SOUTH,PROD-119,4,1365.4,CUST-1880
TXN-002980,2023-12-21,SOUTH,PROD-101,2,6346.46,CUST-1446
TXN-002981,2023-12-21,SOUTH,PROD-112,4,366.47,CUST-2484
TXN-003052,2023-12-21,SOUTH,PROD-104,4,3609.06,CUST-2486
TXN-003104,2023-12-21,SOUTH,PROD-118,1,19.74,CUST-2696
TXN-003194,2023-12-21,SOUTH,PROD-107,1,316.02,CUST-1883
TXN-003250,2023-12-21,SOUTH,PROD-119,4,1386.55,CUST-1440
TXN-003315,2023-12-21,SOUTH,PROD-106,4,300.9,CUST-2754
TXN-003328,2023-12-21,SOUTH,PROD-107,2,541.47,CUST-1500
TXN-003360,2023-12-21,SOUTH,PROD-103,3,1485.49,CUST-1193
TXN-004807,2023-12-21,EAST,PROD-116,1,50.73,CUST-1398
TXN-004808,2023-12-21,EAST,PROD-106,1,83.05,CUST-1842
TXN-004828,2023-12-21,EAST,PROD-115,2,311.94,CUST-1390
TXN-004838,2023-12-21,EAST,PROD-118,2,43.12,CUST-2144
TXN-004882,2023-12-21,EAST,PROD-113,3,86.53,CUST-1064
TXN-004898,2023-12-21,EAST,PROD-119,3,973.82,CUST-2426
TXN-004920,2023-12-21,EAST,PROD-114,3,43.5,CUST-2640
TXN-004942,2023-12-21,EAST,PROD-103,4,1975.22,CUST-1586
TXN-004971,2023-12-21,EAST,PROD-105,3,1952.23,CUST-2907
TXN-004983,2023-12-21,EAST,PROD-108,5,325.53,CUST-1213
TXN-005014,2023-12-21,EAST,PROD-118,3,55.14,CUST-1420
TXN-005039,2023-12-21,EAST,PROD-106,5,415.81,CUST-1228
TXN-006345,2023-12-21,WEST,PROD-111,4,183.94,CUST-1300
TXN-006418,2023-12-21,WEST,PROD-103,2,976.22,CUST-2745
TXN-006432,2023-12-21,WEST,PROD-104,3,2708.1,CUST-1445
TXN-006448,2023-12-21,WEST,PROD-118,1,20.34,CUST-1865
TXN-006460,2023-12-21,WEST,PROD-112,1,93.28,CUST-1258
TXN-006477,2023-12-21,WEST,PROD-116,1,53.63,CUST-2454
TXN-006489,2023-12-21,WEST,PROD-119,1,320.77,CUST-2935
TXN-006524,2023-12-21,WEST,PROD-101,5,15866.56,CUST-1169
TXN-006535,2023-12-21,WEST,PROD-101,1,2943.31,CUST-1995
TXN-006570,2023-12-21,WEST,PROD-107,1,326.41,CUST-2664
TXN-006615,2023-12-21,WEST,PROD-114,1,15.88,CUST-2688
TXN-006662,2023-12-21,WEST,PROD-113,5,142.27,CUST-2013
TXN-006679,2023-12-21,WEST,PROD-114,2,29.47,CUST-1019
TXN-006683,2023-12-21,WEST,PROD-116,4,219.17,CUST-1095
TXN-006691,2023-12-21,WEST,PROD-110,3,142.76,CUST-1745
TXN-006733,2023-12-21,WEST,PROD-111,4,214.42,CUST-1194
TXN-007975,2023-12-21,CENTRAL,PROD-106,2,158.96,CUST-2229
TXN-008000,2023-12-21,CENTRAL,PROD-109,4,787.83,CUST-2864
TXN-008009,2023-12-21,CENTRAL,PROD-105,2,1299.08,CUST-1307
TXN-008020,2023-12-21,CENTRAL,PROD-109,5,858.91,CUST-2786
TXN-008042,2023-12-21,CENTRAL,PROD-108,3,218.94,CUST-2585
TXN-008109,2023-12-21,CENTRAL,PROD-118,5,94.16,CUST-1576
TXN-008113,2023-12-21,CENTRAL,PROD-112,1,99.54,CUST-1863
TXN-008115,2023-12-21,CENTRAL,PROD-113,3,87.62,CUST-2446
TXN-008159,2023-12-21,CENTRAL,PROD-109,1,179.43,CUST-1883
TXN-008202,2023-12-21,CENTRAL,PROD-112,1,107.53,CUST-1689
TXN-008272,2023-12-21,CENTRAL,PROD-112,2,193.2,CUST-2572
TXN-008296,2023-12-21,CENTRAL,PROD-111,2,96.52,CUST-1139
TXN-000991,2023-12-22,NORTH,PROD-118,2,41.92,CUST-2150
TXN-001012,2023-12-22,NORTH,PROD-111,4,216.59,CUST-2936
TXN-001024,2023-12-22,NORTH,PROD-104,5,4055.26,CUST-2476
TXN-001027,2023-12-22,NORTH,PROD-110,5,229.28,CUST-2568
TXN-001044,2023-12-22,NORTH,PROD-110,5,232.57,CUST-2161
TXN-001060,2023-12-22,NORTH,PROD-105,4,2828.33,CUST-1083
TXN-001131,2023-12-22,NORTH,PROD-111,1,50.54,CUST-1366
TXN-001145,2023-12-22,NORTH,PROD-107,4,1219.4,CUST-1667
TXN-001151,2023-12-22,NORTH,PROD-108,1,73.08,CUST-2647
TXN-001233,2023-12-22,NORTH,PROD-103,1,533.51,CUST-1266
TXN-001236,2023-12-22,NORTH,PROD-116,5,281.77,CUST-2209
TXN-001294,2023-12-22,NORTH,PROD-112,1,90.37,CUST-2777
TXN-001354,2023-12-22,NORTH,PROD-119,5,1679.41,CUST-2885
TXN-001378,2023-12-22,NORTH,PROD-116,4,233.04,CUST-2323
TXN-001382,2023-12-22,NORTH,PROD-111,5,251.74,CUST-1427
TXN-002823,2023-12-22,SOUTH,PROD-119,2,714.76,CUST-2630
TXN-002858,2023-12-22,SOUTH,PROD-104,3,2863.93,CUST-2525
TXN-002861,2023-12-22,SOUTH,PROD-103,3,1617.65,CUST-1079
TXN-002927,2023-12-22,SOUTH,PROD-107,5,1635.54,CUST-1761
TXN-003030,2023-12-22,SOUTH,PROD-104,4,3818.51,CUST-1026
TXN-003032,2023-12-22,SOUTH,PROD-115,1,149.57,CUST-2966
TXN-003033,2023-12-22,SOUTH,PROD-113,4,126.47,CUST-1621
TXN-003043,2023-12-22,SOUTH,PROD-110,1,50.42,CUST-1367
TXN-003097,2023-12-22,SOUTH,PROD-120,4,658.72,CUST-2632
TXN-003101,2023-12-22,SOUTH,PROD-114,5,82.38,CUST-2766
TXN-003118,2023-12-22,SOUTH,PROD-110,2,104.85,CUST-2424
TXN-003266,2023-12-22,SOUTH,PROD-106,5,378.05,CUST-2906
TXN-003289,2023-12-22,SOUTH,PROD-116,4,216.51,CUST-2307
TXN-003349,2023-12-22,SOUTH,PROD-119,3,1126.14,CUST-2989
TXN-004800,2023-12-22,EAST,PROD-101,1,3020.48,CUST-2406
TXN-004811,2023-12-22,EAST,PROD-111,4,187.49,CUST-1959
TXN-004827,2023-12-22,EAST,PROD-107,2,557.78,CUST-1309
TXN-004839,2023-12-22,EAST,PROD-118,2,41.63,CUST-2974
TXN-004847,2023-12-22,EAST,PROD-106,2,167.48,CUST-1725
TXN-004858,2023-12-22,EAST,PROD-113,2,60.83,CUST-2475
TXN-004864,2023-12-22,EAST,PROD-111,3,147.82,CUST-1035
TXN-004877,2023-12-22,EAST,PROD-101,4,13101.9,CUST-2425
TXN-004939,2023-12-22,EAST,PROD-113,5,159.88,CUST-1067
TXN-005011,2023-12-22,EAST,PROD-105,4,2429.59,CUST-2275
TXN-005020,2023-12-22,EAST,PROD-104,3,2720.67,CUST-2782
TXN-005053,2023-12-22,EAST,PROD-107,2,637.73,CUST-1835
TXN-005108,2023-12-22,EAST,PROD-110,4,197.91,CUST-1107
TXN-006327,2023-12-22,WEST,PROD-120,3,437.27,CUST-2907
TXN-006335,2023-12-22,WEST,PROD-108,5,327.28,CUST-1832
TXN-006358,2023-12-22,WEST,PROD-116,4,200.91,CUST-1055
TXN-006361,2023-12-22,WEST,PROD-103,5,2279.89,CUST-1271
TXN-006374,2023-12-22,WEST,PROD-117,4,780.76,CUST-1428
TXN-006409,2023-12-22,WEST,PROD-105,5,3202.07,CUST-1009
TXN-006412,2023-12-22,WEST,PROD-117,3,600.38,CUST-1550
TXN-006454,2023-12-22,WEST,PROD-111,5,265.67,CUST-2903
TXN-006475,2023-12-22,WEST,PROD-115,4,551.24,CUST-2268
TXN-006575,2023-12-22,WEST,PROD-120,3,486.08,CUST-2390
TXN-006603,2023-12-22,WEST,PROD-106,5,367.49,CUST-1430
TXN-006611,2023-12-22,WEST,PROD-113,2,63.65,CUST-1705
TXN-006669,2023-12-22,WEST,PROD-112,3,307.5,CUST-2099
TXN-006707,2023-12-22,WEST,PROD-110,2,102.5,CUST-1210
TXN-007978,2023-12-22,CENTRAL,PROD-112,5,544.5,CUST-2522
TXN-008005,2023-12-22,CENTRAL,PROD-109,3,516.3,CUST-1693
TXN-008046,2023-12-22,CENTRAL,PROD-107,1,325.09,CUST-1850
TXN-008060,2023-12-22,CENTRAL,PROD-116,3,166.94,CUST-2718
TXN-008089,2023-12-22,CENTRAL,PROD-109,3,504.53,CUST-2898
TXN-008125,2023-12-22,CENTRAL,PROD-117,2,414.2,CUST-1165
TXN-008128,2023-12-22,CENTRAL,PROD-114,3,47.65,CUST-2597
TXN-008158,2023-12-22,CENTRAL,PROD-116,5,267.11,CUST-1744
TXN-008222,2023-12-22,CENTRAL,PROD-103,2,922.02,CUST-2136
TXN-008251,2023-12-22,CENTRAL,PROD-118,3,59.42,CUST-2542
TXN-000993,2023-12-23,NORTH,PROD-110,1,54.25,CUST-1794
TXN-000997,2023-12-23,NORTH,PROD-112,5,504.61,CUST-2236
TXN-001073,2023-12-23,NORTH,PROD-104,2,1769.24,CUST-1677
TXN-001107,2023-12-23,NORTH,PROD-102,2,234.66,CUST-2303
TXN-001149,2023-12-23,NORTH,PROD-112,3,321.23,CUST-1573
TXN-001203,2023-12-23,NORTH,PROD-102,3,329.75,CUST-2538
TXN-001223,2023-12-23,NORTH,PROD-115,5,719.16,CUST-2428
TXN-001241,2023-12-23,NORTH,PROD-102,5,571.85,CUST-1084
TXN-001247,2023-12-23,NORTH,PROD-114,1,13.99,CUST-1370
TXN-001258,2023-12-23,NORTH,PROD-109,5,901.98,CUST-2169
TXN-001296,2023-12-23,NORTH,PROD-104,3,2691.69,CUST-2223
TXN-001339,2023-12-23,NORTH,PROD-106,1,73.45,CUST-2447
TXN-001363,2023-12-23,NORTH,PROD-107,5,1367.41,CUST-2171
TXN-001387,2023-12-23,NORTH,PROD-102,3,353.77,CUST-2018
TXN-002828,2023-12-23,SOUTH,PROD-116,1,50.88,CUST-1070
TXN-002856,2023-12-23,SOUTH,PROD-104,4,3879.95,CUST-2011
TXN-002966,2023-12-23,SOUTH,PROD-106,2,146.63,CUST-2709
TXN-002975,2023-12-23,SOUTH,PROD-117,4,747.64,CUST-2530
TXN-002984,2023-12-23,SOUTH,PROD-110,2,95.56,CUST-2158
TXN-002987,2023-12-23,SOUTH,PROD-115,3,413.29,CUST-1728
TXN-003008,2023-12-23,SOUTH,PROD-117,2,436.1,CUST-2164
TXN-003036,2023-12-23,SOUTH,PROD-111,5,273.53,CUST-1229
TXN-003049,2023-12-23,SOUTH,PROD-120,2,325.1,CUST-2851
TXN-003057,2023-12-23,SOUTH,PROD-102,3,365.25,CUST-1441
TXN-003065,2023-12-23,SOUTH,PROD-120,4,610.51,CUST-2301
TXN-003103,2023-12-23,SOUTH,PROD-118,1,20.85,CUST-2244
TXN-003173,2023-12-23,SOUTH,PROD-116,2,105.14,CUST-2243
TXN-003181,2023-12-23,SOUTH,PROD-101,2,6326.5,CUST-1140
TXN-003185,2023-12-23,SOUTH,PROD-109,3,551.16,CUST-2911
TXN-003265,2023-12-23,SOUTH,PROD-117,2,389.94,CUST-1206
TXN-003295,2023-12-23,SOUTH,PROD-116,5,280.81,CUST-2159
TXN-003316,2023-12-23,SOUTH,PROD-116,3,159.59,CUST-1897
TXN-003339,2023-12-23,SOUTH,PROD-118,2,39.7,CUST-2177
TXN-003356,2023-12-23,SOUTH,PROD-116,2,117.62,CUST-1375
TXN-004734,2023-12-23,EAST,PROD-101,2,6282.84,CUST-2505
TXN-004737,2023-12-23,EAST,PROD-115,4,583.06,CUST-2906
TXN-004821,2023-12-23,EAST,PROD-103,4,2197.34,CUST-2861
TXN-004881,2023-12-23,EAST,PROD-110,2,92.29,CUST-1188
TXN-005000,2023-12-23,EAST,PROD-106,4,315.3,CUST-2348
TXN-005059,2023-12-23,EAST,PROD-120,2,275.93,CUST-2108
TXN-005062,2023-12-23,EAST,PROD-101,4,13086.36,CUST-1988
TXN-006320,2023-12-23,WEST,PROD-105,3,1798.11,CUST-1678
TXN-006360,2023-12-23,WEST,PROD-111,4,201.86,CUST-1834
TXN-006406,2023-12-23,WEST,PROD-109,3,492.89,CUST-2890
TXN-006440,2023-12-23,WEST,PROD-118,2,39.85,CUST-1211
TXN-006453,2023-12-23,WEST,PROD-116,3,166.94,CUST-1137
TXN-006491,2023-12-23,WEST,PROD-105,4,2344.6,CUST-2033
TXN-006493,2023-12-23,WEST,PROD-107,3,962.01,CUST-2864
TXN-006527,2023-12-23,WEST,PROD-109,4,769.9,CUST-2786
TXN-006543,2023-12-23,WEST,PROD-107,4,1234.42,CUST-1176
TXN-006602,2023-12-23,WEST,PROD-101,3,9886.39,CUST-1048
TXN-006631,2023-12-23,WEST,PROD-111,5,266.02,CUST-2106
TXN-006670,2023-12-23,WEST,PROD-105,2,1375.07,CUST-2110
TXN-006685,2023-12-23,WEST,PROD-104,1,983.96,CUST-2871
TXN-008023,2023-12-23,CENTRAL,PROD-119,3,1128.99,CUST-1255
TXN-008027,2023-12-23,CENTRAL,PROD-116,3,176.34,CUST-1268
TXN-008041,2023-12-23,CENTRAL,PROD-110,2,102.49,CUST-2825
TXN-008071,2023-12-23,CENTRAL,PROD-101,1,2813.34,CUST-2526
TXN-008105,2023-12-23,CENTRAL,PROD-102,1,121.03,CUST-2197
TXN-008126,2023-12-23,CENTRAL,PROD-112,1,94.75,CUST-1194
TXN-008219,2023-12-23,CENTRAL,PROD-106,4,338.45,CUST-2517
TXN-008230,2023-12-23,CENTRAL,PROD-117,5,1099.23,CUST-2671
TXN-008256,2023-12-23,CENTRAL,PROD-113,5,144.56,CUST-2857
TXN-008282,2023-12-23,CENTRAL,PROD-107,4,1290.19,CUST-1987
TXN-008293,2023-12-23,CENTRAL,PROD-110,5,251.08,CUST-2092
TXN-001030,2023-12-24,NORTH,PROD-113,5,143.8,CUST-2299
TXN-001035,2023-12-24,NORTH,PROD-112,2,196.49,CUST-2323
TXN-001056,2023-12-24,NORTH,PROD-110,2,99.27,CUST-2046
TXN-001074,2023-12-24,NORTH,PROD-104,4,3726.12,CUST-1982
TXN-001096,2023-12-24,NORTH,PROD-101,5,15067.57,CUST-2065
TXN-001172,2023-12-24,NORTH,PROD-108,3,228.47,CUST-2436
TXN-001173,2023-12-24,NORTH,PROD-103,2,933.36,CUST-1211
TXN-001221,2023-12-24,NORTH,PROD-107,1,311.34,CUST-1734
TXN-001222,2023-12-24,NORTH,PROD-105,3,2105.45,CUST-1994
TXN-001242,2023-12-24,NORTH,PROD-103,3,1373.35,CUST-1443
TXN-001253,2023-12-24,NORTH,PROD-109,3,589.83,CUST-1917
TXN-001263,2023-12-24,NORTH,PROD-103,3,1587.84,CUST-1355
TXN-001288,2023-12-24,NORTH,PROD-118,2,37.61,CUST-2072
TXN-001305,2023-12-24,NORTH,PROD-113,5,163.76,CUST-2255
TXN-001323,2023-12-24,NORTH,PROD-107,2,547.92,CUST-2899
TXN-001330,2023-12-24,NORTH,PROD-102,5,586.44,CUST-2568
TXN-001341,2023-12-24,NORTH,PROD-117,5,1089.9,CUST-1776
TXN-001358,2023-12-24,NORTH,PROD-119,3,1140.58,CUST-1191
TXN-001364,2023-12-24,NORTH,PROD-117,1,199.34,CUST-2411
TXN-001368,2023-12-24,NORTH,PROD-116,4,233.51,CUST-2810
TXN-001371,2023-12-24,NORTH,PROD-107,5,1649.64,CUST-1848
TXN-001398,2023-12-24,NORTH,PROD-110,1,50.77,CUST-1640
TXN-002834,2023-12-24,SOUTH,PROD-102,1,125.72,CUST-1727
TXN-002845,2023-12-24,SOUTH,PROD-107,4,1204.55,CUST-2178
TXN-002898,2023-12-24,SOUTH,PROD-114,1,13.54,CUST-2701
TXN-002971,2023-12-24,SOUTH,PROD-112,5,451.37,CUST-2361
TXN-003003,2023-12-24,SOUTH,PROD-112,5,483.74,CUST-2390
TXN-003092,2023-12-24,SOUTH,PROD-120,4,606.21,CUST-2769
TXN-003105,2023-12-24,SOUTH,PROD-102,3,382.41,CUST-2697
TXN-003109,2023-12-24,SOUTH,PROD-106,3,235.79,CUST-1696
TXN-003122,2023-12-24,SOUTH,PROD-117,5,981.12,CUST-2267
TXN-003163,2023-12-24,SOUTH,PROD-112,3,296.95,CUST-1872
TXN-003183,2023-12-24,SOUTH,PROD-107,2,578.53,CUST-1467
TXN-003196,2023-12-24,SOUTH,PROD-105,3,1783.45,CUST-2327
TXN-003198,2023-12-24,SOUTH,PROD-114,1,14.69,CUST-1602
TXN-003215,2023-12-24,SOUTH,PROD-111,4,187.6,CUST-1186
TXN-003222,2023-12-24,SOUTH,PROD-111,1,46.4,CUST-1510
TXN-003246,2023-12-24,SOUTH,PROD-102,4,492.62,CUST-2627
TXN-003252,2023-12-24,SOUTH,PROD-109,5,976.25,CUST-1691
TXN-003301,2023-12-24,SOUTH,PROD-102,3,370.56,CUST-1902
TXN-004715,2023-12-24,EAST,PROD-106,1,77.63,CUST-2865
TXN-004717,2023-12-24,EAST,PROD-101,3,9117.95,CUST-1889
TXN-004778,2023-12-24,EAST,PROD-113,5,155.2,CUST-2023
TXN-004780,2023-12-24,EAST,PROD-109,3,588.24,CUST-1739
TXN-004801,2023-12-24,EAST,PROD-104,4,3916.86,CUST-2684
TXN-004825,2023-12-24,EAST,PROD-116,2,106.55,CUST-2473
TXN-004953,2023-12-24,EAST,PROD-104,4,3803.94,CUST-1748
TXN-004975,2023-12-24,EAST,PROD-105,2,1296.2,CUST-2285
TXN-004992,2023-12-24,EAST,PROD-101,5,15949.31,CUST-1415
TXN-005007,2023-12-24,EAST,PROD-106,2,162.94,CUST-1240
TXN-005012,2023-12-24,EAST,PROD-110,2,90.84,CUST-1773
TXN-005015,2023-12-24,EAST,PROD-104,2,1855.67,CUST-2558
TXN-005028,2023-12-24,EAST,PROD-113,4,114.72,CUST-2783
TXN-005040,2023-12-24,EAST,PROD-118,1,18.22,CUST-2793
TXN-005042,2023-12-24,EAST,PROD-106,1,72.99,CUST-1713
TXN-006354,2023-12-24,WEST,PROD-104,5,4316.09,CUST-2551
TXN-006405,2023-12-24,WEST,PROD-105,1,705.43,CUST-2431
TXN-006428,2023-12-24,WEST,PROD-102,3,342.35,CUST-1140
TXN-006511,2023-12-24,WEST,PROD-102,2,263.42,CUST-1656
TXN-006521,2023-12-24,WEST,PROD-108,1,75.92,CUST-2447
TXN-006533,2023-12-24,WEST,PROD-110,2,103.32,CUST-2242
TXN-006590,2023-12-24,WEST,PROD-114,5,77.81,CUST-2775
TXN-006593,2023-12-24,WEST,PROD-102,5,560.94,CUST-1552
TXN-006607,2023-12-24,WEST,PROD-104,1,835.59,CUST-2346
TXN-006736,2023-12-24,WEST,PROD-114,1,14.75,CUST-1625
TXN-007976,2023-12-24,CENTRAL,PROD-101,5,14978.61,CUST-1292
TXN-007999,2023-12-24,CENTRAL,PROD-101,3,8715.02,CUST-2453
TXN-008021,2023-12-24,CENTRAL,PROD-116,4,199.46,CUST-2416
TXN-008052,2023-12-24,CENTRAL,PROD-101,4,12546.49,CUST-1248
TXN-008061,2023-12-24,CENTRAL,PROD-116,4,198.17,CUST-1961
TXN-008097,2023-12-24,CENTRAL,PROD-112,2,195.96,CUST-2893
TXN-008188,2023-12-24,CENTRAL,PROD-119,4,1455.61,CUST-1720
TXN-008264,2023-12-24,CENTRAL,PROD-116,3,149.95,CUST-1129
TXN-008268,2023-12-24,CENTRAL,PROD-113,1,27.0,CUST-1658
TXN-008269,2023-12-24,CENTRAL,PROD-117,5,961.73,CUST-1800
TXN-008279,2023-12-24,CENTRAL,PROD-108,1,74.09,CUST-1568
TXN-008287,2023-12-24,CENTRAL,PROD-117,1,200.08,CUST-2338
TXN-001048,2023-12-25,NORTH,PROD-110,4,202.03,CUST-1360
TXN-001126,2023-12-25,NORTH,PROD-111,4,207.22,CUST-2837
TXN-001175,2023-12-25,NORTH,PROD-113,5,157.9,CUST-1171
TXN-001207,2023-12-25,NORTH,PROD-108,4,295.15,CUST-1908
TXN-001251,2023-12-25,NORTH,PROD-114,3,45.95,CUST-2154
TXN-001284,2023-12-25,NORTH,PROD-103,1,523.95,CUST-1498
TXN-001289,2023-12-25,NORTH,PROD-109,5,896.89,CUST-2495
TXN-001311,2023-12-25,NORTH,PROD-105,5,3521.07,CUST-1651
TXN-001345,2023-12-25,NORTH,PROD-115,3,461.35,CUST-1241
TXN-001359,2023-12-25,NORTH,PROD-110,3,146.03,CUST-1777
TXN-002844,2023-12-25,SOUTH,PROD-106,2,145.32,CUST-2936
TXN-002887,2023-12-25,SOUTH,PROD-111,3,157.97,CUST-2133
TXN-002895,2023-12-25,SOUTH,PROD-108,1,66.8,CUST-1254
TXN-002973,2023-12-25,SOUTH,PROD-117,2,418.3,CUST-1172
TXN-003009,2023-12-25,SOUTH,PROD-105,2,1342.47,CUST-2615
TXN-003058,2023-12-25,SOUTH,PROD-114,3,47.19,CUST-2594
TXN-003073,2023-12-25,SOUTH,PROD-111,4,206.94,CUST-1061
TXN-003076,2023-12-25,SOUTH,PROD-110,5,262.15,CUST-1481
TXN-003080,2023-12-25,SOUTH,PROD-113,5,147.21,CUST-2539
TXN-003086,2023-12-25,SOUTH,PROD-115,2,310.98,CUST-1202
TXN-003112,2023-12-25,SOUTH,PROD-108,3,203.35,CUST-2412
TXN-003147,2023-12-25,SOUTH,PROD-114,5,71.51,CUST-2293
TXN-003155,2023-12-25,SOUTH,PROD-104,2,1696.74,CUST-2028
TXN-003180,2023-12-25,SOUTH,PROD-109,5,905.53,CUST-1597
TXN-003232,2023-12-25,SOUTH,PROD-120,5,700.41,CUST-1206
TXN-003267,2023-12-25,SOUTH,PROD-105,5,3537.37,CUST-2249
TXN-003284,2023-12-25,SOUTH,PROD-111,3,163.45,CUST-1084
TXN-003299,2023-12-25,SOUTH,PROD-108,3,213.33,CUST-2453
TXN-003353,2023-12-25,SOUTH,PROD-106,2,144.93,CUST-2903
TXN-004797,2023-12-25,EAST,PROD-111,3,141.38,CUST-2659
TXN-004799,2023-12-25,EAST,PROD-115,2,276.24,CUST-2859
TXN-004820,2023-12-25,EAST,PROD-107,4,1206.94,CUST-2286
TXN-004845,2023-12-25,EAST,PROD-120,3,427.81,CUST-1316
TXN-004876,2023-12-25,EAST,PROD-106,2,157.99,CUST-1798
TXN-004890,2023-12-25,EAST,PROD-114,4,58.77,CUST-2173
TXN-004955,2023-12-25,EAST,PROD-116,5,281.0,CUST-2538
TXN-004959,2023-12-25,EAST,PROD-109,4,672.53,CUST-1060
TXN-004986,2023-12-25,EAST,PROD-104,4,3313.42,CUST-1360
TXN-005049,2023-12-25,EAST,PROD-120,1,136.78,CUST-1816
TXN-005057,2023-12-25,EAST,PROD-104,1,985.16,CUST-1389
TXN-005064,2023-12-25,EAST,PROD-112,5,466.66,CUST-2301
TXN-005077,2023-12-25,EAST,PROD-115,3,484.76,CUST-2187
TXN-005097,2023-12-25,EAST,PROD-108,1,70.78,CUST-2106
TXN-005120,2023-12-25,EAST,PROD-106,2,174.02,CUST-1371
TXN-006340,2023-12-25,WEST,PROD-112,1,93.69,CUST-1093
TXN-006371,2023-12-25,WEST,PROD-108,5,367.61,CUST-2157
TXN-006451,2023-12-25,WEST,PROD-117,2,382.56,CUST-1795
TXN-006479,2023-12-25,WEST,PROD-115,4,575.48,CUST-2244
TXN-006503,2023-12-25,WEST,PROD-117,2,384.81,CUST-2104
TXN-006513,2023-12-25,WEST,PROD-107,1,275.36,CUST-1120
TXN-006520,2023-12-25,WEST,PROD-106,5,414.58,CUST-2274
TXN-006523,2023-12-25,WEST,PROD-114,4,56.01,CUST-2877
TXN-006576,2023-12-25,WEST,PROD-116,3,150.11,CUST-1780
TXN-006588,2023-12-25,WEST,PROD-114,5,75.86,CUST-2346
TXN-006596,2023-12-25,WEST,PROD-120,2,304.01,CUST-2428
TXN-006619,2023-12-25,WEST,PROD-114,2,29.82,CUST-2114
TXN-006724,2023-12-25,WEST,PROD-113,1,32.08,CUST-1984
TXN-007973,2023-12-25,CENTRAL,PROD-116,3,157.89,CUST-2426
TXN-007989,2023-12-25,CENTRAL,PROD-103,2,907.7,CUST-1467
TXN-008003,2023-12-25,CENTRAL,PROD-108,4,277.28,CUST-1547
TXN-008016,2023-12-25,CENTRAL,PROD-120,5,687.71,CUST-2399
TXN-008019,2023-12-25,CENTRAL,PROD-101,2,5730.09,CUST-2081
TXN-008040,2023-12-25,CENTRAL,PROD-119,3,1062.45,CUST-1185
TXN-008065,2023-12-25,CENTRAL,PROD-106,4,318.88,CUST-2990
TXN-008086,2023-12-25,CENTRAL,PROD-105,2,1185.84,CUST-1896
TXN-008098,2023-12-25,CENTRAL,PROD-114,5,81.41,CUST-1398
TXN-008131,2023-12-25,CENTRAL,PROD-102,4,494.0,CUST-1458
TXN-008138,2023-12-25,CENTRAL,PROD-113,2,64.87,CUST-1905
TXN-008177,2023-12-25,CENTRAL,PROD-108,3,199.52,CUST-1831
TXN-008201,2023-12-25,CENTRAL,PROD-119,1,328.27,CUST-1822
TXN-008227,2023-12-25,CENTRAL,PROD-116,5,287.08,CUST-1278
TXN-008260,2023-12-25,CENTRAL,PROD-107,3,917.39,CUST-1262
TXN-000988,2023-12-26,NORTH,PROD-106,3,248.77,CUST-1300
TXN-001038,2023-12-26,NORTH,PROD-119,1,374.59,CUST-2910
TXN-001105,2023-12-26,NORTH,PROD-106,1,75.42,CUST-1821
TXN-001106,2023-12-26,NORTH,PROD-111,5,255.65,CUST-2402
TXN-001114,2023-12-26,NORTH,PROD-120,5,752.32,CUST-1475
TXN-001185,2023-12-26,NORTH,PROD-103,4,1923.11,CUST-1845
TXN-001195,2023-12-26,NORTH,PROD-109,4,675.03,CUST-1141
TXN-001309,2023-12-26,NORTH,PROD-107,2,577.06,CUST-2445
TXN-001374,2023-12-26,NORTH,PROD-103,3,1440.06,CUST-2127
TXN-002821,2023-12-26,SOUTH,PROD-114,2,30.4,CUST-2694
TXN-002859,2023-12-26,SOUTH,PROD-108,1,67.57,CUST-2039
TXN-002900,2023-12-26,SOUTH,PROD-113,2,63.96,CUST-2760
TXN-002943,2023-12-26,SOUTH,PROD-120,4,565.08,CUST-1006
TXN-002944,2023-12-26,SOUTH,PROD-108,2,128.54,CUST-2646
TXN-003037,2023-12-26,SOUTH,PROD-106,4,321.99,CUST-1786
TXN-003134,2023-12-26,SOUTH,PROD-102,4,486.36,CUST-1508
TXN-003216,2023-12-26,SOUTH,PROD-117,3,597.33,CUST-2042
TXN-003230,2023-12-26,SOUTH,PROD-101,3,8151.27,CUST-1964
TXN-003236,2023-12-26,SOUTH,PROD-101,3,8957.21,CUST-2843
TXN-003298,2023-12-26,SOUTH,PROD-104,5,4135.38,CUST-2980
TXN-003333,2023-12-26,SOUTH,PROD-109,4,701.27,CUST-2844
TXN-003337,2023-12-26,SOUTH,PROD-117,4,805.62,CUST-1215
TXN-003338,2023-12-26,SOUTH,PROD-120,2,313.19,CUST-2470
TXN-003348,2023-12-26,SOUTH,PROD-117,4,743.04,CUST-2106
TXN-004789,2023-12-26,EAST,PROD-112,5,488.08,CUST-1619
TXN-004809,2023-12-26,EAST,PROD-111,2,94.43,CUST-1911
TXN-004851,2023-12-26,EAST,PROD-116,2,100.45,CUST-2327
TXN-004853,2023-12-26,EAST,PROD-116,3,151.92,CUST-1484
TXN-004868,2023-12-26,EAST,PROD-105,1,617.96,CUST-1891
TXN-004908,2023-12-26,EAST,PROD-103,3,1533.57,CUST-1811
TXN-004968,2023-12-26,EAST,PROD-120,2,325.52,CUST-1103
TXN-004973,2023-12-26,EAST,PROD-119,3,1025.88,CUST-2553
TXN-004977,2023-12-26,EAST,PROD-106,1,74.07,CUST-1177
TXN-006329,2023-12-26,WEST,PROD-105,5,3176.42,CUST-1095
TXN-006350,2023-12-26,WEST,PROD-112,2,185.45,CUST-1480
TXN-006359,2023-12-26,WEST,PROD-119,2,707.51,CUST-2683
TXN-006416,2023-12-26,WEST,PROD-117,2,435.06,CUST-2416
TXN-006439,2023-12-26,WEST,PROD-104,4,3886.13,CUST-2080
TXN-006508,2023-12-26,WEST,PROD-101,3,8254.8,CUST-1050
TXN-006592,2023-12-26,WEST,PROD-110,3,158.96,CUST-1740
TXN-006599,2023-12-26,WEST,PROD-112,1,94.82,CUST-2896
TXN-006626,2023-12-26,WEST,PROD-115,4,559.14,CUST-2207
TXN-006633,2023-12-26,WEST,PROD-104,2,1962.79,CUST-1441
TXN-006650,2023-12-26,WEST,PROD-111,1,54.09,CUST-1438
TXN-008004,2023-12-26,CENTRAL,PROD-101,2,5748.06,CUST-2637
TXN-008081,2023-12-26,CENTRAL,PROD-111,4,192.63,CUST-1273
TXN-008104,2023-12-26,CENTRAL,PROD-108,4,298.13,CUST-2502
TXN-008147,2023-12-26,CENTRAL,PROD-115,2,292.79,CUST-1771
TXN-008149,2023-12-26,CENTRAL,PROD-115,2,313.17,CUST-2694
TXN-008160,2023-12-26,CENTRAL,PROD-102,5,620.46,CUST-2228
TXN-008165,2023-12-26,CENTRAL,PROD-107,2,604.73,CUST-2574
TXN-008169,2023-12-26,CENTRAL,PROD-110,4,197.66,CUST-2216
TXN-008187,2023-12-26,CENTRAL,PROD-111,1,54.84,CUST-1487
TXN-008198,2023-12-26,CENTRAL,PROD-112,4,367.54,CUST-2110
TXN-008204,2023-12-26,CENTRAL,PROD-119,2,746.64,CUST-2181
TXN-008206,2023-12-26,CENTRAL,PROD-116,1,54.8,CUST-2099
TXN-008236,2023-12-26,CENTRAL,PROD-109,1,195.88,CUST-2823
TXN-008238,2023-12-26,CENTRAL,PROD-114,1,16.12,CUST-2437
TXN-008262,2023-12-26,CENTRAL,PROD-114,4,61.76,CUST-1256
TXN-000989,2023-12-27,NORTH,PROD-102,3,338.66,CUST-2109
TXN-001010,2023-12-27,NORTH,PROD-101,1,3101.35,CUST-1913
TXN-001022,2023-12-27,NORTH,PROD-108,3,206.09,CUST-1924
TXN-001050,2023-12-27,NORTH,PROD-105,5,3052.63,CUST-2503
TXN-001120,2023-12-27,NORTH,PROD-109,2,367.64,CUST-1399
TXN-001130,2023-12-27,NORTH,PROD-109,2,344.67,CUST-1818
TXN-001135,2023-12-27,NORTH,PROD-108,5,339.87,CUST-2596
TXN-001187,2023-12-27,NORTH,PROD-105,3,1866.81,CUST-2096
TXN-001206,2023-12-27,NORTH,PROD-109,4,767.23,CUST-1250
TXN-001303,2023-12-27,NORTH,PROD-101,5,16347.29,CUST-1462
TXN-001329,2023-12-27,NORTH,PROD-102,2,240.88,CUST-1811
TXN-001352,2023-12-27,NORTH,PROD-107,1,281.08,CUST-1113
TXN-001360,2023-12-27,NORTH,PROD-103,4,2137.28,CUST-1133
TXN-001394,2023-12-27,NORTH,PROD-117,2,376.4,CUST-1075
TXN-002829,2023-12-27,SOUTH,PROD-114,1,15.56,CUST-1150
TXN-002836,2023-12-27,SOUTH,PROD-114,3,47.29,CUST-2434
TXN-002896,2023-12-27,SOUTH,PROD-113,4,111.11,CUST-2517
TXN-002930,2023-12-27,SOUTH,PROD-116,1,52.98,CUST-1368
TXN-002970,2023-12-27,SOUTH,PROD-111,2,108.09,CUST-2202
TXN-002976,2023-12-27,SOUTH,PROD-101,3,8592.75,CUST-1719
TXN-003029,2023-12-27,SOUTH,PROD-104,4,3820.44,CUST-1710
TXN-003050,2023-12-27,SOUTH,PROD-117,5,991.63,CUST-1157
TXN-003068,2023-12-27,SOUTH,PROD-115,2,297.7,CUST-2521
TXN-003106,2023-12-27,SOUTH,PROD-102,3,352.73,CUST-2900
TXN-003195,2023-12-27,SOUTH,PROD-109,4,712.95,CUST-2804
TXN-003239,2023-12-27,SOUTH,PROD-119,2,647.6,CUST-2055
TXN-003248,2023-12-27,SOUTH,PROD-108,2,137.09,CUST-1024
TXN-003311,2023-12-27,SOUTH,PROD-106,4,342.78,CUST-1684
TXN-003327,2023-12-27,SOUTH,PROD-108,2,150.48,CUST-1902
TXN-003340,2023-12-27,SOUTH,PROD-102,4,491.36,CUST-2019
TXN-004753,2023-12-27,EAST,PROD-114,4,59.49,CUST-2543
TXN-004770,2023-12-27,EAST,PROD-103,5,2535.4,CUST-1779
TXN-004776,2023-12-27,EAST,PROD-112,5,499.9,CUST-1058
TXN-004794,2023-12-27,EAST,PROD-110,1,54.97,CUST-2954
TXN-004805,2023-12-27,EAST,PROD-109,2,355.15,CUST-2856
TXN-004813,2023-12-27,EAST,PROD-102,3,382.67,CUST-2667
TXN-004915,2023-12-27,EAST,PROD-118,5,101.6,CUST-2913
TXN-004956,2023-12-27,EAST,PROD-111,2,107.95,CUST-1117
TXN-004982,2023-12-27,EAST,PROD-116,3,171.36,CUST-2635
TXN-004994,2023-12-27,EAST,PROD-101,3,9003.94,CUST-2063
TXN-005025,2023-12-27,EAST,PROD-101,1,3176.76,CUST-1364
TXN-005066,2023-12-27,EAST,PROD-109,2,379.44,CUST-2273
TXN-005087,2023-12-27,EAST,PROD-115,5,816.5,CUST-1704
TXN-005126,2023-12-27,EAST,PROD-108,5,330.72,CUST-1013
TXN-006367,2023-12-27,WEST,PROD-117,3,617.62,CUST-1753
TXN-006463,2023-12-27,WEST,PROD-107,1,302.1,CUST-2156
TXN-006476,2023-12-27,WEST,PROD-114,1,15.52,CUST-2194
TXN-006557,2023-12-27,WEST,PROD-110,5,246.38,CUST-1115
TXN-006568,2023-12-27,WEST,PROD-104,5,4064.06,CUST-1345
TXN-006585,2023-12-27,WEST,PROD-110,5,240.61,CUST-1316
TXN-006589,2023-12-27,WEST,PROD-109,3,512.31,CUST-2998
TXN-006610,2023-12-27,WEST,PROD-109,2,363.68,CUST-2722
TXN-006672,2023-12-27,WEST,PROD-118,2,39.55,CUST-1147
TXN-006726,2023-12-27,WEST,PROD-117,3,639.88,CUST-1978
TXN-006742,2023-12-27,WEST,PROD-101,4,10984.43,CUST-2012
TXN-008033,2023-12-27,CENTRAL,PROD-114,2,30.28,CUST-2687
TXN-008058,2023-12-27,CENTRAL,PROD-117,5,1071.54,CUST-2568
TXN-008172,2023-12-27,CENTRAL,PROD-113,5,144.52,CUST-1439
TXN-008179,2023-12-27,CENTRAL,PROD-104,3,2639.96,CUST-2685
TXN-008215,2023-12-27,CENTRAL,PROD-107,4,1289.42,CUST-1150
TXN-008275,2023-12-27,CENTRAL,PROD-120,2,287.27,CUST-1306
TXN-000996,2023-12-28,NORTH,PROD-115,2,324.67,CUST-2444
TXN-001036,2023-12-28,NORTH,PROD-117,2,372.86,CUST-1453
TXN-001069,2023-12-28,NORTH,PROD-112,4,423.37,CUST-2817
TXN-001143,2023-12-28,NORTH,PROD-106,4,350.45,CUST-2431
TXN-001170,2023-12-28,NORTH,PROD-112,5,502.04,CUST-1923
TXN-001213,2023-12-28,NORTH,PROD-107,1,284.15,CUST-1890
TXN-001257,2023-12-28,NORTH,PROD-111,1,52.7,CUST-2932
TXN-001306,2023-12-28,NORTH,PROD-108,4,265.42,CUST-1313
TXN-001325,2023-12-28,NORTH,PROD-115,2,295.63,CUST-2590
TXN-001380,2023-12-28,NORTH,PROD-118,3,59.52,CUST-2668
TXN-002967,2023-12-28,SOUTH,PROD-104,1,889.8,CUST-2456
TXN-002969,2023-12-28,SOUTH,PROD-107,5,1571.18,CUST-1682
TXN-003015,2023-12-28,SOUTH,PROD-112,1,99.54,CUST-1706
TXN-003038,2023-12-28,SOUTH,PROD-103,2,901.37,CUST-2942
TXN-003078,2023-12-28,SOUTH,PROD-104,1,881.23,CUST-1433
TXN-003124,2023-12-28,SOUTH,PROD-117,3,602.77,CUST-1775
TXN-003125,2023-12-28,SOUTH,PROD-116,2,118.14,CUST-1988
TXN-003136,2023-12-28,SOUTH,PROD-108,2,145.29,CUST-1935
TXN-003145,2023-12-28,SOUTH,PROD-104,4,3799.68,CUST-1399
TXN-003182,2023-12-28,SOUTH,PROD-111,3,162.12,CUST-1914
TXN-003193,2023-12-28,SOUTH,PROD-103,5,2711.19,CUST-2250
TXN-003203,2023-12-28,SOUTH,PROD-119,2,656.42,CUST-1304
TXN-003255,2023-12-28,SOUTH,PROD-111,5,238.1,CUST-2602
TXN-003302,2023-12-28,SOUTH,PROD-115,5,804.46,CUST-1077
TXN-003324,2023-12-28,SOUTH,PROD-110,5,253.45,CUST-1169
TXN-004746,2023-12-28,EAST,PROD-120,1,160.81,CUST-1326
TXN-004782,2023-12-28,EAST,PROD-109,4,703.64,CUST-2492
TXN-004790,2023-12-28,EAST,PROD-115,2,276.75,CUST-2890
TXN-004840,2023-12-28,EAST,PROD-116,4,238.57,CUST-2561
TXN-005016,2023-12-28,EAST,PROD-102,1,114.53,CUST-2095
TXN-005017,2023-12-28,EAST,PROD-108,2,127.78,CUST-2316
TXN-005036,2023-12-28,EAST,PROD-104,1,894.78,CUST-2260
TXN-005060,2023-12-28,EAST,PROD-117,2,387.93,CUST-1383
TXN-005078,2023-12-28,EAST,PROD-120,1,148.34,CUST-2285
TXN-005102,2023-12-28,EAST,PROD-108,1,65.08,CUST-2967
TXN-005119,2023-12-28,EAST,PROD-116,2,105.92,CUST-1872
TXN-005129,2023-12-28,EAST,PROD-120,1,135.09,CUST-1511
TXN-006369,2023-12-28,WEST,PROD-105,5,3127.47,CUST-1045
TXN-006461,2023-12-28,WEST,PROD-117,3,653.17,CUST-1874
TXN-006466,2023-12-28,WEST,PROD-106,4,338.73,CUST-1961
TXN-006472,2023-12-28,WEST,PROD-109,2,337.91,CUST-2383
TXN-006495,2023-12-28,WEST,PROD-107,2,578.22,CUST-2040
TXN-006500,2023-12-28,WEST,PROD-110,2,106.23,CUST-1047
TXN-006517,2023-12-28,WEST,PROD-118,1,18.68,CUST-2319
TXN-006526,2023-12-28,WEST,PROD-119,3,1108.73,CUST-2832
TXN-006558,2023-12-28,WEST,PROD-112,1,90.08,CUST-2236
TXN-006620,2023-12-28,WEST,PROD-104,4,3568.01,CUST-1507
TXN-006644,2023-12-28,WEST,PROD-107,3,854.74,CUST-2809
TXN-006651,2023-12-28,WEST,PROD-106,5,368.88,CUST-1876
TXN-006659,2023-12-28,WEST,PROD-120,5,801.02,CUST-1166
TXN-006701,2023-12-28,WEST,PROD-117,4,839.55,CUST-2686
TXN-007982,2023-12-28,CENTRAL,PROD-106,2,157.69,CUST-2112
TXN-008006,2023-12-28,CENTRAL,PROD-119,3,1086.63,CUST-2614
TXN-008008,2023-12-28,CENTRAL,PROD-103,1,510.09,CUST-1848
TXN-008012,2023-12-28,CENTRAL,PROD-115,2,293.42,CUST-2087
TXN-008036,2023-12-28,CENTRAL,PROD-102,1,110.16,CUST-1027
TXN-008146,2023-12-28,CENTRAL,PROD-103,1,516.21,CUST-2508
TXN-008195,2023-12-28,CENTRAL,PROD-101,2,6103.32,CUST-2609
TXN-008196,2023-12-28,CENTRAL,PROD-116,2,116.35,CUST-1024
TXN-008208,2023-12-28,CENTRAL,PROD-107,2,630.12,CUST-2941
TXN-008214,2023-12-28,CENTRAL,PROD-109,1,185.96,CUST-2933
TXN-008225,2023-12-28,CENTRAL,PROD-120,2,281.72,CUST-1373
TXN-008243,2023-12-28,CENTRAL,PROD-111,5,226.69,CUST-2696
TXN-008254,2023-12-28,CENTRAL,PROD-110,4,185.52,CUST-2291
TXN-001051,2023-12-29,NORTH,PROD-103,1,539.2,CUST-2740
TXN-001054,2023-12-29,NORTH,PROD-118,4,82.42,CUST-1305
TXN-001067,2023-12-29,NORTH,PROD-103,5,2375.75,CUST-2993
TXN-001090,2023-12-29,NORTH,PROD-114,5,73.76,CUST-2792
TXN-001239,2023-12-29,NORTH,PROD-103,4,2120.37,CUST-1125
TXN-001295,2023-12-29,NORTH,PROD-113,2,65.74,CUST-2042
TXN-001310,2023-12-29,NORTH,PROD-117,2,394.39,CUST-2862
TXN-001328,2023-12-29,NORTH,PROD-102,5,553.07,CUST-1936
TXN-001332,2023-12-29,NORTH,PROD-110,3,148.81,CUST-1866
TXN-001338,2023-12-29,NORTH,PROD-107,4,1101.61,CUST-1664
TXN-001346,2023-12-29,NORTH,PROD-105,2,1170.9,CUST-2568
TXN-001388,2023-12-29,NORTH,PROD-108,3,207.95,CUST-2948
TXN-002826,2023-12-29,SOUTH,PROD-107,2,645.15,CUST-1032
TXN-002833,2023-12-29,SOUTH,PROD-111,5,255.39,CUST-1221
TXN-002846,2023-12-29,SOUTH,PROD-120,3,413.92,CUST-1584
TXN-002852,2023-12-29,SOUTH,PROD-118,5,105.93,CUST-1014
TXN-002874,2023-12-29,SOUTH,PROD-110,4,218.73,CUST-1667
TXN-002879,2023-12-29,SOUTH,PROD-114,1,15.18,CUST-1662
TXN-002897,2023-12-29,SOUTH,PROD-109,1,164.75,CUST-2034
TXN-002935,2023-12-29,SOUTH,PROD-108,3,215.38,CUST-2901
TXN-002954,2023-12-29,SOUTH,PROD-114,3,42.07,CUST-2774
TXN-002986,2023-12-29,SOUTH,PROD-107,2,657.49,CUST-1532
TXN-002997,2023-12-29,SOUTH,PROD-102,3,374.46,CUST-2290
TXN-003042,2023-12-29,SOUTH,PROD-120,3,427.68,CUST-1692
TXN-003123,2023-12-29,SOUTH,PROD-106,3,246.87,CUST-2203
TXN-003141,2023-12-29,SOUTH,PROD-102,3,380.85,CUST-1150
TXN-003152,2023-12-29,SOUTH,PROD-117,4,799.29,CUST-1367
TXN-003209,2023-12-29,SOUTH,PROD-115,1,160.01,CUST-1769
TXN-003235,2023-12-29,SOUTH,PROD-118,4,74.11,CUST-2236
TXN-003237,2023-12-29,SOUTH,PROD-109,2,347.23,CUST-2106
TXN-003253,2023-12-29,SOUTH,PROD-106,3,232.34,CUST-2786
TXN-003261,2023-12-29,SOUTH,PROD-117,2,371.32,CUST-2394
TXN-003300,2023-12-29,SOUTH,PROD-120,4,637.79,CUST-2472
TXN-003317,2023-12-29,SOUTH,PROD-112,2,218.35,CUST-1662
TXN-003343,2023-12-29,SOUTH,PROD-112,4,429.36,CUST-1303
TXN-003358,2023-12-29,SOUTH,PROD-109,4,661.03,CUST-1534
TXN-004725,2023-12-29,EAST,PROD-106,5,382.04,CUST-2970
TXN-004726,2023-12-29,EAST,PROD-110,1,51.56,CUST-2053
TXN-004740,2023-12-29,EAST,PROD-102,4,456.29,CUST-1404
TXN-004743,2023-12-29,EAST,PROD-119,1,357.77,CUST-1460
TXN-004754,2023-12-29,EAST,PROD-102,4,454.41,CUST-1807
TXN-004796,2023-12-29,EAST,PROD-106,4,340.22,CUST-1617
TXN-004829,2023-12-29,EAST,PROD-117,5,1021.53,CUST-1003
TXN-004831,2023-12-29,EAST,PROD-108,3,198.44,CUST-1465
TXN-004850,2023-12-29,EAST,PROD-113,2,63.98,CUST-2302
TXN-004893,2023-12-29,EAST,PROD-112,4,415.21,CUST-1070
TXN-004907,2023-12-29,EAST,PROD-110,2,96.13,CUST-1528
TXN-004925,2023-12-29,EAST,PROD-112,1,92.72,CUST-1236
TXN-004981,2023-12-29,EAST,PROD-103,4,2141.98,CUST-2768
TXN-005052,2023-12-29,EAST,PROD-107,5,1532.77,CUST-1790
TXN-005054,2023-12-29,EAST,PROD-103,5,2418.06,CUST-1234
TXN-005055,2023-12-29,EAST,PROD-118,4,74.8,CUST-1932
TXN-005065,2023-12-29,EAST,PROD-118,5,91.96,CUST-2340
TXN-005095,2023-12-29,EAST,PROD-102,1,128.15,CUST-1367
TXN-005116,2023-12-29,EAST,PROD-113,3,83.94,CUST-2926
TXN-006378,2023-12-29,WEST,PROD-107,5,1391.79,CUST-1194
TXN-006426,2023-12-29,WEST,PROD-117,1,201.63,CUST-1100
TXN-006501,2023-12-29,WEST,PROD-107,1,326.53,CUST-2946
TXN-006512,2023-12-29,WEST,PROD-114,2,29.27,CUST-2460
TXN-006539,2023-12-29,WEST,PROD-112,1,91.75,CUST-2341
TXN-006569,2023-12-29,WEST,PROD-102,1,126.77,CUST-2021
TXN-006624,2023-12-29,WEST,PROD-104,2,1891.15,CUST-1059
TXN-006646,2023-12-29,WEST,PROD-102,2,247.87,CUST-2199
TXN-006678,2023-12-29,WEST,PROD-113,5,138.6,CUST-2597
TXN-006710,2023-12-29,WEST,PROD-114,3,44.78,CUST-2724
TXN-006727,2023-12-29,WEST,PROD-110,5,255.66,CUST-2279
TXN-008030,2023-12-29,CENTRAL,PROD-103,4,1881.84,CUST-1627
TXN-008047,2023-12-29,CENTRAL,PROD-111,4,190.92,CUST-1935
TXN-008051,2023-12-29,CENTRAL,PROD-117,5,955.47,CUST-2910
TXN-008102,2023-12-29,CENTRAL,PROD-108,4,289.71,CUST-1382
TXN-008183,2023-12-29,CENTRAL,PROD-110,5,265.07,CUST-1435
TXN-008265,2023-12-29,CENTRAL,PROD-112,4,436.1,CUST-1423
TXN-008270,2023-12-29,CENTRAL,PROD-103,4,1871.86,CUST-1742
TXN-008281,2023-12-29,CENTRAL,PROD-118,4,80.15,CUST-1544
TXN-008297,2023-12-29,CENTRAL,PROD-115,5,776.88,CUST-2551
TXN-001028,2023-12-30,NORTH,PROD-115,4,587.37,CUST-2354
TXN-001068,2023-12-30,NORTH,PROD-108,5,343.36,CUST-2674
TXN-001093,2023-12-30,NORTH,PROD-119,1,344.77,CUST-1522
TXN-001140,2023-12-30,NORTH,PROD-117,3,587.72,CUST-2537
TXN-001167,2023-12-30,NORTH,PROD-103,1,466.19,CUST-1468
TXN-001177,2023-12-30,NORTH,PROD-113,3,85.1,CUST-2511
TXN-001180,2023-12-30,NORTH,PROD-111,4,198.65,CUST-2784
TXN-001226,2023-12-30,NORTH,PROD-118,2,36.53,CUST-1318
TXN-001259,2023-12-30,NORTH,PROD-119,2,643.18,CUST-1943
TXN-001266,2023-12-30,NORTH,PROD-111,3,161.36,CUST-1890
TXN-001283,2023-12-30,NORTH,PROD-108,2,145.17,CUST-1320
TXN-001315,2023-12-30,NORTH,PROD-109,2,380.07,CUST-1219
TXN-001367,2023-12-30,NORTH,PROD-105,5,3290.66,CUST-2065
TXN-001396,2023-12-30,NORTH,PROD-102,5,644.57,CUST-1683
TXN-002843,2023-12-30,SOUTH,PROD-114,3,43.38,CUST-1653
TXN-002929,2023-12-30,SOUTH,PROD-111,2,93.27,CUST-2465
TXN-002957,2023-12-30,SOUTH,PROD-101,2,5930.48,CUST-2078
TXN-002959,2023-12-30,SOUTH,PROD-112,3,300.14,CUST-1027
TXN-003019,2023-12-30,SOUTH,PROD-105,4,2742.05,CUST-2840
TXN-003024,2023-12-30,SOUTH,PROD-103,2,927.6,CUST-1385
TXN-003035,2023-12-30,SOUTH,PROD-115,5,730.88,CUST-1970
TXN-003039,2023-12-30,SOUTH,PROD-119,3,986.47,CUST-2665
TXN-003130,2023-12-30,SOUTH,PROD-101,5,16194.35,CUST-2519
TXN-003162,2023-12-30,SOUTH,PROD-110,3,139.32,CUST-1684
TXN-003188,2023-12-30,SOUTH,PROD-117,3,541.92,CUST-1896
TXN-003213,2023-12-30,SOUTH,PROD-119,5,1617.55,CUST-2550
TXN-003314,2023-12-30,SOUTH,PROD-103,4,1925.13,CUST-2019
TXN-003334,2023-12-30,SOUTH,PROD-108,3,211.67,CUST-1158
TXN-004755,2023-12-30,EAST,PROD-105,1,659.13,CUST-2647
TXN-004786,2023-12-30,EAST,PROD-101,5,14496.07,CUST-2718
TXN-004787,2023-12-30,EAST,PROD-120,3,450.69,CUST-2669
TXN-004880,2023-12-30,EAST,PROD-107,5,1619.98,CUST-2431
TXN-004935,2023-12-30,EAST,PROD-105,1,696.53,CUST-1400
TXN-004948,2023-12-30,EAST,PROD-106,2,150.41,CUST-2066
TXN-004954,2023-12-30,EAST,PROD-101,4,12854.12,CUST-1291
TXN-004970,2023-12-30,EAST,PROD-115,2,317.3,CUST-1961
TXN-005043,2023-12-30,EAST,PROD-107,2,604.69,CUST-1397
TXN-005047,2023-12-30,EAST,PROD-112,5,518.86,CUST-2895
TXN-005113,2023-12-30,EAST,PROD-110,3,163.46,CUST-1517
TXN-005122,2023-12-30,EAST,PROD-110,4,211.68,CUST-1530
TXN-006356,2023-12-30,WEST,PROD-103,4,2189.57,CUST-1877
TXN-006372,2023-12-30,WEST,PROD-105,2,1352.77,CUST-1150
TXN-006385,2023-12-30,WEST,PROD-113,5,149.03,CUST-1842
TXN-006421,2023-12-30,WEST,PROD-114,3,45.58,CUST-2708
TXN-006438,2023-12-30,WEST,PROD-120,1,139.63,CUST-1948
TXN-006464,2023-12-30,WEST,PROD-116,2,118.47,CUST-2726
TXN-006545,2023-12-30,WEST,PROD-120,5,820.06,CUST-1002
TXN-006552,2023-12-30,WEST,PROD-103,3,1387.41,CUST-1903
TXN-006598,2023-12-30,WEST,PROD-105,5,3129.53,CUST-2301
TXN-006616,2023-12-30,WEST,PROD-103,5,2366.03,CUST-1193
TXN-006636,2023-12-30,WEST,PROD-103,3,1545.03,CUST-1118
TXN-006703,2023-12-30,WEST,PROD-110,4,218.41,CUST-1619
TXN-008017,2023-12-30,CENTRAL,PROD-112,1,100.86,CUST-1143
TXN-008068,2023-12-30,CENTRAL,PROD-107,5,1647.77,CUST-2698
TXN-008075,2023-12-30,CENTRAL,PROD-114,5,70.82,CUST-1075
TXN-008091,2023-12-30,CENTRAL,PROD-102,4,504.29,CUST-2680
TXN-008141,2023-12-30,CENTRAL,PROD-120,3,405.62,CUST-2140
TXN-008162,2023-12-30,CENTRAL,PROD-112,5,460.7,CUST-1585
TXN-008168,2023-12-30,CENTRAL,PROD-103,5,2345.64,CUST-2111
TXN-008200,2023-12-30,CENTRAL,PROD-103,5,2397.55,CUST-2164
TXN-008210,2023-12-30,CENTRAL,PROD-104,5,4430.26,CUST-1315
TXN-008216,2023-12-30,CENTRAL,PROD-116,4,213.94,CUST-2139
TXN-008274,2023-12-30,CENTRAL,PROD-114,1,14.48,CUST-2968
TXN-008278,2023-12-30,CENTRAL,PROD-119,3,1137.42,CUST-2821
TXN-008280,2023-12-30,CENTRAL,PROD-103,3,1608.6,CUST-2654
TXN-008285,2023-12-30,CENTRAL,PROD-117,2,378.23,CUST-1445
TXN-001125,2023-12-31,NORTH,PROD-113,5,149.46,CUST-1499
TXN-001129,2023-12-31,NORTH,PROD-112,5,503.51,CUST-2436
TXN-001138,2023-12-31,NORTH,PROD-102,4,467.6,CUST-1646
TXN-001182,2023-12-31,NORTH,PROD-118,2,40.71,CUST-1936
TXN-001204,2023-12-31,NORTH,PROD-105,1,619.64,CUST-1804
TXN-001210,2023-12-31,NORTH,PROD-110,3,139.73,CUST-2492
TXN-001243,2023-12-31,NORTH,PROD-117,1,184.04,CUST-1474
TXN-001254,2023-12-31,NORTH,PROD-113,1,31.35,CUST-1583
TXN-001285,2023-12-31,NORTH,PROD-120,2,322.1,CUST-2680
TXN-001293,2023-12-31,NORTH,PROD-101,1,2933.18,CUST-1556
TXN-001324,2023-12-31,NORTH,PROD-115,5,748.44,CUST-1666
TXN-001404,2023-12-31,NORTH,PROD-110,5,237.19,CUST-1146
TXN-002835,2023-12-31,SOUTH,PROD-115,4,615.66,CUST-2517
TXN-002854,2023-12-31,SOUTH,PROD-119,4,1464.94,CUST-2067
TXN-002885,2023-12-31,SOUTH,PROD-120,5,724.4,CUST-2239
TXN-002911,2023-12-31,SOUTH,PROD-116,5,261.2,CUST-1290
TXN-002982,2023-12-31,SOUTH,PROD-108,3,224.13,CUST-2316
TXN-002983,2023-12-31,SOUTH,PROD-107,2,577.24,CUST-1777
TXN-002992,2023-12-31,SOUTH,PROD-117,5,1065.92,CUST-2627
TXN-003010,2023-12-31,SOUTH,PROD-102,1,115.41,CUST-2569
TXN-003055,2023-12-31,SOUTH,PROD-104,2,1825.5,CUST-1621
TXN-003100,2023-12-31,SOUTH,PROD-103,1,524.85,CUST-2397
TXN-003132,2023-12-31,SOUTH,PROD-111,5,228.31,CUST-2134
TXN-003133,2023-12-31,SOUTH,PROD-118,5,107.4,CUST-2988
TXN-003149,2023-12-31,SOUTH,PROD-110,3,160.99,CUST-1510
TXN-003160,2023-12-31,SOUTH,PROD-117,4,824.52,CUST-2616
TXN-003227,2023-12-31,SOUTH,PROD-105,2,1264.9,CUST-2895
TXN-003260,2023-12-31,SOUTH,PROD-117,2,391.79,CUST-2928
TXN-003269,2023-12-31,SOUTH,PROD-113,3,87.99,CUST-2069
TXN-003271,2023-12-31,SOUTH,PROD-110,1,45.74,CUST-2451
TXN-003275,2023-12-31,SOUTH,PROD-108,4,295.99,CUST-2324
TXN-003279,2023-12-31,SOUTH,PROD-105,2,1285.26,CUST-2377
TXN-003288,2023-12-31,SOUTH,PROD-120,3,426.69,CUST-2741
TXN-003303,2023-12-31,SOUTH,PROD-113,4,124.02,CUST-1053
TXN-003313,2023-12-31,SOUTH,PROD-108,3,223.77,CUST-1208
TXN-003329,2023-12-31,SOUTH,PROD-101,5,14949.77,CUST-1899
TXN-003335,2023-12-31,SOUTH,PROD-105,3,2090.35,CUST-2439
TXN-003363,2023-12-31,SOUTH,PROD-117,1,180.18,CUST-1788
TXN-004733,2023-12-31,EAST,PROD-112,5,510.19,CUST-1402
TXN-004758,2023-12-31,EAST,PROD-114,4,65.71,CUST-2403
TXN-004768,2023-12-31,EAST,PROD-120,1,157.19,CUST-2906
TXN-004773,2023-12-31,EAST,PROD-106,3,247.97,CUST-1747
TXN-004781,2023-12-31,EAST,PROD-108,4,272.72,CUST-1968
TXN-004855,2023-12-31,EAST,PROD-110,1,51.52,CUST-1664
TXN-004883,2023-12-31,EAST,PROD-117,5,1027.34,CUST-1373
TXN-004892,2023-12-31,EAST,PROD-103,4,2126.44,CUST-1790
TXN-004929,2023-12-31,EAST,PROD-114,1,16.26,CUST-2249
TXN-004958,2023-12-31,EAST,PROD-106,2,167.49,CUST-2139
TXN-004963,2023-12-31,EAST,PROD-106,2,153.35,CUST-2805
TXN-004966,2023-12-31,EAST,PROD-104,4,3702.34,CUST-2416
TXN-005035,2023-12-31,EAST,PROD-117,5,1054.44,CUST-2434
TXN-006323,2023-12-31,WEST,PROD-119,1,341.88,CUST-2709
TXN-006518,2023-12-31,WEST,PROD-108,3,218.33,CUST-1571
TXN-006544,2023-12-31,WEST,PROD-113,3,84.01,CUST-2128
TXN-006623,2023-12-31,WEST,PROD-114,2,31.55,CUST-1528
TXN-006635,2023-12-31,WEST,PROD-102,3,360.12,CUST-2742
TXN-006664,2023-12-31,WEST,PROD-110,3,161.38,CUST-1349
TXN-006714,2023-12-31,WEST,PROD-108,1,63.39,CUST-2109
TXN-006735,2023-12-31,WEST,PROD-112,3,296.89,CUST-1365
TXN-008010,2023-12-31,CENTRAL,PROD-108,5,341.3,CUST-2203
TXN-008048,2023-12-31,CENTRAL,PROD-116,1,58.6,CUST-1700
TXN-008209,2023-12-31,CENTRAL,PROD-118,3,54.18,CUST-2881
TXN-008211,2023-12-31,CENTRAL,PROD-119,2,659.04,CUST-1288
TXN-008213,2023-12-31,CENTRAL,PROD-105,1,658.12,CUST-2930
TXN-008233,2023-12-31,CENTRAL,PROD-110,3,135.9,CUST-1335
TXN-008267,2023-12-31,CENTRAL,PROD-107,3,837.22,CUST-2696
TXN-008271,2023-12-31,CENTRAL,PROD-102,3,379.6,CUST-1017
TXN-001444,2024-01-01,NORTH,PROD-105,4,2682.08,CUST-2997
TXN-001484,2024-01-01,NORTH,PROD-103,1,491.12,CUST-2076
TXN-001564,2024-01-01,NORTH,PROD-114,1,13.61,CUST-1964
TXN-001569,2024-01-01,NORTH,PROD-116,3,153.81,CUST-1941
TXN-001657,2024-01-01,NORTH,PROD-104,2,1666.32,CUST-2422
TXN-001663,2024-01-01,NORTH,PROD-104,1,975.61,CUST-1421
TXN-001670,2024-01-01,NORTH,PROD-104,2,1951.35,CUST-2744
TXN-001712,2024-01-01,NORTH,PROD-118,3,54.42,CUST-2348
TXN-001738,2024-01-01,NORTH,PROD-108,3,208.46,CUST-2147
TXN-003428,2024-01-01,SOUTH,PROD-116,5,282.91,CUST-1579
TXN-003448,2024-01-01,SOUTH,PROD-107,4,1216.13,CUST-1353
TXN-003493,2024-01-01,SOUTH,PROD-114,2,28.24,CUST-2469
TXN-003537,2024-01-01,SOUTH,PROD-111,5,268.98,CUST-1787
TXN-003549,2024-01-01,SOUTH,PROD-110,3,141.1,CUST-1607
TXN-003550,2024-01-01,SOUTH,PROD-101,4,10988.87,CUST-1953
TXN-003583,2024-01-01,SOUTH,PROD-115,5,820.11,CUST-2376
TXN-003594,2024-01-01,SOUTH,PROD-101,5,13650.04,CUST-1023
TXN-003611,2024-01-01,SOUTH,PROD-102,5,640.19,CUST-1892
TXN-003653,2024-01-01,SOUTH,PROD-117,4,731.02,CUST-1372
TXN-003724,2024-01-01,SOUTH,PROD-118,5,96.29,CUST-1451
TXN-003779,2024-01-01,SOUTH,PROD-108,4,266.13,CUST-1818
TXN-003817,2024-01-01,SOUTH,PROD-111,3,138.52,CUST-1483
TXN-003874,2024-01-01,SOUTH,PROD-114,1,14.48,CUST-1503
TXN-003897,2024-01-01,SOUTH,PROD-112,3,294.9,CUST-2716
TXN-003898,2024-01-01,SOUTH,PROD-111,4,183.37,CUST-2727
TXN-003947,2024-01-01,SOUTH,PROD-116,5,251.05,CUST-1931
TXN-003951,2024-01-01,SOUTH,PROD-108,4,273.5,CUST-2943
TXN-003958,2024-01-01,SOUTH,PROD-105,1,627.55,CUST-2413
TXN-005168,2024-01-01,EAST,PROD-102,1,109.15,CUST-2220
TXN-005182,2024-01-01,EAST,PROD-111,5,251.41,CUST-2876
TXN-005220,2024-01-01,EAST,PROD-106,5,407.51,CUST-2569
TXN-005229,2024-01-01,EAST,PROD-109,2,359.02,CUST-1428
TXN-005248,2024-01-01,EAST,PROD-109,1,170.36,CUST-1018
TXN-005356,2024-01-01,EAST,PROD-110,1,46.59,CUST-1194
TXN-005364,2024-01-01,EAST,PROD-103,2,940.08,CUST-2852
TXN-005372,2024-01-01,EAST,PROD-104,5,4129.26,CUST-1485
TXN-005373,2024-01-01,EAST,PROD-112,4,417.49,CUST-2636
TXN-005393,2024-01-01,EAST,PROD-113,3,95.39,CUST-2317
TXN-005420,2024-01-01,EAST,PROD-104,1,847.08,CUST-1897
TXN-005445,2024-01-01,EAST,PROD-107,2,583.66,CUST-2928
TXN-005467,2024-01-01,EAST,PROD-105,3,2061.81,CUST-1892
TXN-005490,2024-01-01,EAST,PROD-112,1,103.74,CUST-2933
TXN-006782,2024-01-01,WEST,PROD-106,3,227.71,CUST-2714
TXN-006831,2024-01-01,WEST,PROD-111,1,50.42,CUST-2035
TXN-006874,2024-01-01,WEST,PROD-108,4,273.76,CUST-1860
TXN-006897,2024-01-01,WEST,PROD-109,4,753.52,CUST-1843
TXN-006913,2024-01-01,WEST,PROD-106,2,169.04,CUST-1985
TXN-006952,2024-01-01,WEST,PROD-102,5,616.32,CUST-1328
TXN-007066,2024-01-01,WEST,PROD-119,3,1106.18,CUST-2759
TXN-008345,2024-01-01,CENTRAL,PROD-110,3,154.28,CUST-2718
TXN-008372,2024-01-01,CENTRAL,PROD-102,1,109.79,CUST-1459
TXN-008374,2024-01-01,CENTRAL,PROD-110,3,140.47,CUST-1408
TXN-008377,2024-01-01,CENTRAL,PROD-117,4,735.52,CUST-2913
TXN-008381,2024-01-01,CENTRAL,PROD-113,4,122.67,CUST-2173
TXN-008431,2024-01-01,CENTRAL,PROD-106,4,315.88,CUST-1990
TXN-008471,2024-01-01,CENTRAL,PROD-120,2,324.59,CUST-1734
TXN-008476,2024-01-01,CENTRAL,PROD-104,2,1931.88,CUST-2287
TXN-008548,2024-01-01,CENTRAL,PROD-108,5,354.19,CUST-1917
TXN-008557,2024-01-01,CENTRAL,PROD-109,4,741.31,CUST-1398
TXN-008610,2024-01-01,CENTRAL,PROD-116,4,230.15,CUST-2520
TXN-001430,2024-01-02,NORTH,PROD-103,2,1063.39,CUST-2818
TXN-001474,2024-01-02,NORTH,PROD-106,4,313.48,CUST-1618
TXN-001487,2024-01-02,NORTH,PROD-120,2,327.01,CUST-2307
TXN-001520,2024-01-02,NORTH,PROD-108,2,126.38,CUST-2296
TXN-001521,2024-01-02,NORTH,PROD-110,1,49.55,CUST-1350
TXN-001692,2024-01-02,NORTH,PROD-103,4,2071.2,CUST-2991
TXN-001698,2024-01-02,NORTH,PROD-114,1,14.64,CUST-1645
TXN-001707,2024-01-02,NORTH,PROD-105,3,1891.03,CUST-2520
TXN-001721,2024-01-02,NORTH,PROD-110,5,245.05,CUST-1463
TXN-003390,2024-01-02,SOUTH,PROD-114,5,75.31,CUST-1366
TXN-003435,2024-01-02,SOUTH,PROD-115,4,625.24,CUST-2109
TXN-003453,2024-01-02,SOUTH,PROD-104,1,825.43,CUST-1018
TXN-003475,2024-01-02,SOUTH,PROD-108,3,200.02,CUST-1887
TXN-003505,2024-01-02,SOUTH,PROD-103,4,1937.65,CUST-2502
TXN-003506,2024-01-02,SOUTH,PROD-120,4,549.56,CUST-2566
TXN-003513,2024-01-02,SOUTH,PROD-112,4,397.16,CUST-1946
TXN-003542,2024-01-02,SOUTH,PROD-116,2,103.89,CUST-1007
TXN-003547,2024-01-02,SOUTH,PROD-107,5,1589.6,CUST-1579
TXN-003606,2024-01-02,SOUTH,PROD-116,4,234.5,CUST-1845
TXN-003613,2024-01-02,SOUTH,PROD-110,3,137.62,CUST-1753
TXN-003666,2024-01-02,SOUTH,PROD-109,4,728.21,CUST-1865
TXN-003673,2024-01-02,SOUTH,PROD-108,2,130.11,CUST-1273
TXN-003684,2024-01-02,SOUTH,PROD-114,1,16.1,CUST-2599
TXN-003792,2024-01-02,SOUTH,PROD-118,5,100.07,CUST-2983
TXN-003861,2024-01-02,SOUTH,PROD-110,3,135.51,CUST-2207
TXN-003867,2024-01-02,SOUTH,PROD-108,4,265.34,CUST-1005
TXN-003896,2024-01-02,SOUTH,PROD-115,2,270.21,CUST-1728
TXN-003935,2024-01-02,SOUTH,PROD-103,4,1853.15,CUST-1447
TXN-003965,2024-01-02,SOUTH,PROD-111,3,149.11,CUST-1494
TXN-005167,2024-01-02,EAST,PROD-120,5,761.22,CUST-2619
TXN-005227,2024-01-02,EAST,PROD-112,1,90.74,CUST-2371
TXN-005234,2024-01-02,EAST,PROD-114,4,58.79,CUST-2424
TXN-005253,2024-01-02,EAST,PROD-109,1,185.58,CUST-1349
TXN-005282,2024-01-02,EAST,PROD-117,4,861.49,CUST-2342
TXN-005312,2024-01-02,EAST,PROD-102,4,486.8,CUST-2488
TXN-005331,2024-01-02,EAST,PROD-113,1,30.24,CUST-2502
TXN-005346,2024-01-02,EAST,PROD-104,1,909.09,CUST-1547
TXN-005489,2024-01-02,EAST,PROD-111,3,158.29,CUST-1532
TXN-006748,2024-01-02,WEST,PROD-108,4,289.62,CUST-2232
TXN-006849,2024-01-02,WEST,PROD-113,2,57.86,CUST-1719
TXN-006880,2024-01-02,WEST,PROD-102,1,121.69,CUST-1569
TXN-006908,2024-01-02,WEST,PROD-110,4,192.26,CUST-2777
TXN-006941,2024-01-02,WEST,PROD-110,3,135.28,CUST-1904
TXN-006949,2024-01-02,WEST,PROD-114,3,46.63,CUST-2915
TXN-006968,2024-01-02,WEST,PROD-111,5,269.18,CUST-2645
TXN-007029,2024-01-02,WEST,PROD-119,5,1843.15,CUST-1893
TXN-007070,2024-01-02,WEST,PROD-102,1,110.94,CUST-1683
TXN-007110,2024-01-02,WEST,PROD-120,4,649.25,CUST-1635
TXN-008309,2024-01-02,CENTRAL,PROD-116,3,171.96,CUST-2927
TXN-008320,2024-01-02,CENTRAL,PROD-107,3,850.7,CUST-1618
TXN-008348,2024-01-02,CENTRAL,PROD-109,5,873.37,CUST-1475
TXN-008383,2024-01-02,CENTRAL,PROD-119,4,1293.05,CUST-2641
TXN-008396,2024-01-02,CENTRAL,PROD-117,3,620.79,CUST-1972
TXN-008419,2024-01-02,CENTRAL,PROD-109,1,174.65,CUST-2479
TXN-008451,2024-01-02,CENTRAL,PROD-113,3,83.12,CUST-1062
TXN-008475,2024-01-02,CENTRAL,PROD-106,4,301.31,CUST-1335
TXN-008481,2024-01-02,CENTRAL,PROD-110,5,268.67,CUST-2602
TXN-008483,2024-01-02,CENTRAL,PROD-112,3,301.81,CUST-2452
TXN-008502,2024-01-02,CENTRAL,PROD-108,3,190.1,CUST-2911
TXN-008513,2024-01-02,CENTRAL,PROD-101,4,10949.06,CUST-1584
TXN-001416,2024-01-03,NORTH,PROD-116,1,53.36,CUST-1945
TXN-001428,2024-01-03,NORTH,PROD-120,1,155.55,CUST-2222
TXN-001491,2024-01-03,NORTH,PROD-115,3,474.21,CUST-2418
TXN-001524,2024-01-03,NORTH,PROD-107,4,1160.92,CUST-2712
TXN-001528,2024-01-03,NORTH,PROD-104,3,2506.24,CUST-1851
TXN-001588,2024-01-03,NORTH,PROD-103,4,2159.14,CUST-1591
TXN-001659,2024-01-03,NORTH,PROD-114,1,13.72,CUST-2587
TXN-001665,2024-01-03,NORTH,PROD-105,3,2125.0,CUST-1713
TXN-001711,2024-01-03,NORTH,PROD-103,3,1384.31,CUST-1348
TXN-001743,2024-01-03,NORTH,PROD-111,5,239.85,CUST-1131
TXN-001745,2024-01-03,NORTH,PROD-113,2,56.81,CUST-2170
TXN-003365,2024-01-03,SOUTH,PROD-106,2,164.35,CUST-2021
TXN-003383,2024-01-03,SOUTH,PROD-116,1,54.89,CUST-1659
TXN-003413,2024-01-03,SOUTH,PROD-108,4,286.42,CUST-1898
TXN-003421,2024-01-03,SOUTH,PROD-108,5,351.95,CUST-2141
TXN-003489,2024-01-03,SOUTH,PROD-105,5,3331.93,CUST-2785
TXN-003492,2024-01-03,SOUTH,PROD-106,1,83.48,CUST-1188
TXN-003494,2024-01-03,SOUTH,PROD-113,3,92.23,CUST-1395
TXN-003508,2024-01-03,SOUTH,PROD-111,5,263.52,CUST-2873
TXN-003531,2024-01-03,SOUTH,PROD-101,4,11687.98,CUST-1505
TXN-003565,2024-01-03,SOUTH,PROD-116,4,221.94,CUST-2075
TXN-003598,2024-01-03,SOUTH,PROD-109,4,742.08,CUST-1610
TXN-003602,2024-01-03,SOUTH,PROD-108,4,300.67,CUST-2188
TXN-003608,2024-01-03,SOUTH,PROD-109,3,563.61,CUST-1416
TXN-003638,2024-01-03,SOUTH,PROD-103,3,1485.75,CUST-1244
TXN-003648,2024-01-03,SOUTH,PROD-108,1,69.36,CUST-2535
TXN-003667,2024-01-03,SOUTH,PROD-103,1,476.27,CUST-2943
TXN-003742,2024-01-03,SOUTH,PROD-115,1,146.66,CUST-1707
TXN-003801,2024-01-03,SOUTH,PROD-108,4,303.2,CUST-1340
TXN-003814,2024-01-03,SOUTH,PROD-108,2,143.43,CUST-2943
TXN-003827,2024-01-03,SOUTH,PROD-102,5,539.98,CUST-2890
TXN-003880,2024-01-03,SOUTH,PROD-103,2,1074.62,CUST-2748
TXN-003906,2024-01-03,SOUTH,PROD-117,3,548.99,CUST-1632
TXN-003917,2024-01-03,SOUTH,PROD-111,3,157.2,CUST-1281
TXN-003918,2024-01-03,SOUTH,PROD-104,5,4053.56,CUST-2826
TXN-003955,2024-01-03,SOUTH,PROD-119,1,331.88,CUST-1580
TXN-005139,2024-01-03,EAST,PROD-102,3,389.94,CUST-2084
TXN-005156,2024-01-03,EAST,PROD-111,2,92.43,CUST-2417
TXN-005162,2024-01-03,EAST,PROD-116,4,230.62,CUST-2912
TXN-005171,2024-01-03,EAST,PROD-118,5,98.14,CUST-2070
TXN-005186,2024-01-03,EAST,PROD-106,2,164.4,CUST-1430
TXN-005287,2024-01-03,EAST,PROD-116,1,54.49,CUST-1628
TXN-005333,2024-01-03,EAST,PROD-118,4,79.64,CUST-1529
TXN-005359,2024-01-03,EAST,PROD-106,3,232.58,CUST-1037
TXN-005376,2024-01-03,EAST,PROD-116,4,221.49,CUST-1335
TXN-005451,2024-01-03,EAST,PROD-101,3,9644.64,CUST-1096
TXN-005456,2024-01-03,EAST,PROD-103,1,482.58,CUST-2680
TXN-006772,2024-01-03,WEST,PROD-107,2,655.54,CUST-1964
TXN-006785,2024-01-03,WEST,PROD-104,5,4433.17,CUST-1134
TXN-006800,2024-01-03,WEST,PROD-118,2,40.85,CUST-1034
TXN-006828,2024-01-03,WEST,PROD-101,2,6358.08,CUST-1534
TXN-006841,2024-01-03,WEST,PROD-116,5,279.78,CUST-2843
TXN-006877,2024-01-03,WEST,PROD-110,5,247.21,CUST-1410
TXN-006896,2024-01-03,WEST,PROD-117,4,801.74,CUST-2370
TXN-006907,2024-01-03,WEST,PROD-107,1,301.91,CUST-1771
TXN-006917,2024-01-03,WEST,PROD-107,3,823.72,CUST-2381
TXN-006960,2024-01-03,WEST,PROD-101,1,2907.15,CUST-1472
TXN-006982,2024-01-03,WEST,PROD-107,4,1238.12,CUST-1108
TXN-006995,2024-01-03,WEST,PROD-114,4,56.54,CUST-1116
TXN-007015,2024-01-03,WEST,PROD-110,5,244.24,CUST-2818
TXN-007054,2024-01-03,WEST,PROD-105,5,3365.38,CUST-1568
TXN-007121,2024-01-03,WEST,PROD-105,5,3486.54,CUST-2072
TXN-007124,2024-01-03,WEST,PROD-109,2,347.18,CUST-1326
TXN-007182,2024-01-03,WEST,PROD-116,1,51.61,CUST-1708
TXN-008310,2024-01-03,CENTRAL,PROD-109,3,509.72,CUST-2302
TXN-008323,2024-01-03,CENTRAL,PROD-117,5,1001.27,CUST-2716
TXN-008367,2024-01-03,CENTRAL,PROD-119,3,991.18,CUST-2668
TXN-008376,2024-01-03,CENTRAL,PROD-109,5,918.62,CUST-1179
TXN-008462,2024-01-03,CENTRAL,PROD-114,4,62.89,CUST-1667
TXN-008536,2024-01-03,CENTRAL,PROD-112,3,310.8,CUST-2146
TXN-008563,2024-01-03,CENTRAL,PROD-110,3,146.49,CUST-2249
TXN-008565,2024-01-03,CENTRAL,PROD-111,3,159.21,CUST-1827
TXN-008583,2024-01-03,CENTRAL,PROD-105,4,2671.3,CUST-1981
TXN-008612,2024-01-03,CENTRAL,PROD-101,5,15753.46,CUST-2838
TXN-008618,2024-01-03,CENTRAL,PROD-106,4,315.16,CUST-1720
TXN-008620,2024-01-03,CENTRAL,PROD-114,3,43.53,CUST-1046
TXN-001407,2024-01-04,NORTH,PROD-113,1,27.51,CUST-1803
TXN-001479,2024-01-04,NORTH,PROD-118,3,65.44,CUST-1885
TXN-001481,2024-01-04,NORTH,PROD-109,5,880.36,CUST-2584
TXN-001485,2024-01-04,NORTH,PROD-115,3,424.72,CUST-1581
TXN-001488,2024-01-04,NORTH,PROD-104,1,964.15,CUST-1267
TXN-001510,2024-01-04,NORTH,PROD-112,4,366.75,CUST-2296
TXN-001523,2024-01-04,NORTH,PROD-116,5,291.4,CUST-1452
TXN-001585,2024-01-04,NORTH,PROD-116,5,284.76,CUST-2092
TXN-001654,2024-01-04,NORTH,PROD-105,1,647.33,CUST-1639
TXN-001766,2024-01-04,NORTH,PROD-106,3,240.27,CUST-1721
TXN-003372,2024-01-04,SOUTH,PROD-116,2,112.26,CUST-2256
TXN-003423,2024-01-04,SOUTH,PROD-103,4,2007.18,CUST-1036
TXN-003485,2024-01-04,SOUTH,PROD-101,2,6367.45,CUST-1220
TXN-003626,2024-01-04,SOUTH,PROD-119,1,332.82,CUST-2128
TXN-003637,2024-01-04,SOUTH,PROD-107,2,639.3,CUST-2394
TXN-003679,2024-01-04,SOUTH,PROD-106,4,323.35,CUST-2285
TXN-003706,2024-01-04,SOUTH,PROD-110,2,94.1,CUST-2618
TXN-003716,2024-01-04,SOUTH,PROD-105,2,1201.94,CUST-2557
TXN-003718,2024-01-04,SOUTH,PROD-118,5,95.32,CUST-2606
TXN-003719,2024-01-04,SOUTH,PROD-114,2,27.22,CUST-2353
TXN-003791,2024-01-04,SOUTH,PROD-115,4,591.97,CUST-2053
TXN-003829,2024-01-04,SOUTH,PROD-109,5,862.41,CUST-2714
TXN-003899,2024-01-04,SOUTH,PROD-120,5,759.16,CUST-1239
TXN-003910,2024-01-04,SOUTH,PROD-104,3,2844.69,CUST-1652
TXN-003970,2024-01-04,SOUTH,PROD-118,4,83.45,CUST-1453
TXN-005149,2024-01-04,EAST,PROD-117,2,393.68,CUST-2790
TXN-005205,2024-01-04,EAST,PROD-102,3,347.57,CUST-2801
TXN-005217,2024-01-04,EAST,PROD-104,4,3448.89,CUST-1805
TXN-005238,2024-01-04,EAST,PROD-108,3,211.55,CUST-2829
TXN-005242,2024-01-04,EAST,PROD-113,3,94.93,CUST-2569
TXN-005258,2024-01-04,EAST,PROD-119,2,652.32,CUST-1761
TXN-005277,2024-01-04,EAST,PROD-116,2,101.99,CUST-2957
TXN-005281,2024-01-04,EAST,PROD-107,5,1593.85,CUST-2160
TXN-005286,2024-01-04,EAST,PROD-119,2,706.58,CUST-2976
TXN-005310,2024-01-04,EAST,PROD-119,1,349.34,CUST-2270
TXN-005358,2024-01-04,EAST,PROD-118,1,20.74,CUST-2922
TXN-005390,2024-01-04,EAST,PROD-105,1,628.71,CUST-2305
TXN-005405,2024-01-04,EAST,PROD-113,1,28.86,CUST-2524
TXN-005410,2024-01-04,EAST,PROD-120,4,606.05,CUST-2213
TXN-005416,2024-01-04,EAST,PROD-113,2,63.11,CUST-2925
TXN-005418,2024-01-04,EAST,PROD-119,3,1122.5,CUST-2303
TXN-005422,2024-01-04,EAST,PROD-101,4,13014.25,CUST-2144
TXN-005430,2024-01-04,EAST,PROD-118,2,39.86,CUST-2716
TXN-005437,2024-01-04,EAST,PROD-113,5,136.1,CUST-1788
TXN-005441,2024-01-04,EAST,PROD-108,5,374.43,CUST-2873
TXN-005457,2024-01-04,EAST,PROD-109,4,708.53,CUST-2575
TXN-005470,2024-01-04,EAST,PROD-101,4,11288.54,CUST-2694
TXN-006761,2024-01-04,WEST,PROD-107,5,1425.46,CUST-1479
TXN-006762,2024-01-04,WEST,PROD-111,4,188.67,CUST-1108
TXN-006865,2024-01-04,WEST,PROD-115,3,430.17,CUST-1732
TXN-007017,2024-01-04,WEST,PROD-104,5,4606.89,CUST-1870
TXN-007041,2024-01-04,WEST,PROD-120,2,312.61,CUST-2682
TXN-007101,2024-01-04,WEST,PROD-112,5,530.99,CUST-1485
TXN-007155,2024-01-04,WEST,PROD-119,5,1604.11,CUST-1076
TXN-007160,2024-01-04,WEST,PROD-118,1,20.94,CUST-1766
TXN-008349,2024-01-04,CENTRAL,PROD-106,2,152.06,CUST-2873
TXN-008388,2024-01-04,CENTRAL,PROD-112,3,324.87,CUST-1910
TXN-008460,2024-01-04,CENTRAL,PROD-115,5,805.32,CUST-2037
TXN-008474,2024-01-04,CENTRAL,PROD-112,3,318.27,CUST-2724
TXN-008495,2024-01-04,CENTRAL,PROD-119,4,1463.78,CUST-2746
TXN-008500,2024-01-04,CENTRAL,PROD-111,1,50.09,CUST-1279
TXN-008530,2024-01-04,CENTRAL,PROD-114,5,81.79,CUST-2359
TXN-008544,2024-01-04,CENTRAL,PROD-112,2,186.91,CUST-1332
TXN-008587,2024-01-04,CENTRAL,PROD-109,4,699.1,CUST-2808
TXN-008600,2024-01-04,CENTRAL,PROD-101,4,10897.3,CUST-2524
TXN-001414,2024-01-05,NORTH,PROD-120,3,487.13,CUST-1803
TXN-001445,2024-01-05,NORTH,PROD-103,2,1028.43,CUST-1852
TXN-001464,2024-01-05,NORTH,PROD-117,1,214.05,CUST-1570
TXN-001470,2024-01-05,NORTH,PROD-120,2,320.24,CUST-2542
TXN-001500,2024-01-05,NORTH,PROD-101,1,3098.75,CUST-1546
TXN-001501,2024-01-05,NORTH,PROD-111,4,202.95,CUST-2056
TXN-001580,2024-01-05,NORTH,PROD-111,2,100.77,CUST-2330
TXN-001633,2024-01-05,NORTH,PROD-109,3,589.22,CUST-2709
TXN-001641,2024-01-05,NORTH,PROD-111,4,215.09,CUST-1278
TXN-001658,2024-01-05,NORTH,PROD-108,3,194.24,CUST-1267
TXN-001675,2024-01-05,NORTH,PROD-116,3,171.72,CUST-2142
TXN-001733,2024-01-05,NORTH,PROD-108,2,146.88,CUST-2568
TXN-001740,2024-01-05,NORTH,PROD-101,3,9521.37,CUST-1569
TXN-001755,2024-01-05,NORTH,PROD-112,4,417.21,CUST-2683
TXN-001774,2024-01-05,NORTH,PROD-109,2,373.48,CUST-2694
TXN-003405,2024-01-05,SOUTH,PROD-108,1,71.92,CUST-1237
TXN-003478,2024-01-05,SOUTH,PROD-120,1,157.03,CUST-1040
TXN-003482,2024-01-05,SOUTH,PROD-112,3,303.11,CUST-2002
TXN-003529,2024-01-05,SOUTH,PROD-117,3,580.9,CUST-1765
TXN-003562,2024-01-05,SOUTH,PROD-105,1,652.95,CUST-2926
TXN-003632,2024-01-05,SOUTH,PROD-107,1,323.58,CUST-2986
TXN-003663,2024-01-05,SOUTH,PROD-120,5,678.51,CUST-2017
TXN-003677,2024-01-05,SOUTH,PROD-111,2,107.19,CUST-2641
TXN-003733,2024-01-05,SOUTH,PROD-113,5,157.47,CUST-1048
TXN-003781,2024-01-05,SOUTH,PROD-114,1,14.23,CUST-1299
TXN-003787,2024-01-05,SOUTH,PROD-118,3,54.69,CUST-2044
TXN-003793,2024-01-05,SOUTH,PROD-113,3,92.86,CUST-1901
TXN-003797,2024-01-05,SOUTH,PROD-107,4,1216.59,CUST-1856
TXN-003838,2024-01-05,SOUTH,PROD-105,1,595.32,CUST-2204
TXN-003840,2024-01-05,SOUTH,PROD-105,1,621.71,CUST-1682
TXN-003934,2024-01-05,SOUTH,PROD-102,2,263.89,CUST-2526
TXN-003946,2024-01-05,SOUTH,PROD-110,3,140.28,CUST-2576
TXN-003968,2024-01-05,SOUTH,PROD-108,4,300.48,CUST-1420
TXN-005137,2024-01-05,EAST,PROD-111,1,49.05,CUST-2029
TXN-005177,2024-01-05,EAST,PROD-117,1,213.69,CUST-1106
TXN-005202,2024-01-05,EAST,PROD-111,3,138.61,CUST-2482
TXN-005206,2024-01-05,EAST,PROD-110,2,104.27,CUST-1424
TXN-005266,2024-01-05,EAST,PROD-106,3,216.64,CUST-2705
TXN-005272,2024-01-05,EAST,PROD-102,1,122.26,CUST-2597
TXN-005297,2024-01-05,EAST,PROD-116,4,201.44,CUST-1954
TXN-005365,2024-01-05,EAST,PROD-119,4,1279.18,CUST-1184
TXN-005366,2024-01-05,EAST,PROD-101,3,9803.67,CUST-2465
TXN-005381,2024-01-05,EAST,PROD-109,1,196.42,CUST-2273
TXN-005424,2024-01-05,EAST,PROD-115,5,789.02,CUST-2465
TXN-005428,2024-01-05,EAST,PROD-107,5,1613.68,CUST-2205
TXN-005444,2024-01-05,EAST,PROD-113,1,27.02,CUST-2901
TXN-005452,2024-01-05,EAST,PROD-104,3,2922.23,CUST-1773
TXN-005458,2024-01-05,EAST,PROD-116,5,292.56,CUST-2199
TXN-005463,2024-01-05,EAST,PROD-108,5,341.0,CUST-2153
TXN-005465,2024-01-05,EAST,PROD-113,1,31.56,CUST-2664
TXN-005479,2024-01-05,EAST,PROD-115,2,303.28,CUST-2708
TXN-005481,2024-01-05,EAST,PROD-101,4,12366.45,CUST-1773
TXN-006774,2024-01-05,WEST,PROD-104,4,3712.9,CUST-2448
TXN-006802,2024-01-05,WEST,PROD-109,2,345.15,CUST-1776
TXN-006811,2024-01-05,WEST,PROD-118,3,58.09,CUST-1922
TXN-006840,2024-01-05,WEST,PROD-109,2,381.25,CUST-1891
TXN-006876,2024-01-05,WEST,PROD-101,4,11810.96,CUST-1727
TXN-006961,2024-01-05,WEST,PROD-112,4,370.32,CUST-1272
TXN-006963,2024-01-05,WEST,PROD-101,1,3276.09,CUST-2354
TXN-006994,2024-01-05,WEST,PROD-118,2,40.69,CUST-2808
TXN-007000,2024-01-05,WEST,PROD-119,2,681.44,CUST-2359
TXN-007074,2024-01-05,WEST,PROD-106,3,261.21,CUST-1960
TXN-007123,2024-01-05,WEST,PROD-105,2,1377.14,CUST-1341
TXN-007162,2024-01-05,WEST,PROD-119,4,1390.03,CUST-1023
TXN-008305,2024-01-05,CENTRAL,PROD-102,4,462.05,CUST-1148
TXN-008308,2024-01-05,CENTRAL,PROD-113,2,55.13,CUST-2342
TXN-008326,2024-01-05,CENTRAL,PROD-116,5,261.48,CUST-1935
TXN-008370,2024-01-05,CENTRAL,PROD-107,2,612.92,CUST-1027
TXN-008507,2024-01-05,CENTRAL,PROD-105,4,2568.05,CUST-1676
TXN-008522,2024-01-05,CENTRAL,PROD-105,4,2416.68,CUST-1989
TXN-008574,2024-01-05,CENTRAL,PROD-106,1,75.62,CUST-1426
TXN-008589,2024-01-05,CENTRAL,PROD-103,5,2465.6,CUST-1513
TXN-008603,2024-01-05,CENTRAL,PROD-120,1,150.85,CUST-1716
TXN-008606,2024-01-05,CENTRAL,PROD-116,1,57.23,CUST-1720
TXN-001408,2024-01-06,NORTH,PROD-120,5,769.37,CUST-2414
TXN-001415,2024-01-06,NORTH,PROD-111,3,148.57,CUST-1062
TXN-001447,2024-01-06,NORTH,PROD-115,5,738.57,CUST-2680
TXN-001490,2024-01-06,NORTH,PROD-109,3,536.4,CUST-2918
TXN-001529,2024-01-06,NORTH,PROD-112,5,466.45,CUST-1499
TXN-001536,2024-01-06,NORTH,PROD-120,1,152.88,CUST-2469
TXN-001604,2024-01-06,NORTH,PROD-107,5,1562.09,CUST-2364
TXN-001606,2024-01-06,NORTH,PROD-118,3,55.43,CUST-1052
TXN-001645,2024-01-06,NORTH,PROD-104,5,4727.31,CUST-2114
TXN-001650,2024-01-06,NORTH,PROD-104,2,1675.62,CUST-1453
TXN-001684,2024-01-06,NORTH,PROD-103,3,1642.53,CUST-1694
TXN-001693,2024-01-06,NORTH,PROD-113,5,155.32,CUST-1313
TXN-001700,2024-01-06,NORTH,PROD-118,3,64.58,CUST-1337
TXN-001762,2024-01-06,NORTH,PROD-115,3,484.12,CUST-2571
TXN-001771,2024-01-06,NORTH,PROD-108,5,364.9,CUST-2573
TXN-001776,2024-01-06,NORTH,PROD-113,4,130.63,CUST-2812
TXN-003366,2024-01-06,SOUTH,PROD-118,2,43.78,CUST-1199
TXN-003406,2024-01-06,SOUTH,PROD-116,1,51.51,CUST-1671
TXN-003407,2024-01-06,SOUTH,PROD-109,4,688.97,CUST-1587
TXN-003422,2024-01-06,SOUTH,PROD-105,5,3551.66,CUST-1117
TXN-003433,2024-01-06,SOUTH,PROD-113,3,96.84,CUST-1754
TXN-003458,2024-01-06,SOUTH,PROD-110,3,138.02,CUST-2151
TXN-003459,2024-01-06,SOUTH,PROD-105,2,1277.93,CUST-2091
TXN-003468,2024-01-06,SOUTH,PROD-105,5,3120.02,CUST-1807
TXN-003473,2024-01-06,SOUTH,PROD-112,3,281.49,CUST-1574
TXN-003521,2024-01-06,SOUTH,PROD-110,5,238.84,CUST-1390
TXN-003552,2024-01-06,SOUTH,PROD-120,4,630.97,CUST-1221
TXN-003607,2024-01-06,SOUTH,PROD-101,5,16192.17,CUST-2345
TXN-003725,2024-01-06,SOUTH,PROD-113,2,60.48,CUST-1036
TXN-003753,2024-01-06,SOUTH,PROD-117,1,189.26,CUST-1189
TXN-003760,2024-01-06,SOUTH,PROD-108,1,67.55,CUST-1352
TXN-003772,2024-01-06,SOUTH,PROD-117,4,740.16,CUST-1075
TXN-003820,2024-01-06,SOUTH,PROD-111,2,101.94,CUST-2216
TXN-003889,2024-01-06,SOUTH,PROD-117,5,938.79,CUST-2894
TXN-003944,2024-01-06,SOUTH,PROD-102,1,125.95,CUST-2074
TXN-003950,2024-01-06,SOUTH,PROD-116,2,108.62,CUST-1274
TXN-005163,2024-01-06,EAST,PROD-119,4,1424.84,CUST-1134
TXN-005175,2024-01-06,EAST,PROD-118,3,63.85,CUST-2823
TXN-005178,2024-01-06,EAST,PROD-105,1,642.33,CUST-2196
TXN-005185,2024-01-06,EAST,PROD-117,4,877.08,CUST-1215
TXN-005318,2024-01-06,EAST,PROD-105,1,606.85,CUST-1341
TXN-005392,2024-01-06,EAST,PROD-112,3,304.46,CUST-1353
TXN-005475,2024-01-06,EAST,PROD-115,3,478.89,CUST-2722
TXN-005477,2024-01-06,EAST,PROD-113,1,27.96,CUST-1354
TXN-006758,2024-01-06,WEST,PROD-104,2,1874.38,CUST-1832
TXN-006776,2024-01-06,WEST,PROD-106,3,220.49,CUST-2264
TXN-006792,2024-01-06,WEST,PROD-113,1,30.99,CUST-2684
TXN-006796,2024-01-06,WEST,PROD-108,4,273.37,CUST-1782
TXN-006798,2024-01-06,WEST,PROD-119,3,994.05,CUST-2101
TXN-006834,2024-01-06,WEST,PROD-107,3,934.94,CUST-2986
TXN-006936,2024-01-06,WEST,PROD-103,5,2407.15,CUST-1968
TXN-006947,2024-01-06,WEST,PROD-120,5,689.7,CUST-1833
TXN-006957,2024-01-06,WEST,PROD-113,5,152.0,CUST-1782
TXN-007026,2024-01-06,WEST,PROD-109,2,333.07,CUST-1576
TXN-007044,2024-01-06,WEST,PROD-103,3,1640.92,CUST-2480
TXN-007048,2024-01-06,WEST,PROD-114,3,42.43,CUST-2244
TXN-007111,2024-01-06,WEST,PROD-116,3,180.66,CUST-1465
TXN-007141,2024-01-06,WEST,PROD-118,2,43.27,CUST-1024
TXN-007153,2024-01-06,WEST,PROD-113,3,92.75,CUST-2630
TXN-007167,2024-01-06,WEST,PROD-104,4,3651.36,CUST-2904
TXN-008360,2024-01-06,CENTRAL,PROD-103,5,2373.32,CUST-2176
TXN-008363,2024-01-06,CENTRAL,PROD-116,4,218.25,CUST-2065
TXN-008384,2024-01-06,CENTRAL,PROD-107,4,1123.45,CUST-1626
TXN-008409,2024-01-06,CENTRAL,PROD-120,1,151.76,CUST-1559
TXN-008444,2024-01-06,CENTRAL,PROD-108,4,303.61,CUST-2767
TXN-008459,2024-01-06,CENTRAL,PROD-117,1,204.56,CUST-1388
TXN-008466,2024-01-06,CENTRAL,PROD-102,4,492.09,CUST-1762
TXN-008520,2024-01-06,CENTRAL,PROD-115,4,593.57,CUST-2279
TXN-008562,2024-01-06,CENTRAL,PROD-110,4,201.02,CUST-2360
TXN-008596,2024-01-06,CENTRAL,PROD-119,5,1878.76,CUST-1975
TXN-008598,2024-01-06,CENTRAL,PROD-116,5,285.5,CUST-1098
TXN-001433,2024-01-07,NORTH,PROD-107,3,863.92,CUST-2627
TXN-001497,2024-01-07,NORTH,PROD-120,1,162.37,CUST-2466
TXN-001539,2024-01-07,NORTH,PROD-104,5,4929.06,CUST-2268
TXN-001544,2024-01-07,NORTH,PROD-114,3,43.48,CUST-2649
TXN-001549,2024-01-07,NORTH,PROD-111,2,105.56,CUST-1668
TXN-001551,2024-01-07,NORTH,PROD-113,2,54.86,CUST-2199
TXN-001575,2024-01-07,NORTH,PROD-103,5,2690.37,CUST-2507
TXN-001618,2024-01-07,NORTH,PROD-116,3,168.37,CUST-2048
TXN-001685,2024-01-07,NORTH,PROD-120,4,554.69,CUST-2717
TXN-001751,2024-01-07,NORTH,PROD-109,4,706.77,CUST-2768
TXN-003381,2024-01-07,SOUTH,PROD-110,3,139.04,CUST-2564
TXN-003382,2024-01-07,SOUTH,PROD-110,4,196.13,CUST-1773
TXN-003386,2024-01-07,SOUTH,PROD-103,3,1617.6,CUST-2532
TXN-003403,2024-01-07,SOUTH,PROD-116,3,168.27,CUST-2284
TXN-003410,2024-01-07,SOUTH,PROD-105,5,3572.06,CUST-1961
TXN-003420,2024-01-07,SOUTH,PROD-111,4,180.98,CUST-1903
TXN-003441,2024-01-07,SOUTH,PROD-119,2,762.7,CUST-2494
TXN-003446,2024-01-07,SOUTH,PROD-111,5,269.44,CUST-2351
TXN-003456,2024-01-07,SOUTH,PROD-110,1,48.62,CUST-2863
TXN-003498,2024-01-07,SOUTH,PROD-109,2,387.21,CUST-2179
TXN-003499,2024-01-07,SOUTH,PROD-104,1,843.87,CUST-2738
TXN-003519,2024-01-07,SOUTH,PROD-104,1,880.42,CUST-1307
TXN-003532,2024-01-07,SOUTH,PROD-111,2,108.18,CUST-2849
TXN-003541,2024-01-07,SOUTH,PROD-109,2,350.17,CUST-2593
TXN-003546,2024-01-07,SOUTH,PROD-120,5,693.01,CUST-2503
TXN-003575,2024-01-07,SOUTH,PROD-119,1,329.61,CUST-2194
TXN-003597,2024-01-07,SOUTH,PROD-107,4,1258.0,CUST-1764
TXN-003605,2024-01-07,SOUTH,PROD-103,4,2071.17,CUST-1062
TXN-003659,2024-01-07,SOUTH,PROD-116,4,208.92,CUST-1794
TXN-003678,2024-01-07,SOUTH,PROD-107,4,1194.75,CUST-1439
TXN-003703,2024-01-07,SOUTH,PROD-120,2,318.11,CUST-2410
TXN-003737,2024-01-07,SOUTH,PROD-112,2,208.12,CUST-2231
TXN-003739,2024-01-07,SOUTH,PROD-111,3,147.12,CUST-1510
TXN-003757,2024-01-07,SOUTH,PROD-120,1,137.01,CUST-1208
TXN-003773,2024-01-07,SOUTH,PROD-103,5,2747.3,CUST-2725
TXN-003776,2024-01-07,SOUTH,PROD-101,2,5922.63,CUST-2308
TXN-003788,2024-01-07,SOUTH,PROD-117,3,542.87,CUST-1827
TXN-003795,2024-01-07,SOUTH,PROD-103,5,2441.9,CUST-1808
TXN-003828,2024-01-07,SOUTH,PROD-106,4,340.71,CUST-2005
TXN-003844,2024-01-07,SOUTH,PROD-116,1,53.5,CUST-1801
TXN-003845,2024-01-07,SOUTH,PROD-112,1,90.97,CUST-2723
TXN-003853,2024-01-07,SOUTH,PROD-106,4,290.42,CUST-1019
TXN-003938,2024-01-07,SOUTH,PROD-115,2,278.8,CUST-2328
TXN-005161,2024-01-07,EAST,PROD-110,3,161.05,CUST-2017
TXN-005181,2024-01-07,EAST,PROD-120,4,647.8,CUST-1947
TXN-005211,2024-01-07,EAST,PROD-112,2,211.92,CUST-1124
TXN-005233,2024-01-07,EAST,PROD-101,5,14735.24,CUST-2633
TXN-005247,2024-01-07,EAST,PROD-113,3,94.67,CUST-1921
TXN-005270,2024-01-07,EAST,PROD-102,4,433.12,CUST-2119
TXN-005279,2024-01-07,EAST,PROD-120,4,550.7,CUST-2542
TXN-005292,2024-01-07,EAST,PROD-119,3,1103.59,CUST-1291
TXN-005319,2024-01-07,EAST,PROD-116,2,118.04,CUST-1736
TXN-005321,2024-01-07,EAST,PROD-101,1,2712.36,CUST-2124
TXN-005329,2024-01-07,EAST,PROD-115,5,775.94,CUST-2936
TXN-005341,2024-01-07,EAST,PROD-109,1,164.45,CUST-1417
TXN-005385,2024-01-07,EAST,PROD-112,1,90.72,CUST-2997
TXN-005409,2024-01-07,EAST,PROD-106,1,87.98,CUST-1413
TXN-005436,2024-01-07,EAST,PROD-113,2,55.93,CUST-2689
TXN-006773,2024-01-07,WEST,PROD-114,4,54.31,CUST-2419
TXN-006788,2024-01-07,WEST,PROD-120,5,767.95,CUST-1134
TXN-006912,2024-01-07,WEST,PROD-111,5,238.08,CUST-1212
TXN-006918,2024-01-07,WEST,PROD-101,2,5826.39,CUST-1766
TXN-006919,2024-01-07,WEST,PROD-109,4,759.19,CUST-2095
TXN-006985,2024-01-07,WEST,PROD-118,4,72.11,CUST-1573
TXN-007032,2024-01-07,WEST,PROD-110,5,225.21,CUST-2718
TXN-007040,2024-01-07,WEST,PROD-113,3,92.2,CUST-1129
TXN-007063,2024-01-07,WEST,PROD-110,2,109.66,CUST-1885
TXN-007069,2024-01-07,WEST,PROD-112,5,496.33,CUST-1256
TXN-007094,2024-01-07,WEST,PROD-120,4,552.06,CUST-1160
TXN-007108,2024-01-07,WEST,PROD-108,3,223.42,CUST-2543
TXN-007109,2024-01-07,WEST,PROD-120,1,137.22,CUST-1389
TXN-007115,2024-01-07,WEST,PROD-101,1,3248.49,CUST-2380
TXN-007130,2024-01-07,WEST,PROD-106,3,248.92,CUST-1650
TXN-007142,2024-01-07,WEST,PROD-101,5,14945.0,CUST-2593
TXN-007178,2024-01-07,WEST,PROD-103,5,2415.16,CUST-2052
TXN-008307,2024-01-07,CENTRAL,PROD-104,3,2849.62,CUST-2453
TXN-008315,2024-01-07,CENTRAL,PROD-103,5,2647.8,CUST-2742
TXN-008329,2024-01-07,CENTRAL,PROD-104,2,1680.24,CUST-1470
TXN-008397,2024-01-07,CENTRAL,PROD-112,5,487.8,CUST-2983
TXN-008424,2024-01-07,CENTRAL,PROD-107,3,976.38,CUST-1957
TXN-008427,2024-01-07,CENTRAL,PROD-105,4,2442.18,CUST-2606
TXN-008437,2024-01-07,CENTRAL,PROD-111,4,214.45,CUST-1761
TXN-008445,2024-01-07,CENTRAL,PROD-119,1,323.91,CUST-2008
TXN-008448,2024-01-07,CENTRAL,PROD-108,4,274.99,CUST-2026
TXN-008469,2024-01-07,CENTRAL,PROD-102,2,245.12,CUST-2225
TXN-008479,2024-01-07,CENTRAL,PROD-103,5,2319.97,CUST-1080
TXN-008517,2024-01-07,CENTRAL,PROD-119,3,1110.47,CUST-2350
TXN-008531,2024-01-07,CENTRAL,PROD-107,3,952.95,CUST-2901
TXN-008546,2024-01-07,CENTRAL,PROD-108,2,152.31,CUST-1888
TXN-008550,2024-01-07,CENTRAL,PROD-117,3,573.97,CUST-2924
TXN-008564,2024-01-07,CENTRAL,PROD-119,5,1821.05,CUST-1511
TXN-001450,2024-01-08,NORTH,PROD-117,3,589.27,CUST-2119
TXN-001550,2024-01-08,NORTH,PROD-104,2,1885.57,CUST-2782
TXN-001562,2024-01-08,NORTH,PROD-111,4,203.14,CUST-2827
TXN-001582,2024-01-08,NORTH,PROD-111,3,161.91,CUST-2032
TXN-001598,2024-01-08,NORTH,PROD-116,3,180.5,CUST-2577
TXN-001667,2024-01-08,NORTH,PROD-117,5,913.62,CUST-2679
TXN-001710,2024-01-08,NORTH,PROD-108,2,144.13,CUST-2214
TXN-001737,2024-01-08,NORTH,PROD-113,2,55.34,CUST-1394
TXN-001748,2024-01-08,NORTH,PROD-120,1,158.19,CUST-1642
TXN-001750,2024-01-08,NORTH,PROD-114,2,27.85,CUST-1359
TXN-003376,2024-01-08,SOUTH,PROD-116,2,116.45,CUST-1086
TXN-003397,2024-01-08,SOUTH,PROD-112,4,363.54,CUST-1291
TXN-003430,2024-01-08,SOUTH,PROD-116,5,261.2,CUST-2304
TXN-003451,2024-01-08,SOUTH,PROD-105,4,2504.39,CUST-2911
TXN-003462,2024-01-08,SOUTH,PROD-104,2,1947.28,CUST-1199
TXN-003486,2024-01-08,SOUTH,PROD-103,2,974.66,CUST-1316
TXN-003536,2024-01-08,SOUTH,PROD-108,4,283.5,CUST-2824
TXN-003548,2024-01-08,SOUTH,PROD-113,4,124.77,CUST-2747
TXN-003588,2024-01-08,SOUTH,PROD-119,3,990.5,CUST-1049
TXN-003661,2024-01-08,SOUTH,PROD-111,5,267.22,CUST-1469
TXN-003669,2024-01-08,SOUTH,PROD-105,1,588.13,CUST-1177
TXN-003687,2024-01-08,SOUTH,PROD-105,4,2659.7,CUST-2619
TXN-003722,2024-01-08,SOUTH,PROD-120,5,760.54,CUST-1547
TXN-003730,2024-01-08,SOUTH,PROD-110,4,203.14,CUST-2229
TXN-003745,2024-01-08,SOUTH,PROD-109,3,584.42,CUST-1533
TXN-003749,2024-01-08,SOUTH,PROD-103,2,918.46,CUST-2425
TXN-003765,2024-01-08,SOUTH,PROD-115,2,312.59,CUST-2462
TXN-003766,2024-01-08,SOUTH,PROD-106,5,420.31,CUST-1138
TXN-003796,2024-01-08,SOUTH,PROD-102,1,115.26,CUST-2953
TXN-003811,2024-01-08,SOUTH,PROD-108,2,138.98,CUST-1314
TXN-005134,2024-01-08,EAST,PROD-120,3,454.98,CUST-2459
TXN-005142,2024-01-08,EAST,PROD-112,2,194.25,CUST-1290
TXN-005222,2024-01-08,EAST,PROD-110,2,100.4,CUST-1774
TXN-005288,2024-01-08,EAST,PROD-114,1,16.44,CUST-1297
TXN-005309,2024-01-08,EAST,PROD-115,5,821.41,CUST-2157
TXN-005336,2024-01-08,EAST,PROD-114,1,16.16,CUST-2481
TXN-005407,2024-01-08,EAST,PROD-116,2,101.19,CUST-2496
TXN-005425,2024-01-08,EAST,PROD-115,1,163.35,CUST-1217
TXN-005431,2024-01-08,EAST,PROD-102,4,516.27,CUST-2147
TXN-005448,2024-01-08,EAST,PROD-119,2,670.38,CUST-2752
TXN-005473,2024-01-08,EAST,PROD-116,1,51.87,CUST-1997
TXN-006760,2024-01-08,WEST,PROD-119,5,1666.34,CUST-1529
TXN-006778,2024-01-08,WEST,PROD-106,2,157.86,CUST-1632
TXN-006850,2024-01-08,WEST,PROD-101,1,2713.03,CUST-1163
TXN-006861,2024-01-08,WEST,PROD-108,1,70.51,CUST-2381
TXN-006889,2024-01-08,WEST,PROD-110,5,274.43,CUST-2364
TXN-006909,2024-01-08,WEST,PROD-107,5,1527.18,CUST-1185
TXN-006979,2024-01-08,WEST,PROD-117,5,998.38,CUST-2042
TXN-007076,2024-01-08,WEST,PROD-111,3,154.41,CUST-2498
TXN-007146,2024-01-08,WEST,PROD-115,4,557.29,CUST-2237
TXN-007152,2024-01-08,WEST,PROD-102,2,258.51,CUST-2375
TXN-007191,2024-01-08,WEST,PROD-110,3,163.22,CUST-2344
TXN-008317,2024-01-08,CENTRAL,PROD-108,2,150.82,CUST-2609
TXN-008385,2024-01-08,CENTRAL,PROD-106,1,77.81,CUST-2636
TXN-008411,2024-01-08,CENTRAL,PROD-120,3,434.92,CUST-1056
TXN-008412,2024-01-08,CENTRAL,PROD-115,3,430.14,CUST-2776
TXN-008414,2024-01-08,CENTRAL,PROD-118,2,37.57,CUST-2093
TXN-008461,2024-01-08,CENTRAL,PROD-113,3,85.39,CUST-2942
TXN-008473,2024-01-08,CENTRAL,PROD-101,4,12233.34,CUST-2215
TXN-008547,2024-01-08,CENTRAL,PROD-116,5,249.8,CUST-2863
TXN-008554,2024-01-08,CENTRAL,PROD-110,5,259.92,CUST-1381
TXN-008575,2024-01-08,CENTRAL,PROD-116,5,289.99,CUST-1110
TXN-008586,2024-01-08,CENTRAL,PROD-106,4,290.29,CUST-1842
TXN-008616,2024-01-08,CENTRAL,PROD-105,1,621.83,CUST-1170
TXN-001465,2024-01-09,NORTH,PROD-105,5,3107.58,CUST-2757
TXN-001466,2024-01-09,NORTH,PROD-101,1,3062.28,CUST-2864
TXN-001468,2024-01-09,NORTH,PROD-108,4,262.09,CUST-2081
TXN-001486,2024-01-09,NORTH,PROD-107,1,271.41,CUST-1189
TXN-001493,2024-01-09,NORTH,PROD-102,4,469.27,CUST-1124
TXN-001494,2024-01-09,NORTH,PROD-109,2,355.7,CUST-2008
TXN-001498,2024-01-09,NORTH,PROD-104,1,823.12,CUST-2171
TXN-001535,2024-01-09,NORTH,PROD-117,4,785.89,CUST-2922
TXN-001556,2024-01-09,NORTH,PROD-105,1,695.7,CUST-1940
TXN-001561,2024-01-09,NORTH,PROD-101,4,12566.79,CUST-1506
TXN-001714,2024-01-09,NORTH,PROD-101,4,12211.13,CUST-1649
TXN-001723,2024-01-09,NORTH,PROD-103,5,2650.54,CUST-1974
TXN-001727,2024-01-09,NORTH,PROD-120,5,742.93,CUST-2564
TXN-003449,2024-01-09,SOUTH,PROD-119,2,719.75,CUST-2178
TXN-003520,2024-01-09,SOUTH,PROD-111,2,90.42,CUST-1804
TXN-003582,2024-01-09,SOUTH,PROD-113,1,30.89,CUST-1925
TXN-003692,2024-01-09,SOUTH,PROD-115,3,432.29,CUST-2097
TXN-003699,2024-01-09,SOUTH,PROD-110,5,250.63,CUST-1642
TXN-003702,2024-01-09,SOUTH,PROD-109,5,886.24,CUST-2350
TXN-003709,2024-01-09,SOUTH,PROD-119,4,1410.43,CUST-1300
TXN-003710,2024-01-09,SOUTH,PROD-120,1,142.57,CUST-2980
TXN-003714,2024-01-09,SOUTH,PROD-102,4,492.26,CUST-2003
TXN-003727,2024-01-09,SOUTH,PROD-116,1,50.54,CUST-2732
TXN-003751,2024-01-09,SOUTH,PROD-115,2,287.57,CUST-2759
TXN-003758,2024-01-09,SOUTH,PROD-106,5,369.88,CUST-1948
TXN-003866,2024-01-09,SOUTH,PROD-113,3,81.05,CUST-1470
TXN-003877,2024-01-09,SOUTH,PROD-114,2,32.41,CUST-1418
TXN-003936,2024-01-09,SOUTH,PROD-104,5,4052.49,CUST-1431
TXN-003956,2024-01-09,SOUTH,PROD-108,5,374.86,CUST-2177
TXN-003972,2024-01-09,SOUTH,PROD-101,5,14727.37,CUST-1575
TXN-005141,2024-01-09,EAST,PROD-115,4,576.83,CUST-1966
TXN-005173,2024-01-09,EAST,PROD-117,5,959.46,CUST-2539
TXN-005184,2024-01-09,EAST,PROD-107,4,1199.08,CUST-2790
TXN-005256,2024-01-09,EAST,PROD-109,1,162.7,CUST-2449
TXN-005315,2024-01-09,EAST,PROD-118,3,60.09,CUST-1554
TXN-005345,2024-01-09,EAST,PROD-113,4,118.56,CUST-2467
TXN-005375,2024-01-09,EAST,PROD-108,3,212.42,CUST-1864
TXN-005404,2024-01-09,EAST,PROD-103,2,949.41,CUST-1061
TXN-005412,2024-01-09,EAST,PROD-102,1,113.03,CUST-2883
TXN-005435,2024-01-09,EAST,PROD-110,2,105.95,CUST-1277
TXN-005439,2024-01-09,EAST,PROD-113,4,108.44,CUST-2641
TXN-005472,2024-01-09,EAST,PROD-116,5,302.16,CUST-2542
TXN-006755,2024-01-09,WEST,PROD-103,5,2600.23,CUST-1378
TXN-006806,2024-01-09,WEST,PROD-107,4,1168.98,CUST-2924
TXN-006808,2024-01-09,WEST,PROD-102,5,592.11,CUST-2656
TXN-006812,2024-01-09,WEST,PROD-107,3,957.78,CUST-1045
TXN-006815,2024-01-09,WEST,PROD-116,1,52.23,CUST-1875
TXN-006870,2024-01-09,WEST,PROD-116,3,168.71,CUST-2402
TXN-006910,2024-01-09,WEST,PROD-115,5,725.89,CUST-1535
TXN-006932,2024-01-09,WEST,PROD-105,5,3563.26,CUST-1355
TXN-006959,2024-01-09,WEST,PROD-116,5,291.43,CUST-2451
TXN-006998,2024-01-09,WEST,PROD-117,5,980.75,CUST-2284
TXN-007008,2024-01-09,WEST,PROD-111,5,235.89,CUST-2994
TXN-007009,2024-01-09,WEST,PROD-109,5,868.53,CUST-2178
TXN-007018,2024-01-09,WEST,PROD-111,2,95.35,CUST-1833
TXN-007098,2024-01-09,WEST,PROD-119,1,349.21,CUST-1886
TXN-007131,2024-01-09,WEST,PROD-110,1,46.08,CUST-1200
TXN-007139,2024-01-09,WEST,PROD-117,2,375.85,CUST-1663
TXN-007140,2024-01-09,WEST,PROD-102,1,110.66,CUST-1908
TXN-007195,2024-01-09,WEST,PROD-119,4,1469.51,CUST-2480
TXN-008312,2024-01-09,CENTRAL,PROD-110,3,139.24,CUST-2615
TXN-008350,2024-01-09,CENTRAL,PROD-107,3,903.76,CUST-2489
TXN-008351,2024-01-09,CENTRAL,PROD-119,5,1607.0,CUST-2980
TXN-008407,2024-01-09,CENTRAL,PROD-111,1,52.16,CUST-1266
TXN-008408,2024-01-09,CENTRAL,PROD-101,3,8534.38,CUST-2015
TXN-008421,2024-01-09,CENTRAL,PROD-101,3,8286.02,CUST-2643
TXN-008425,2024-01-09,CENTRAL,PROD-114,3,46.69,CUST-2616
TXN-008434,2024-01-09,CENTRAL,PROD-119,4,1393.18,CUST-2299
TXN-008438,2024-01-09,CENTRAL,PROD-116,5,279.9,CUST-2752
TXN-008464,2024-01-09,CENTRAL,PROD-109,1,181.82,CUST-2350
TXN-008525,2024-01-09,CENTRAL,PROD-104,4,3892.57,CUST-2305
TXN-008556,2024-01-09,CENTRAL,PROD-105,4,2499.58,CUST-2738
TXN-008588,2024-01-09,CENTRAL,PROD-109,2,327.03,CUST-1598
TXN-001460,2024-01-10,NORTH,PROD-110,2,90.69,CUST-2891
TXN-001463,2024-01-10,NORTH,PROD-120,1,143.59,CUST-1169
TXN-001538,2024-01-10,NORTH,PROD-112,4,360.33,CUST-1483
TXN-001613,2024-01-10,NORTH,PROD-101,4,12282.01,CUST-1452
TXN-001621,2024-01-10,NORTH,PROD-112,3,288.46,CUST-1913
TXN-001635,2024-01-10,NORTH,PROD-114,2,29.93,CUST-2409
TXN-001694,2024-01-10,NORTH,PROD-120,5,689.4,CUST-1157
TXN-001696,2024-01-10,NORTH,PROD-116,4,220.17,CUST-2111
TXN-001734,2024-01-10,NORTH,PROD-114,4,57.79,CUST-2701
TXN-001756,2024-01-10,NORTH,PROD-101,5,13604.38,CUST-2515
TXN-001758,2024-01-10,NORTH,PROD-112,1,100.69,CUST-1485
TXN-003389,2024-01-10,SOUTH,PROD-113,2,58.2,CUST-2102
TXN-003408,2024-01-10,SOUTH,PROD-119,3,967.76,CUST-1245
TXN-003419,2024-01-10,SOUTH,PROD-117,1,189.0,CUST-2285
TXN-003479,2024-01-10,SOUTH,PROD-113,2,64.83,CUST-1779
TXN-003483,2024-01-10,SOUTH,PROD-109,1,194.87,CUST-2882
TXN-003502,2024-01-10,SOUTH,PROD-107,4,1140.19,CUST-1707
TXN-003587,2024-01-10,SOUTH,PROD-112,4,364.31,CUST-2283
TXN-003589,2024-01-10,SOUTH,PROD-101,2,6395.48,CUST-2763
TXN-003593,2024-01-10,SOUTH,PROD-108,1,71.62,CUST-2812
TXN-003640,2024-01-10,SOUTH,PROD-111,4,194.96,CUST-1623
TXN-003689,2024-01-10,SOUTH,PROD-116,1,54.25,CUST-1064
TXN-003701,2024-01-10,SOUTH,PROD-107,3,903.15,CUST-1843
TXN-003704,2024-01-10,SOUTH,PROD-107,3,938.24,CUST-2133
TXN-003774,2024-01-10,SOUTH,PROD-104,5,4863.69,CUST-1784
TXN-003786,2024-01-10,SOUTH,PROD-117,2,360.87,CUST-1208
TXN-003790,2024-01-10,SOUTH,PROD-112,1,106.01,CUST-2200
TXN-003879,2024-01-10,SOUTH,PROD-110,5,259.53,CUST-2309
TXN-003915,2024-01-10,SOUTH,PROD-118,3,55.18,CUST-1827
TXN-003945,2024-01-10,SOUTH,PROD-107,4,1106.46,CUST-1589
TXN-005143,2024-01-10,EAST,PROD-115,5,784.72,CUST-2748
TXN-005157,2024-01-10,EAST,PROD-114,3,47.95,CUST-1436
TXN-005164,2024-01-10,EAST,PROD-108,2,148.76,CUST-1280
TXN-005172,2024-01-10,EAST,PROD-110,2,102.99,CUST-1799
TXN-005214,2024-01-10,EAST,PROD-115,2,275.14,CUST-1685
TXN-005308,2024-01-10,EAST,PROD-115,3,407.1,CUST-2535
TXN-005360,2024-01-10,EAST,PROD-113,1,32.29,CUST-1125
TXN-005447,2024-01-10,EAST,PROD-107,1,307.19,CUST-2773
TXN-005449,2024-01-10,EAST,PROD-117,1,188.81,CUST-1021
TXN-005450,2024-01-10,EAST,PROD-104,4,3672.45,CUST-2658
TXN-005454,2024-01-10,EAST,PROD-113,2,56.75,CUST-2778
TXN-005476,2024-01-10,EAST,PROD-117,3,624.65,CUST-2376
TXN-005480,2024-01-10,EAST,PROD-102,4,471.96,CUST-1514
TXN-006775,2024-01-10,WEST,PROD-101,2,5766.74,CUST-2333
TXN-006822,2024-01-10,WEST,PROD-120,4,619.99,CUST-2058
TXN-006833,2024-01-10,WEST,PROD-109,5,969.57,CUST-2399
TXN-006859,2024-01-10,WEST,PROD-107,5,1427.4,CUST-2042
TXN-006871,2024-01-10,WEST,PROD-108,3,224.22,CUST-2460
TXN-006878,2024-01-10,WEST,PROD-103,1,481.7,CUST-1965
TXN-006933,2024-01-10,WEST,PROD-106,1,83.02,CUST-2795
TXN-006938,2024-01-10,WEST,PROD-113,1,28.17,CUST-1172
TXN-006967,2024-01-10,WEST,PROD-111,2,108.0,CUST-2662
TXN-006971,2024-01-10,WEST,PROD-118,1,18.68,CUST-2916
TXN-007050,2024-01-10,WEST,PROD-113,1,29.66,CUST-2249
TXN-007055,2024-01-10,WEST,PROD-104,3,2756.14,CUST-1339
TXN-007062,2024-01-10,WEST,PROD-120,3,463.35,CUST-2451
TXN-007082,2024-01-10,WEST,PROD-116,3,179.09,CUST-1201
TXN-007151,2024-01-10,WEST,PROD-104,5,4400.89,CUST-2177
TXN-007174,2024-01-10,WEST,PROD-111,3,146.29,CUST-1446
TXN-008328,2024-01-10,CENTRAL,PROD-119,1,381.67,CUST-1432
TXN-008369,2024-01-10,CENTRAL,PROD-106,4,338.3,CUST-2751
TXN-008379,2024-01-10,CENTRAL,PROD-120,5,818.3,CUST-1702
TXN-008391,2024-01-10,CENTRAL,PROD-120,1,160.0,CUST-1956
TXN-008417,2024-01-10,CENTRAL,PROD-117,1,207.85,CUST-1567
TXN-008499,2024-01-10,CENTRAL,PROD-117,5,956.3,CUST-2515
TXN-008508,2024-01-10,CENTRAL,PROD-115,4,615.27,CUST-2913
TXN-008524,2024-01-10,CENTRAL,PROD-112,1,103.86,CUST-1414
TXN-008555,2024-01-10,CENTRAL,PROD-106,4,315.8,CUST-1985
TXN-008566,2024-01-10,CENTRAL,PROD-105,2,1329.89,CUST-1021
TXN-001483,2024-01-11,NORTH,PROD-106,3,242.26,CUST-2378
TXN-001507,2024-01-11,NORTH,PROD-103,4,2104.14,CUST-1594
TXN-001515,2024-01-11,NORTH,PROD-102,4,443.31,CUST-2653
TXN-001555,2024-01-11,NORTH,PROD-105,1,674.98,CUST-1123
TXN-001603,2024-01-11,NORTH,PROD-119,2,691.7,CUST-1758
TXN-001605,2024-01-11,NORTH,PROD-112,2,194.9,CUST-2106
TXN-001608,2024-01-11,NORTH,PROD-105,1,711.11,CUST-2119
TXN-001646,2024-01-11,NORTH,PROD-111,3,143.12,CUST-2430
TXN-001697,2024-01-11,NORTH,PROD-118,5,90.31,CUST-2565
TXN-001717,2024-01-11,NORTH,PROD-116,5,292.08,CUST-2367
TXN-001718,2024-01-11,NORTH,PROD-106,5,383.91,CUST-2986
TXN-001749,2024-01-11,NORTH,PROD-119,4,1485.59,CUST-2524
TXN-001775,2024-01-11,NORTH,PROD-110,2,91.67,CUST-1753
TXN-003416,2024-01-11,SOUTH,PROD-102,5,541.66,CUST-1313
TXN-003417,2024-01-11,SOUTH,PROD-109,2,349.19,CUST-1411
TXN-003457,2024-01-11,SOUTH,PROD-119,4,1392.98,CUST-2441
TXN-003476,2024-01-11,SOUTH,PROD-102,3,377.97,CUST-2556
TXN-003500,2024-01-11,SOUTH,PROD-108,2,137.03,CUST-2713
TXN-003512,2024-01-11,SOUTH,PROD-118,2,37.81,CUST-1350
TXN-003514,2024-01-11,SOUTH,PROD-113,4,128.81,CUST-1952
TXN-003533,2024-01-11,SOUTH,PROD-116,3,166.78,CUST-2183
TXN-003535,2024-01-11,SOUTH,PROD-119,2,729.11,CUST-2249
TXN-003543,2024-01-11,SOUTH,PROD-112,5,498.21,CUST-1300
TXN-003555,2024-01-11,SOUTH,PROD-101,1,2731.44,CUST-1669
TXN-003590,2024-01-11,SOUTH,PROD-107,4,1307.19,CUST-1796
TXN-003620,2024-01-11,SOUTH,PROD-112,4,396.02,CUST-2105
TXN-003628,2024-01-11,SOUTH,PROD-116,1,53.07,CUST-2714
TXN-003649,2024-01-11,SOUTH,PROD-108,5,383.83,CUST-1071
TXN-003650,2024-01-11,SOUTH,PROD-110,5,263.81,CUST-2751
TXN-003705,2024-01-11,SOUTH,PROD-107,4,1219.58,CUST-1356
TXN-003789,2024-01-11,SOUTH,PROD-120,4,581.59,CUST-1669
TXN-003848,2024-01-11,SOUTH,PROD-114,3,49.09,CUST-2540
TXN-003851,2024-01-11,SOUTH,PROD-105,1,699.94,CUST-1492
TXN-003855,2024-01-11,SOUTH,PROD-101,1,2989.67,CUST-2689
TXN-003864,2024-01-11,SOUTH,PROD-119,2,692.88,CUST-1615
TXN-003883,2024-01-11,SOUTH,PROD-104,5,4739.35,CUST-2597
TXN-003908,2024-01-11,SOUTH,PROD-106,1,85.9,CUST-2908
TXN-005138,2024-01-11,EAST,PROD-116,3,168.76,CUST-1919
TXN-005190,2024-01-11,EAST,PROD-119,1,377.11,CUST-1047
TXN-005196,2024-01-11,EAST,PROD-117,5,1050.12,CUST-2546
TXN-005198,2024-01-11,EAST,PROD-107,2,620.78,CUST-1041
TXN-005204,2024-01-11,EAST,PROD-118,1,21.41,CUST-2469
TXN-005226,2024-01-11,EAST,PROD-118,3,58.89,CUST-1544
TXN-005332,2024-01-11,EAST,PROD-110,5,274.39,CUST-2948
TXN-005342,2024-01-11,EAST,PROD-108,3,206.31,CUST-1062
TXN-005421,2024-01-11,EAST,PROD-108,3,211.23,CUST-2447
TXN-005474,2024-01-11,EAST,PROD-110,2,100.58,CUST-2590
TXN-005478,2024-01-11,EAST,PROD-109,4,746.63,CUST-1825
TXN-006756,2024-01-11,WEST,PROD-118,1,20.51,CUST-2727
TXN-006765,2024-01-11,WEST,PROD-120,1,154.51,CUST-1878
TXN-006786,2024-01-11,WEST,PROD-114,3,40.55,CUST-2644
TXN-006817,2024-01-11,WEST,PROD-120,1,160.17,CUST-1964
TXN-006842,2024-01-11,WEST,PROD-115,1,144.01,CUST-1069
TXN-006857,2024-01-11,WEST,PROD-114,2,27.29,CUST-1398
TXN-006872,2024-01-11,WEST,PROD-105,5,3155.14,CUST-1390
TXN-006923,2024-01-11,WEST,PROD-120,5,683.64,CUST-2183
TXN-006939,2024-01-11,WEST,PROD-112,3,281.72,CUST-1111
TXN-006946,2024-01-11,WEST,PROD-110,1,52.82,CUST-2520
TXN-006990,2024-01-11,WEST,PROD-108,5,326.75,CUST-2471
TXN-007025,2024-01-11,WEST,PROD-119,4,1442.58,CUST-1318
TXN-007056,2024-01-11,WEST,PROD-107,1,295.76,CUST-1565
TXN-007078,2024-01-11,WEST,PROD-112,4,377.08,CUST-2363
TXN-007079,2024-01-11,WEST,PROD-105,2,1393.76,CUST-2099
TXN-007100,2024-01-11,WEST,PROD-104,4,3890.74,CUST-1320
TXN-007119,2024-01-11,WEST,PROD-106,4,303.15,CUST-2494
TXN-007156,2024-01-11,WEST,PROD-108,5,362.67,CUST-1793
TXN-007159,2024-01-11,WEST,PROD-104,5,4455.52,CUST-1109
TXN-008358,2024-01-11,CENTRAL,PROD-119,3,1139.37,CUST-2512
TXN-008433,2024-01-11,CENTRAL,PROD-104,4,3455.26,CUST-2061
TXN-008439,2024-01-11,CENTRAL,PROD-101,3,9303.6,CUST-2574
TXN-008442,2024-01-11,CENTRAL,PROD-114,4,54.69,CUST-1175
TXN-008487,2024-01-11,CENTRAL,PROD-111,2,100.51,CUST-1215
TXN-008537,2024-01-11,CENTRAL,PROD-106,1,82.0,CUST-2186
TXN-008560,2024-01-11,CENTRAL,PROD-117,1,207.31,CUST-2126
TXN-008579,2024-01-11,CENTRAL,PROD-111,5,244.2,CUST-2639
TXN-008591,2024-01-11,CENTRAL,PROD-103,5,2296.3,CUST-2989
TXN-001435,2024-01-12,NORTH,PROD-103,5,2254.01,CUST-2046
TXN-001438,2024-01-12,NORTH,PROD-104,3,2897.43,CUST-1482
TXN-001473,2024-01-12,NORTH,PROD-102,3,378.36,CUST-1238
TXN-001505,2024-01-12,NORTH,PROD-111,3,146.99,CUST-2295
TXN-001540,2024-01-12,NORTH,PROD-118,5,94.34,CUST-2578
TXN-001568,2024-01-12,NORTH,PROD-110,2,102.93,CUST-1186
TXN-001572,2024-01-12,NORTH,PROD-115,1,160.8,CUST-1145
TXN-001577,2024-01-12,NORTH,PROD-102,1,117.18,CUST-1954
TXN-001584,2024-01-12,NORTH,PROD-115,4,600.13,CUST-2699
TXN-001642,2024-01-12,NORTH,PROD-106,1,76.35,CUST-1860
TXN-001649,2024-01-12,NORTH,PROD-116,4,212.94,CUST-2866
TXN-001666,2024-01-12,NORTH,PROD-106,5,422.41,CUST-2256
TXN-001709,2024-01-12,NORTH,PROD-112,4,388.06,CUST-2355
TXN-003371,2024-01-12,SOUTH,PROD-106,5,401.43,CUST-2844
TXN-003377,2024-01-12,SOUTH,PROD-102,4,509.8,CUST-2864
TXN-003432,2024-01-12,SOUTH,PROD-108,2,134.01,CUST-2498
TXN-003437,2024-01-12,SOUTH,PROD-107,4,1181.03,CUST-1856
TXN-003439,2024-01-12,SOUTH,PROD-111,3,154.93,CUST-1273
TXN-003467,2024-01-12,SOUTH,PROD-111,1,53.85,CUST-1142
TXN-003481,2024-01-12,SOUTH,PROD-117,4,785.11,CUST-1701
TXN-003509,2024-01-12,SOUTH,PROD-120,1,152.07,CUST-2490
TXN-003524,2024-01-12,SOUTH,PROD-104,1,981.52,CUST-2446
TXN-003564,2024-01-12,SOUTH,PROD-111,1,49.12,CUST-2538
TXN-003617,2024-01-12,SOUTH,PROD-115,3,474.03,CUST-1303
TXN-003664,2024-01-12,SOUTH,PROD-114,1,15.61,CUST-2839
TXN-003671,2024-01-12,SOUTH,PROD-118,3,59.7,CUST-2989
TXN-003686,2024-01-12,SOUTH,PROD-113,4,122.51,CUST-2776
TXN-003743,2024-01-12,SOUTH,PROD-113,1,29.94,CUST-2484
TXN-003784,2024-01-12,SOUTH,PROD-117,5,995.37,CUST-2913
TXN-003825,2024-01-12,SOUTH,PROD-112,5,458.71,CUST-1339
TXN-003886,2024-01-12,SOUTH,PROD-106,4,339.58,CUST-2117
TXN-003948,2024-01-12,SOUTH,PROD-110,2,98.97,CUST-2410
TXN-003953,2024-01-12,SOUTH,PROD-117,3,622.76,CUST-1557
TXN-005193,2024-01-12,EAST,PROD-111,2,101.19,CUST-1871
TXN-005210,2024-01-12,EAST,PROD-117,5,980.14,CUST-1503
TXN-005265,2024-01-12,EAST,PROD-103,4,2136.75,CUST-2625
TXN-005354,2024-01-12,EAST,PROD-107,4,1154.74,CUST-2948
TXN-005367,2024-01-12,EAST,PROD-101,4,12564.99,CUST-1892
TXN-005417,2024-01-12,EAST,PROD-120,1,156.64,CUST-1530
TXN-005485,2024-01-12,EAST,PROD-120,2,283.05,CUST-2084
TXN-006743,2024-01-12,WEST,PROD-107,2,553.77,CUST-1455
TXN-006749,2024-01-12,WEST,PROD-110,3,150.45,CUST-1682
TXN-006809,2024-01-12,WEST,PROD-110,2,95.67,CUST-2490
TXN-006890,2024-01-12,WEST,PROD-114,1,13.73,CUST-2412
TXN-006934,2024-01-12,WEST,PROD-119,4,1468.44,CUST-1496
TXN-006973,2024-01-12,WEST,PROD-110,4,190.5,CUST-2956
TXN-006981,2024-01-12,WEST,PROD-114,5,76.8,CUST-1487
TXN-007004,2024-01-12,WEST,PROD-107,1,296.2,CUST-2045
TXN-007019,2024-01-12,WEST,PROD-111,1,52.66,CUST-2595
TXN-007023,2024-01-12,WEST,PROD-117,2,364.86,CUST-1226
TXN-007034,2024-01-12,WEST,PROD-117,4,784.0,CUST-2530
TXN-007042,2024-01-12,WEST,PROD-114,4,62.82,CUST-2896
TXN-007049,2024-01-12,WEST,PROD-113,4,123.35,CUST-1547
TXN-007080,2024-01-12,WEST,PROD-112,3,303.13,CUST-2709
TXN-007147,2024-01-12,WEST,PROD-101,4,11810.52,CUST-1989
TXN-007169,2024-01-12,WEST,PROD-109,5,811.84,CUST-2772
TXN-008337,2024-01-12,CENTRAL,PROD-113,1,27.01,CUST-2981
TXN-008365,2024-01-12,CENTRAL,PROD-118,4,73.11,CUST-2707
TXN-008406,2024-01-12,CENTRAL,PROD-108,3,224.82,CUST-2858
TXN-008415,2024-01-12,CENTRAL,PROD-113,5,140.61,CUST-2478
TXN-008488,2024-01-12,CENTRAL,PROD-103,5,2328.36,CUST-1298
TXN-008492,2024-01-12,CENTRAL,PROD-112,4,414.8,CUST-2586
TXN-008510,2024-01-12,CENTRAL,PROD-110,1,46.25,CUST-2054
TXN-008527,2024-01-12,CENTRAL,PROD-111,5,236.99,CUST-1594
TXN-008528,2024-01-12,CENTRAL,PROD-112,5,546.29,CUST-2819
TXN-008593,2024-01-12,CENTRAL,PROD-104,2,1700.55,CUST-2801
TXN-008605,2024-01-12,CENTRAL,PROD-120,5,678.09,CUST-2736
TXN-001436,2024-01-13,NORTH,PROD-105,3,1779.31,CUST-2846
TXN-001440,2024-01-13,NORTH,PROD-113,4,118.41,CUST-1433
TXN-001442,2024-01-13,NORTH,PROD-112,4,372.3,CUST-2788
TXN-001476,2024-01-13,NORTH,PROD-116,3,153.26,CUST-2783
TXN-001478,2024-01-13,NORTH,PROD-111,5,259.09,CUST-1085
TXN-001489,2024-01-13,NORTH,PROD-119,2,755.42,CUST-2425
TXN-001509,2024-01-13,NORTH,PROD-107,3,935.23,CUST-2836
TXN-001573,2024-01-13,NORTH,PROD-111,5,226.59,CUST-1873
TXN-001607,2024-01-13,NORTH,PROD-116,2,119.83,CUST-2901
TXN-001630,2024-01-13,NORTH,PROD-110,5,249.48,CUST-2686
TXN-001677,2024-01-13,NORTH,PROD-110,4,203.97,CUST-1639
TXN-001715,2024-01-13,NORTH,PROD-119,4,1350.24,CUST-1201
TXN-001760,2024-01-13,NORTH,PROD-109,3,495.72,CUST-2685
TXN-003409,2024-01-13,SOUTH,PROD-107,1,303.27,CUST-2020
TXN-003412,2024-01-13,SOUTH,PROD-106,1,84.19,CUST-2652
TXN-003444,2024-01-13,SOUTH,PROD-105,4,2396.46,CUST-2336
TXN-003447,2024-01-13,SOUTH,PROD-117,4,748.81,CUST-1908
TXN-003464,2024-01-13,SOUTH,PROD-116,2,115.86,CUST-2201
TXN-003480,2024-01-13,SOUTH,PROD-102,3,374.14,CUST-1688
TXN-003578,2024-01-13,SOUTH,PROD-107,2,604.33,CUST-2875
TXN-003585,2024-01-13,SOUTH,PROD-104,2,1692.03,CUST-2168
TXN-003685,2024-01-13,SOUTH,PROD-101,2,6205.97,CUST-2907
TXN-003711,2024-01-13,SOUTH,PROD-118,4,72.02,CUST-1387
TXN-003767,2024-01-13,SOUTH,PROD-105,1,622.33,CUST-2084
TXN-003769,2024-01-13,SOUTH,PROD-117,4,873.89,CUST-2932
TXN-003775,2024-01-13,SOUTH,PROD-110,3,135.69,CUST-1998
TXN-003821,2024-01-13,SOUTH,PROD-103,1,458.2,CUST-2631
TXN-003895,2024-01-13,SOUTH,PROD-111,3,140.95,CUST-1086
TXN-003905,2024-01-13,SOUTH,PROD-105,3,1887.55,CUST-1844
TXN-003940,2024-01-13,SOUTH,PROD-117,3,593.18,CUST-1413
TXN-005207,2024-01-13,EAST,PROD-103,3,1629.77,CUST-2629
TXN-005209,2024-01-13,EAST,PROD-105,4,2380.97,CUST-2414
TXN-005252,2024-01-13,EAST,PROD-105,3,1858.13,CUST-1342
TXN-005269,2024-01-13,EAST,PROD-117,4,735.84,CUST-1782
TXN-005271,2024-01-13,EAST,PROD-115,2,273.35,CUST-2905
TXN-005283,2024-01-13,EAST,PROD-116,2,103.07,CUST-1052
TXN-005301,2024-01-13,EAST,PROD-102,2,221.06,CUST-2178
TXN-005307,2024-01-13,EAST,PROD-102,1,119.99,CUST-1552
TXN-005326,2024-01-13,EAST,PROD-101,1,3047.78,CUST-2753
TXN-005334,2024-01-13,EAST,PROD-108,1,63.7,CUST-2887
TXN-005351,2024-01-13,EAST,PROD-105,1,654.0,CUST-2026
TXN-005401,2024-01-13,EAST,PROD-109,1,174.49,CUST-1202
TXN-006794,2024-01-13,WEST,PROD-111,5,238.31,CUST-2535
TXN-006799,2024-01-13,WEST,PROD-103,5,2374.98,CUST-2710
TXN-006818,2024-01-13,WEST,PROD-111,1,47.58,CUST-1256
TXN-006892,2024-01-13,WEST,PROD-111,1,45.86,CUST-1209
TXN-006898,2024-01-13,WEST,PROD-113,5,161.51,CUST-2451
TXN-006900,2024-01-13,WEST,PROD-111,5,254.26,CUST-1035
TXN-006954,2024-01-13,WEST,PROD-118,2,39.32,CUST-2032
TXN-006977,2024-01-13,WEST,PROD-109,2,326.52,CUST-2845
TXN-006978,2024-01-13,WEST,PROD-111,3,147.91,CUST-1276
TXN-007021,2024-01-13,WEST,PROD-115,5,764.78,CUST-1487
TXN-007024,2024-01-13,WEST,PROD-107,1,275.14,CUST-2509
TXN-007122,2024-01-13,WEST,PROD-114,5,69.01,CUST-2660
TXN-007138,2024-01-13,WEST,PROD-105,2,1177.24,CUST-1153
TXN-007143,2024-01-13,WEST,PROD-110,4,216.27,CUST-1095
TXN-007154,2024-01-13,WEST,PROD-109,5,887.24,CUST-1612
TXN-007186,2024-01-13,WEST,PROD-109,5,955.59,CUST-2559
TXN-008302,2024-01-13,CENTRAL,PROD-113,1,30.18,CUST-2107
TXN-008336,2024-01-13,CENTRAL,PROD-113,4,128.59,CUST-2562
TXN-008354,2024-01-13,CENTRAL,PROD-108,4,283.17,CUST-1181
TXN-008378,2024-01-13,CENTRAL,PROD-109,4,749.34,CUST-1038
TXN-008382,2024-01-13,CENTRAL,PROD-115,2,293.21,CUST-1372
TXN-008386,2024-01-13,CENTRAL,PROD-119,5,1728.54,CUST-1325
TXN-008523,2024-01-13,CENTRAL,PROD-112,2,212.19,CUST-2930
TXN-008539,2024-01-13,CENTRAL,PROD-102,5,621.75,CUST-1497
TXN-008545,2024-01-13,CENTRAL,PROD-110,1,45.32,CUST-2451
TXN-008569,2024-01-13,CENTRAL,PROD-109,5,879.9,CUST-1857
TXN-008576,2024-01-13,CENTRAL,PROD-103,2,1002.92,CUST-2008
TXN-008619,2024-01-13,CENTRAL,PROD-102,2,226.62,CUST-1823
TXN-001421,2024-01-14,NORTH,PROD-108,5,332.01,CUST-1326
TXN-001439,2024-01-14,NORTH,PROD-119,4,1435.02,CUST-2458
TXN-001471,2024-01-14,NORTH,PROD-113,2,61.91,CUST-2487
TXN-001477,2024-01-14,NORTH,PROD-101,3,9768.97,CUST-1920
TXN-001557,2024-01-14,NORTH,PROD-106,3,226.52,CUST-1605
TXN-001673,2024-01-14,NORTH,PROD-107,5,1418.22,CUST-1232
TXN-001686,2024-01-14,NORTH,PROD-116,3,173.71,CUST-2569
TXN-001719,2024-01-14,NORTH,PROD-107,4,1232.47,CUST-2995
TXN-001724,2024-01-14,NORTH,PROD-107,3,953.19,CUST-2335
TXN-001739,2024-01-14,NORTH,PROD-114,1,14.1,CUST-1559
TXN-001767,2024-01-14,NORTH,PROD-120,5,785.62,CUST-1929
TXN-003516,2024-01-14,SOUTH,PROD-101,2,6345.9,CUST-1782
TXN-003566,2024-01-14,SOUTH,PROD-113,2,60.56,CUST-1184
TXN-003619,2024-01-14,SOUTH,PROD-103,5,2376.55,CUST-1282
TXN-003631,2024-01-14,SOUTH,PROD-104,2,1850.55,CUST-1930
TXN-003639,2024-01-14,SOUTH,PROD-112,4,360.81,CUST-2224
TXN-003641,2024-01-14,SOUTH,PROD-120,5,812.88,CUST-2301
TXN-003658,2024-01-14,SOUTH,PROD-104,2,1968.66,CUST-1158
TXN-003690,2024-01-14,SOUTH,PROD-103,5,2292.38,CUST-2827
TXN-003728,2024-01-14,SOUTH,PROD-108,2,138.85,CUST-1340
TXN-003735,2024-01-14,SOUTH,PROD-117,3,578.62,CUST-2023
TXN-003752,2024-01-14,SOUTH,PROD-109,2,340.48,CUST-1639
TXN-003756,2024-01-14,SOUTH,PROD-106,2,144.53,CUST-2969
TXN-003816,2024-01-14,SOUTH,PROD-113,4,111.66,CUST-1970
TXN-003819,2024-01-14,SOUTH,PROD-108,3,199.19,CUST-2648
TXN-003842,2024-01-14,SOUTH,PROD-114,1,16.28,CUST-2369
TXN-003859,2024-01-14,SOUTH,PROD-102,4,524.51,CUST-2211
TXN-003868,2024-01-14,SOUTH,PROD-102,1,127.25,CUST-1561
TXN-003903,2024-01-14,SOUTH,PROD-110,1,53.58,CUST-1113
TXN-003927,2024-01-14,SOUTH,PROD-107,5,1550.01,CUST-1395
TXN-003943,2024-01-14,SOUTH,PROD-102,3,324.19,CUST-1950
TXN-005203,2024-01-14,EAST,PROD-102,5,547.04,CUST-2088
TXN-005230,2024-01-14,EAST,PROD-105,5,3491.98,CUST-1540
TXN-005275,2024-01-14,EAST,PROD-118,5,90.58,CUST-1695
TXN-005362,2024-01-14,EAST,PROD-114,1,13.65,CUST-1262
TXN-005371,2024-01-14,EAST,PROD-108,3,205.05,CUST-2980
TXN-005391,2024-01-14,EAST,PROD-109,5,942.83,CUST-1730
TXN-005426,2024-01-14,EAST,PROD-101,5,15570.73,CUST-1228
TXN-005486,2024-01-14,EAST,PROD-117,4,817.14,CUST-1833
TXN-005492,2024-01-14,EAST,PROD-103,3,1528.82,CUST-1921
TXN-006797,2024-01-14,WEST,PROD-119,4,1427.94,CUST-2588
TXN-006803,2024-01-14,WEST,PROD-106,5,419.52,CUST-1554
TXN-006804,2024-01-14,WEST,PROD-107,2,636.69,CUST-2382
TXN-006832,2024-01-14,WEST,PROD-101,1,2930.61,CUST-2357
TXN-006983,2024-01-14,WEST,PROD-105,2,1389.25,CUST-1048
TXN-007036,2024-01-14,WEST,PROD-101,3,8541.06,CUST-1316
TXN-007060,2024-01-14,WEST,PROD-112,4,422.37,CUST-2193
TXN-007065,2024-01-14,WEST,PROD-119,2,763.08,CUST-2487
TXN-007104,2024-01-14,WEST,PROD-116,2,107.08,CUST-2380
TXN-007112,2024-01-14,WEST,PROD-113,2,57.74,CUST-2459
TXN-007183,2024-01-14,WEST,PROD-117,4,865.17,CUST-2830
TXN-008327,2024-01-14,CENTRAL,PROD-108,5,323.88,CUST-2850
TXN-008346,2024-01-14,CENTRAL,PROD-119,2,722.7,CUST-1076
TXN-008362,2024-01-14,CENTRAL,PROD-107,4,1160.71,CUST-2017
TXN-008375,2024-01-14,CENTRAL,PROD-109,4,737.02,CUST-2553
TXN-008394,2024-01-14,CENTRAL,PROD-117,3,588.73,CUST-2131
TXN-008467,2024-01-14,CENTRAL,PROD-101,3,8378.1,CUST-2269
TXN-008559,2024-01-14,CENTRAL,PROD-108,4,285.22,CUST-2334
TXN-008621,2024-01-14,CENTRAL,PROD-105,3,1931.91,CUST-1680
TXN-001448,2024-01-15,NORTH,PROD-113,3,85.03,CUST-1870
TXN-001511,2024-01-15,NORTH,PROD-107,2,544.27,CUST-1052
TXN-001554,2024-01-15,NORTH,PROD-107,3,985.57,CUST-1415
TXN-001571,2024-01-15,NORTH,PROD-105,4,2436.13,CUST-2785
TXN-001614,2024-01-15,NORTH,PROD-112,1,96.52,CUST-2246
TXN-001623,2024-01-15,NORTH,PROD-114,4,57.43,CUST-2651
TXN-001672,2024-01-15,NORTH,PROD-104,2,1920.49,CUST-1778
TXN-001779,2024-01-15,NORTH,PROD-107,3,936.2,CUST-1346
TXN-003392,2024-01-15,SOUTH,PROD-106,2,166.78,CUST-1150
TXN-003431,2024-01-15,SOUTH,PROD-116,2,108.97,CUST-2802
TXN-003438,2024-01-15,SOUTH,PROD-115,4,654.24,CUST-1950
TXN-003445,2024-01-15,SOUTH,PROD-110,5,245.56,CUST-1409
TXN-003466,2024-01-15,SOUTH,PROD-101,4,13071.81,CUST-2161
TXN-003490,2024-01-15,SOUTH,PROD-111,1,51.12,CUST-1116
TXN-003497,2024-01-15,SOUTH,PROD-106,5,360.46,CUST-1361
TXN-003515,2024-01-15,SOUTH,PROD-105,2,1361.82,CUST-1790
TXN-003600,2024-01-15,SOUTH,PROD-107,1,325.15,CUST-2525
TXN-003614,2024-01-15,SOUTH,PROD-116,5,256.47,CUST-2349
TXN-003651,2024-01-15,SOUTH,PROD-107,5,1473.13,CUST-1022
TXN-003654,2024-01-15,SOUTH,PROD-109,5,879.82,CUST-2895
TXN-003744,2024-01-15,SOUTH,PROD-114,1,14.8,CUST-1714
TXN-003780,2024-01-15,SOUTH,PROD-115,3,484.38,CUST-1949
TXN-003783,2024-01-15,SOUTH,PROD-113,4,109.84,CUST-1603
TXN-003831,2024-01-15,SOUTH,PROD-120,3,419.14,CUST-2590
TXN-003847,2024-01-15,SOUTH,PROD-113,3,89.06,CUST-2671
TXN-003969,2024-01-15,SOUTH,PROD-114,5,82.38,CUST-1149
TXN-005145,2024-01-15,EAST,PROD-104,3,2743.48,CUST-2439
TXN-005179,2024-01-15,EAST,PROD-118,5,103.16,CUST-2357
TXN-005237,2024-01-15,EAST,PROD-109,3,567.44,CUST-1719
TXN-005239,2024-01-15,EAST,PROD-105,4,2404.07,CUST-1545
TXN-005276,2024-01-15,EAST,PROD-116,5,264.67,CUST-1123
TXN-005316,2024-01-15,EAST,PROD-102,5,558.88,CUST-1459
TXN-005343,2024-01-15,EAST,PROD-111,4,217.69,CUST-2244
TXN-005361,2024-01-15,EAST,PROD-120,2,283.12,CUST-1542
TXN-005419,2024-01-15,EAST,PROD-117,3,644.05,CUST-2887
TXN-005434,2024-01-15,EAST,PROD-117,1,180.58,CUST-2334
TXN-005440,2024-01-15,EAST,PROD-112,1,98.73,CUST-2414
TXN-005469,2024-01-15,EAST,PROD-105,1,631.54,CUST-1905
TXN-006784,2024-01-15,WEST,PROD-114,3,46.78,CUST-2921
TXN-006866,2024-01-15,WEST,PROD-115,4,560.73,CUST-1847
TXN-006868,2024-01-15,WEST,PROD-118,3,62.33,CUST-2044
TXN-006873,2024-01-15,WEST,PROD-115,3,484.0,CUST-2781
TXN-006894,2024-01-15,WEST,PROD-109,4,709.36,CUST-1639
TXN-006911,2024-01-15,WEST,PROD-110,3,159.8,CUST-1006
TXN-006964,2024-01-15,WEST,PROD-109,5,871.08,CUST-2011
TXN-006966,2024-01-15,WEST,PROD-104,2,1839.6,CUST-1181
TXN-007087,2024-01-15,WEST,PROD-104,3,2646.21,CUST-2215
TXN-007088,2024-01-15,WEST,PROD-104,3,2823.92,CUST-2010
TXN-007095,2024-01-15,WEST,PROD-112,5,517.73,CUST-2350
TXN-007136,2024-01-15,WEST,PROD-114,5,71.97,CUST-1205
TXN-007163,2024-01-15,WEST,PROD-109,2,332.47,CUST-1681
TXN-007173,2024-01-15,WEST,PROD-108,3,224.72,CUST-1984
TXN-007188,2024-01-15,WEST,PROD-113,5,142.72,CUST-2549
TXN-008334,2024-01-15,CENTRAL,PROD-110,4,198.82,CUST-2759
TXN-008338,2024-01-15,CENTRAL,PROD-113,2,55.93,CUST-2126
TXN-008390,2024-01-15,CENTRAL,PROD-101,1,2769.37,CUST-1688
TXN-008441,2024-01-15,CENTRAL,PROD-101,4,12865.68,CUST-1964
TXN-008446,2024-01-15,CENTRAL,PROD-109,3,550.58,CUST-2205
TXN-008449,2024-01-15,CENTRAL,PROD-101,3,9749.97,CUST-2035
TXN-008484,2024-01-15,CENTRAL,PROD-107,5,1457.63,CUST-2550
TXN-008511,2024-01-15,CENTRAL,PROD-105,3,2042.27,CUST-2664
TXN-008516,2024-01-15,CENTRAL,PROD-109,1,177.7,CUST-1272
TXN-008538,2024-01-15,CENTRAL,PROD-119,2,661.21,CUST-2139
TXN-008551,2024-01-15,CENTRAL,PROD-117,1,210.1,CUST-1845
TXN-008590,2024-01-15,CENTRAL,PROD-104,3,2504.11,CUST-1512
TXN-008604,2024-01-15,CENTRAL,PROD-110,5,266.54,CUST-1833
TXN-008614,2024-01-15,CENTRAL,PROD-110,3,159.08,CUST-1412
TXN-001422,2024-01-16,NORTH,PROD-113,1,29.03,CUST-2667
TXN-001452,2024-01-16,NORTH,PROD-112,1,101.6,CUST-2970
TXN-001458,2024-01-16,NORTH,PROD-115,5,810.85,CUST-2176
TXN-001462,2024-01-16,NORTH,PROD-119,2,710.18,CUST-2345
TXN-001475,2024-01-16,NORTH,PROD-118,2,39.02,CUST-2446
TXN-001496,2024-01-16,NORTH,PROD-104,2,1814.61,CUST-1884
TXN-001537,2024-01-16,NORTH,PROD-120,1,153.81,CUST-2603
TXN-001547,2024-01-16,NORTH,PROD-117,1,182.83,CUST-1482
TXN-001552,2024-01-16,NORTH,PROD-102,4,445.88,CUST-2901
TXN-001560,2024-01-16,NORTH,PROD-107,5,1492.0,CUST-1948
TXN-001566,2024-01-16,NORTH,PROD-104,4,3596.57,CUST-1171
TXN-001581,2024-01-16,NORTH,PROD-119,2,735.42,CUST-2559
TXN-001612,2024-01-16,NORTH,PROD-102,2,248.52,CUST-1240
TXN-001637,2024-01-16,NORTH,PROD-103,5,2622.73,CUST-2191
TXN-001638,2024-01-16,NORTH,PROD-119,4,1503.09,CUST-2287
TXN-001660,2024-01-16,NORTH,PROD-114,1,14.08,CUST-1068
TXN-001681,2024-01-16,NORTH,PROD-104,4,3555.36,CUST-2349
TXN-001691,2024-01-16,NORTH,PROD-108,2,126.81,CUST-2512
TXN-001701,2024-01-16,NORTH,PROD-114,2,28.86,CUST-1797
TXN-001702,2024-01-16,NORTH,PROD-104,5,4657.47,CUST-2352
TXN-001705,2024-01-16,NORTH,PROD-119,4,1432.7,CUST-1723
TXN-003411,2024-01-16,SOUTH,PROD-104,1,851.15,CUST-2707
TXN-003472,2024-01-16,SOUTH,PROD-101,5,16173.09,CUST-1856
TXN-003495,2024-01-16,SOUTH,PROD-107,4,1225.27,CUST-1382
TXN-003496,2024-01-16,SOUTH,PROD-110,5,268.2,CUST-1126
TXN-003511,2024-01-16,SOUTH,PROD-112,4,383.98,CUST-2002
TXN-003522,2024-01-16,SOUTH,PROD-120,4,591.9,CUST-2941
TXN-003525,2024-01-16,SOUTH,PROD-120,3,417.71,CUST-2063
TXN-003539,2024-01-16,SOUTH,PROD-115,5,810.01,CUST-2940
TXN-003574,2024-01-16,SOUTH,PROD-101,4,12120.03,CUST-1083
TXN-003576,2024-01-16,SOUTH,PROD-101,3,9363.25,CUST-2192
TXN-003643,2024-01-16,SOUTH,PROD-111,3,135.9,CUST-2435
TXN-003644,2024-01-16,SOUTH,PROD-113,5,158.04,CUST-1866
TXN-003647,2024-01-16,SOUTH,PROD-103,4,1900.82,CUST-1189
TXN-003708,2024-01-16,SOUTH,PROD-112,2,195.65,CUST-2469
TXN-003741,2024-01-16,SOUTH,PROD-101,5,14232.17,CUST-2429
TXN-003746,2024-01-16,SOUTH,PROD-106,2,150.99,CUST-2200
TXN-003763,2024-01-16,SOUTH,PROD-105,2,1232.88,CUST-2248
TXN-003808,2024-01-16,SOUTH,PROD-109,3,587.48,CUST-1616
TXN-003809,2024-01-16,SOUTH,PROD-113,1,32.7,CUST-1616
TXN-003818,2024-01-16,SOUTH,PROD-116,4,223.85,CUST-1831
TXN-003824,2024-01-16,SOUTH,PROD-106,1,74.13,CUST-2728
TXN-003919,2024-01-16,SOUTH,PROD-102,4,509.67,CUST-1832
TXN-003923,2024-01-16,SOUTH,PROD-107,2,560.31,CUST-2961
TXN-003931,2024-01-16,SOUTH,PROD-101,1,2943.32,CUST-1392
TXN-003960,2024-01-16,SOUTH,PROD-107,2,553.0,CUST-1628
TXN-003964,2024-01-16,SOUTH,PROD-120,2,323.39,CUST-1666
TXN-005148,2024-01-16,EAST,PROD-117,5,906.01,CUST-1400
TXN-005154,2024-01-16,EAST,PROD-118,4,75.1,CUST-1585
TXN-005176,2024-01-16,EAST,PROD-111,5,242.38,CUST-2065
TXN-005189,2024-01-16,EAST,PROD-118,1,19.09,CUST-2877
TXN-005245,2024-01-16,EAST,PROD-107,5,1490.92,CUST-2336
TXN-005387,2024-01-16,EAST,PROD-110,2,92.49,CUST-1642
TXN-005453,2024-01-16,EAST,PROD-112,5,548.86,CUST-2431
TXN-005464,2024-01-16,EAST,PROD-117,1,193.64,CUST-1532
TXN-006764,2024-01-16,WEST,PROD-120,4,602.52,CUST-2510
TXN-006845,2024-01-16,WEST,PROD-114,2,31.51,CUST-2792
TXN-006986,2024-01-16,WEST,PROD-119,3,1084.7,CUST-1916
TXN-007007,2024-01-16,WEST,PROD-117,1,204.42,CUST-1818
TXN-007010,2024-01-16,WEST,PROD-111,2,91.57,CUST-1732
TXN-007035,2024-01-16,WEST,PROD-104,3,2606.17,CUST-1559
TXN-007038,2024-01-16,WEST,PROD-109,4,739.11,CUST-1283
TXN-007039,2024-01-16,WEST,PROD-105,1,666.78,CUST-2535
TXN-007106,2024-01-16,WEST,PROD-102,4,444.26,CUST-2094
TXN-007120,2024-01-16,WEST,PROD-119,3,1093.55,CUST-2639
TXN-007126,2024-01-16,WEST,PROD-118,5,106.07,CUST-1301
TXN-007149,2024-01-16,WEST,PROD-105,1,621.64,CUST-2073
TXN-008316,2024-01-16,CENTRAL,PROD-104,1,933.02,CUST-1743
TXN-008335,2024-01-16,CENTRAL,PROD-109,1,178.52,CUST-1453
TXN-008355,2024-01-16,CENTRAL,PROD-101,3,9106.37,CUST-2487
TXN-008364,2024-01-16,CENTRAL,PROD-116,4,214.07,CUST-1430
TXN-008398,2024-01-16,CENTRAL,PROD-119,3,1119.12,CUST-2944
TXN-008400,2024-01-16,CENTRAL,PROD-102,2,234.35,CUST-1308
TXN-008401,2024-01-16,CENTRAL,PROD-113,4,123.75,CUST-2813
TXN-008435,2024-01-16,CENTRAL,PROD-107,5,1408.85,CUST-1484
TXN-008509,2024-01-16,CENTRAL,PROD-109,3,548.01,CUST-1369
TXN-008561,2024-01-16,CENTRAL,PROD-115,3,429.51,CUST-2161
TXN-001591,2024-01-17,NORTH,PROD-101,3,8849.74,CUST-2398
TXN-001609,2024-01-17,NORTH,PROD-111,3,149.19,CUST-1594
TXN-003391,2024-01-17,SOUTH,PROD-112,1,108.2,CUST-1203
TXN-003474,2024-01-17,SOUTH,PROD-101,4,11564.52,CUST-1342
TXN-003572,2024-01-17,SOUTH,PROD-111,3,146.6,CUST-2300
TXN-003580,2024-01-17,SOUTH,PROD-113,2,64.0,CUST-2545
TXN-003584,2024-01-17,SOUTH,PROD-113,2,56.2,CUST-1086
TXN-003633,2024-01-17,SOUTH,PROD-104,4,3343.9,CUST-1148
TXN-003656,2024-01-17,SOUTH,PROD-116,2,118.83,CUST-1601
TXN-003681,2024-01-17,SOUTH,PROD-105,1,647.09,CUST-1149
TXN-003688,2024-01-17,SOUTH,PROD-114,2,28.43,CUST-2068
TXN-003694,2024-01-17,SOUTH,PROD-116,4,231.28,CUST-2720
TXN-003736,2024-01-17,SOUTH,PROD-120,4,640.54,CUST-2243
TXN-003762,2024-01-17,SOUTH,PROD-102,4,444.92,CUST-1100
TXN-003770,2024-01-17,SOUTH,PROD-112,5,507.7,CUST-2716
TXN-003830,2024-01-17,SOUTH,PROD-103,5,2392.17,CUST-1134
TXN-003852,2024-01-17,SOUTH,PROD-120,4,654.8,CUST-2859
TXN-003856,2024-01-17,SOUTH,PROD-107,2,557.72,CUST-2394
TXN-003858,2024-01-17,SOUTH,PROD-119,5,1899.25,CUST-1403
TXN-003909,2024-01-17,SOUTH,PROD-120,5,802.68,CUST-1743
TXN-005151,2024-01-17,EAST,PROD-120,2,295.61,CUST-1077
TXN-005152,2024-01-17,EAST,PROD-116,5,276.87,CUST-1359
TXN-005187,2024-01-17,EAST,PROD-117,3,630.21,CUST-2739
TXN-005219,2024-01-17,EAST,PROD-108,4,279.19,CUST-1936
TXN-005236,2024-01-17,EAST,PROD-118,3,65.23,CUST-2043
TXN-005322,2024-01-17,EAST,PROD-113,2,63.5,CUST-2524
TXN-005338,2024-01-17,EAST,PROD-103,3,1377.71,CUST-2238
TXN-005379,2024-01-17,EAST,PROD-113,4,124.84,CUST-1794
TXN-005383,2024-01-17,EAST,PROD-109,5,862.77,CUST-1957
TXN-005396,2024-01-17,EAST,PROD-105,4,2469.48,CUST-2756
TXN-005399,2024-01-17,EAST,PROD-106,1,80.44,CUST-1568
TXN-005423,2024-01-17,EAST,PROD-115,5,786.65,CUST-1966
TXN-005471,2024-01-17,EAST,PROD-115,1,145.84,CUST-2650
TXN-005488,2024-01-17,EAST,PROD-113,5,155.33,CUST-1362
TXN-006746,2024-01-17,WEST,PROD-111,3,152.32,CUST-2545
TXN-006750,2024-01-17,WEST,PROD-108,3,218.15,CUST-2851
TXN-006777,2024-01-17,WEST,PROD-108,1,68.76,CUST-2869
TXN-006805,2024-01-17,WEST,PROD-118,5,94.55,CUST-1488
TXN-006901,2024-01-17,WEST,PROD-120,1,143.28,CUST-1337
TXN-006924,2024-01-17,WEST,PROD-110,1,54.16,CUST-2989
TXN-006970,2024-01-17,WEST,PROD-113,1,31.83,CUST-1090
TXN-006988,2024-01-17,WEST,PROD-101,2,5795.11,CUST-2557
TXN-006999,2024-01-17,WEST,PROD-114,3,43.89,CUST-2354
TXN-007002,2024-01-17,WEST,PROD-106,5,432.03,CUST-2557
TXN-007005,2024-01-17,WEST,PROD-111,4,201.37,CUST-1611
TXN-007031,2024-01-17,WEST,PROD-102,3,324.56,CUST-1418
TXN-007053,2024-01-17,WEST,PROD-103,4,1993.27,CUST-1759
TXN-007092,2024-01-17,WEST,PROD-107,4,1305.28,CUST-1764
TXN-008352,2024-01-17,CENTRAL,PROD-110,4,194.02,CUST-1316
TXN-008357,2024-01-17,CENTRAL,PROD-104,1,934.06,CUST-2489
TXN-008447,2024-01-17,CENTRAL,PROD-110,1,51.99,CUST-2979
TXN-008455,2024-01-17,CENTRAL,PROD-107,1,283.67,CUST-2060
TXN-008493,2024-01-17,CENTRAL,PROD-117,1,193.45,CUST-1694
TXN-008506,2024-01-17,CENTRAL,PROD-103,1,500.77,CUST-2458
TXN-008549,2024-01-17,CENTRAL,PROD-106,1,80.94,CUST-2260
TXN-008578,2024-01-17,CENTRAL,PROD-108,1,75.98,CUST-2613
TXN-008592,2024-01-17,CENTRAL,PROD-112,1,106.08,CUST-1838
TXN-001432,2024-01-18,NORTH,PROD-110,4,204.58,CUST-1916
TXN-001437,2024-01-18,NORTH,PROD-102,1,124.87,CUST-2681
TXN-001559,2024-01-18,NORTH,PROD-108,1,68.75,CUST-2069
TXN-001567,2024-01-18,NORTH,PROD-101,4,13079.8,CUST-1272
TXN-001579,2024-01-18,NORTH,PROD-103,5,2604.62,CUST-1420
TXN-001592,2024-01-18,NORTH,PROD-105,4,2520.25,CUST-1910
TXN-001601,2024-01-18,NORTH,PROD-110,2,109.44,CUST-2719
TXN-001703,2024-01-18,NORTH,PROD-118,5,99.35,CUST-2152
TXN-001728,2024-01-18,NORTH,PROD-106,1,82.04,CUST-2058
TXN-001778,2024-01-18,NORTH,PROD-120,2,324.39,CUST-2996
TXN-003370,2024-01-18,SOUTH,PROD-104,3,2934.88,CUST-1221
TXN-003375,2024-01-18,SOUTH,PROD-103,3,1423.84,CUST-1290
TXN-003380,2024-01-18,SOUTH,PROD-117,4,841.07,CUST-2318
TXN-003384,2024-01-18,SOUTH,PROD-116,5,268.84,CUST-2020
TXN-003556,2024-01-18,SOUTH,PROD-116,3,153.15,CUST-2704
TXN-003612,2024-01-18,SOUTH,PROD-116,2,114.72,CUST-2521
TXN-003655,2024-01-18,SOUTH,PROD-102,3,366.14,CUST-2430
TXN-003680,2024-01-18,SOUTH,PROD-103,2,1033.4,CUST-2757
TXN-003734,2024-01-18,SOUTH,PROD-109,2,387.47,CUST-2007
TXN-003750,2024-01-18,SOUTH,PROD-102,3,329.68,CUST-2909
TXN-003759,2024-01-18,SOUTH,PROD-112,2,186.09,CUST-2910
TXN-003860,2024-01-18,SOUTH,PROD-110,5,274.78,CUST-1935
TXN-003869,2024-01-18,SOUTH,PROD-118,4,72.23,CUST-2779
TXN-003873,2024-01-18,SOUTH,PROD-111,2,100.88,CUST-1411
TXN-003884,2024-01-18,SOUTH,PROD-115,5,693.27,CUST-2369
TXN-003920,2024-01-18,SOUTH,PROD-104,3,2515.73,CUST-2925
TXN-003921,2024-01-18,SOUTH,PROD-108,1,67.67,CUST-1380
TXN-003952,2024-01-18,SOUTH,PROD-117,2,368.77,CUST-2478
TXN-003966,2024-01-18,SOUTH,PROD-111,4,189.07,CUST-2961
TXN-003967,2024-01-18,SOUTH,PROD-101,1,2761.91,CUST-2835
TXN-005169,2024-01-18,EAST,PROD-111,4,189.08,CUST-1035
TXN-005170,2024-01-18,EAST,PROD-108,3,195.85,CUST-2443
TXN-005188,2024-01-18,EAST,PROD-104,1,914.05,CUST-2249
TXN-005201,2024-01-18,EAST,PROD-105,5,3565.04,CUST-1630
TXN-005228,2024-01-18,EAST,PROD-118,1,18.53,CUST-1439
TXN-005263,2024-01-18,EAST,PROD-116,2,115.36,CUST-1524
TXN-005268,2024-01-18,EAST,PROD-120,1,136.05,CUST-1626
TXN-005305,2024-01-18,EAST,PROD-114,3,44.78,CUST-1877
TXN-005339,2024-01-18,EAST,PROD-112,3,289.75,CUST-1290
TXN-005363,2024-01-18,EAST,PROD-108,5,324.99,CUST-1178
TXN-005433,2024-01-18,EAST,PROD-101,5,14598.96,CUST-1721
TXN-005460,2024-01-18,EAST,PROD-111,3,157.3,CUST-2873
TXN-006767,2024-01-18,WEST,PROD-115,2,307.76,CUST-2874
TXN-006810,2024-01-18,WEST,PROD-106,4,348.36,CUST-2935
TXN-006814,2024-01-18,WEST,PROD-117,5,1097.68,CUST-2247
TXN-006821,2024-01-18,WEST,PROD-117,4,753.92,CUST-1563
TXN-006875,2024-01-18,WEST,PROD-116,3,149.3,CUST-2787
TXN-006925,2024-01-18,WEST,PROD-113,3,87.47,CUST-2063
TXN-006931,2024-01-18,WEST,PROD-103,3,1609.81,CUST-1388
TXN-006942,2024-01-18,WEST,PROD-103,1,539.36,CUST-2263
TXN-006962,2024-01-18,WEST,PROD-115,1,156.09,CUST-1324
TXN-007047,2024-01-18,WEST,PROD-105,1,703.83,CUST-1792
TXN-007064,2024-01-18,WEST,PROD-116,4,202.44,CUST-2761
TXN-007107,2024-01-18,WEST,PROD-107,3,950.2,CUST-2981
TXN-007137,2024-01-18,WEST,PROD-109,4,783.19,CUST-1533
TXN-007161,2024-01-18,WEST,PROD-119,1,328.14,CUST-2116
TXN-007171,2024-01-18,WEST,PROD-108,5,372.88,CUST-1394
TXN-007189,2024-01-18,WEST,PROD-115,4,594.86,CUST-2773
TXN-008303,2024-01-18,CENTRAL,PROD-116,3,159.06,CUST-2427
TXN-008322,2024-01-18,CENTRAL,PROD-112,5,521.64,CUST-2284
TXN-008342,2024-01-18,CENTRAL,PROD-106,4,323.52,CUST-1536
TXN-008368,2024-01-18,CENTRAL,PROD-101,5,15457.02,CUST-2638
TXN-008515,2024-01-18,CENTRAL,PROD-110,5,259.35,CUST-1853
TXN-008533,2024-01-18,CENTRAL,PROD-120,3,473.24,CUST-1618
TXN-001418,2024-01-19,NORTH,PROD-105,5,2991.86,CUST-2675
TXN-001424,2024-01-19,NORTH,PROD-111,5,259.65,CUST-1355
TXN-001426,2024-01-19,NORTH,PROD-120,4,579.01,CUST-1200
TXN-001431,2024-01-19,NORTH,PROD-101,2,6193.04,CUST-1928
TXN-001451,2024-01-19,NORTH,PROD-112,1,109.55,CUST-2164
TXN-001467,2024-01-19,NORTH,PROD-105,4,2532.24,CUST-1360
TXN-001526,2024-01-19,NORTH,PROD-118,2,38.55,CUST-2976
TXN-001595,2024-01-19,NORTH,PROD-111,3,149.55,CUST-2364
TXN-001597,2024-01-19,NORTH,PROD-105,3,1821.95,CUST-1533
TXN-001627,2024-01-19,NORTH,PROD-113,1,27.03,CUST-2309
TXN-001640,2024-01-19,NORTH,PROD-101,3,8393.1,CUST-1120
TXN-001664,2024-01-19,NORTH,PROD-107,2,620.45,CUST-1060
TXN-001668,2024-01-19,NORTH,PROD-101,5,14150.95,CUST-1393
TXN-001687,2024-01-19,NORTH,PROD-119,3,1103.79,CUST-2641
TXN-001708,2024-01-19,NORTH,PROD-101,3,8785.0,CUST-1877
TXN-001747,2024-01-19,NORTH,PROD-117,3,599.54,CUST-1185
TXN-001752,2024-01-19,NORTH,PROD-102,4,483.17,CUST-2433
TXN-001777,2024-01-19,NORTH,PROD-108,1,76.26,CUST-2891
TXN-003426,2024-01-19,SOUTH,PROD-102,4,505.75,CUST-1246
TXN-003487,2024-01-19,SOUTH,PROD-108,1,75.08,CUST-1020
TXN-003501,2024-01-19,SOUTH,PROD-110,5,245.56,CUST-2312
TXN-003560,2024-01-19,SOUTH,PROD-102,5,546.66,CUST-2469
TXN-003604,2024-01-19,SOUTH,PROD-116,1,57.54,CUST-1314
TXN-003670,2024-01-19,SOUTH,PROD-106,2,158.26,CUST-2119
TXN-003676,2024-01-19,SOUTH,PROD-117,1,192.12,CUST-2662
TXN-003682,2024-01-19,SOUTH,PROD-106,2,164.04,CUST-1847
TXN-003713,2024-01-19,SOUTH,PROD-109,5,912.09,CUST-1408
TXN-003720,2024-01-19,SOUTH,PROD-102,1,110.67,CUST-2279
TXN-003849,2024-01-19,SOUTH,PROD-106,1,85.9,CUST-1337
TXN-003871,2024-01-19,SOUTH,PROD-107,5,1548.33,CUST-1589
TXN-003900,2024-01-19,SOUTH,PROD-105,4,2597.02,CUST-2130
TXN-003929,2024-01-19,SOUTH,PROD-114,5,71.77,CUST-1511
TXN-003962,2024-01-19,SOUTH,PROD-107,4,1240.72,CUST-2968
TXN-005136,2024-01-19,EAST,PROD-110,2,103.6,CUST-1710
TXN-005165,2024-01-19,EAST,PROD-120,5,713.5,CUST-1771
TXN-005200,2024-01-19,EAST,PROD-103,1,474.85,CUST-2757
TXN-005216,2024-01-19,EAST,PROD-106,3,232.61,CUST-2797
TXN-005244,2024-01-19,EAST,PROD-117,5,1080.18,CUST-2039
TXN-005303,2024-01-19,EAST,PROD-103,2,1061.06,CUST-2107
TXN-005317,2024-01-19,EAST,PROD-117,4,770.93,CUST-1885
TXN-005400,2024-01-19,EAST,PROD-114,5,67.8,CUST-1830
TXN-006787,2024-01-19,WEST,PROD-110,1,48.08,CUST-1720
TXN-006795,2024-01-19,WEST,PROD-119,2,634.91,CUST-2960
TXN-006813,2024-01-19,WEST,PROD-112,2,218.94,CUST-2747
TXN-006836,2024-01-19,WEST,PROD-117,3,542.21,CUST-3000
TXN-006839,2024-01-19,WEST,PROD-108,4,271.18,CUST-1094
TXN-006848,2024-01-19,WEST,PROD-108,4,300.09,CUST-2779
TXN-006903,2024-01-19,WEST,PROD-106,4,315.02,CUST-1586
TXN-006991,2024-01-19,WEST,PROD-110,3,137.18,CUST-2457
TXN-007184,2024-01-19,WEST,PROD-110,1,46.29,CUST-2864
TXN-008318,2024-01-19,CENTRAL,PROD-115,2,307.31,CUST-2725
TXN-008405,2024-01-19,CENTRAL,PROD-109,4,755.18,CUST-1715
TXN-008428,2024-01-19,CENTRAL,PROD-120,4,571.7,CUST-1688
TXN-008430,2024-01-19,CENTRAL,PROD-110,1,45.52,CUST-1182
TXN-008465,2024-01-19,CENTRAL,PROD-111,5,235.73,CUST-1410
TXN-008486,2024-01-19,CENTRAL,PROD-117,2,381.65,CUST-2468
TXN-008494,2024-01-19,CENTRAL,PROD-102,2,218.56,CUST-2052
TXN-008519,2024-01-19,CENTRAL,PROD-108,3,226.84,CUST-2905
TXN-001449,2024-01-20,NORTH,PROD-101,5,14994.42,CUST-2497
TXN-001457,2024-01-20,NORTH,PROD-102,3,362.49,CUST-1023
TXN-001461,2024-01-20,NORTH,PROD-110,5,237.97,CUST-2289
TXN-001480,2024-01-20,NORTH,PROD-109,3,515.17,CUST-2644
TXN-001553,2024-01-20,NORTH,PROD-115,2,293.22,CUST-1280
TXN-001558,2024-01-20,NORTH,PROD-106,5,432.39,CUST-2184
TXN-001578,2024-01-20,NORTH,PROD-102,3,350.35,CUST-2328
TXN-001625,2024-01-20,NORTH,PROD-103,2,941.54,CUST-1973
TXN-001656,2024-01-20,NORTH,PROD-117,3,560.64,CUST-1624
TXN-001722,2024-01-20,NORTH,PROD-103,5,2297.32,CUST-1690
TXN-003394,2024-01-20,SOUTH,PROD-101,1,3253.24,CUST-1422
TXN-003398,2024-01-20,SOUTH,PROD-108,5,361.75,CUST-2807
TXN-003424,2024-01-20,SOUTH,PROD-106,3,233.75,CUST-1294
TXN-003545,2024-01-20,SOUTH,PROD-118,2,42.57,CUST-2323
TXN-003554,2024-01-20,SOUTH,PROD-115,3,419.63,CUST-1264
TXN-003581,2024-01-20,SOUTH,PROD-109,3,507.12,CUST-2839
TXN-003642,2024-01-20,SOUTH,PROD-119,1,362.53,CUST-1065
TXN-003693,2024-01-20,SOUTH,PROD-111,3,160.63,CUST-1963
TXN-003696,2024-01-20,SOUTH,PROD-119,2,695.69,CUST-1187
TXN-003715,2024-01-20,SOUTH,PROD-104,4,3554.72,CUST-1642
TXN-003754,2024-01-20,SOUTH,PROD-102,5,618.5,CUST-2607
TXN-003807,2024-01-20,SOUTH,PROD-108,2,148.8,CUST-1889
TXN-003885,2024-01-20,SOUTH,PROD-109,1,174.82,CUST-1189
TXN-003930,2024-01-20,SOUTH,PROD-104,4,3423.56,CUST-2240
TXN-003963,2024-01-20,SOUTH,PROD-119,5,1699.86,CUST-1779
TXN-005225,2024-01-20,EAST,PROD-115,3,462.08,CUST-1420
TXN-005249,2024-01-20,EAST,PROD-101,5,16239.38,CUST-2930
TXN-005260,2024-01-20,EAST,PROD-116,5,264.48,CUST-2956
TXN-005295,2024-01-20,EAST,PROD-101,2,6209.26,CUST-1862
TXN-005298,2024-01-20,EAST,PROD-110,5,226.16,CUST-2988
TXN-005324,2024-01-20,EAST,PROD-101,1,3009.68,CUST-2171
TXN-005335,2024-01-20,EAST,PROD-119,5,1672.02,CUST-1449
TXN-005344,2024-01-20,EAST,PROD-109,3,548.83,CUST-2442
TXN-005395,2024-01-20,EAST,PROD-116,2,111.01,CUST-1165
TXN-005411,2024-01-20,EAST,PROD-120,1,137.4,CUST-2654
TXN-005438,2024-01-20,EAST,PROD-113,5,145.52,CUST-1934
TXN-005466,2024-01-20,EAST,PROD-115,2,283.61,CUST-1786
TXN-006763,2024-01-20,WEST,PROD-108,1,75.52,CUST-2641
TXN-006769,2024-01-20,WEST,PROD-106,1,79.36,CUST-2303
TXN-006824,2024-01-20,WEST,PROD-119,3,1040.94,CUST-1837
TXN-006852,2024-01-20,WEST,PROD-111,1,54.66,CUST-2251
TXN-006869,2024-01-20,WEST,PROD-118,5,99.72,CUST-2016
TXN-006899,2024-01-20,WEST,PROD-101,3,9381.6,CUST-1756
TXN-006927,2024-01-20,WEST,PROD-106,2,161.2,CUST-2931
TXN-006950,2024-01-20,WEST,PROD-104,1,885.47,CUST-1215
TXN-007028,2024-01-20,WEST,PROD-106,4,312.38,CUST-2134
TXN-007057,2024-01-20,WEST,PROD-118,2,40.14,CUST-2379
TXN-007181,2024-01-20,WEST,PROD-115,1,149.77,CUST-2010
TXN-008319,2024-01-20,CENTRAL,PROD-115,1,137.76,CUST-2537
TXN-008321,2024-01-20,CENTRAL,PROD-120,4,583.68,CUST-2458
TXN-008373,2024-01-20,CENTRAL,PROD-104,3,2596.26,CUST-2981
TXN-008389,2024-01-20,CENTRAL,PROD-107,2,632.17,CUST-2002
TXN-008416,2024-01-20,CENTRAL,PROD-104,2,1766.53,CUST-1778
TXN-008429,2024-01-20,CENTRAL,PROD-105,1,677.12,CUST-2553
TXN-008468,2024-01-20,CENTRAL,PROD-102,1,125.83,CUST-1326
TXN-008477,2024-01-20,CENTRAL,PROD-112,2,183.72,CUST-3000
TXN-008585,2024-01-20,CENTRAL,PROD-109,2,393.68,CUST-2875
TXN-008607,2024-01-20,CENTRAL,PROD-120,4,551.45,CUST-1232
TXN-008617,2024-01-20,CENTRAL,PROD-105,4,2486.6,CUST-2639
TXN-001413,2024-01-21,NORTH,PROD-115,4,567.77,CUST-1459
TXN-001472,2024-01-21,NORTH,PROD-106,2,162.47,CUST-2725
TXN-001508,2024-01-21,NORTH,PROD-107,2,606.52,CUST-2982
TXN-001516,2024-01-21,NORTH,PROD-117,4,870.37,CUST-2783
TXN-001519,2024-01-21,NORTH,PROD-101,4,12977.19,CUST-2267
TXN-001541,2024-01-21,NORTH,PROD-107,3,819.53,CUST-1231
TXN-001615,2024-01-21,NORTH,PROD-107,5,1507.88,CUST-2601
TXN-001634,2024-01-21,NORTH,PROD-116,1,56.68,CUST-2829
TXN-001636,2024-01-21,NORTH,PROD-108,1,64.66,CUST-1568
TXN-001643,2024-01-21,NORTH,PROD-112,1,95.79,CUST-2085
TXN-001644,2024-01-21,NORTH,PROD-103,5,2346.86,CUST-2287
TXN-001688,2024-01-21,NORTH,PROD-113,3,89.54,CUST-2236
TXN-001732,2024-01-21,NORTH,PROD-102,5,564.03,CUST-1948
TXN-001763,2024-01-21,NORTH,PROD-114,1,14.31,CUST-1165
TXN-001769,2024-01-21,NORTH,PROD-115,2,270.17,CUST-1410
TXN-001770,2024-01-21,NORTH,PROD-110,3,152.24,CUST-1227
TXN-003400,2024-01-21,SOUTH,PROD-110,2,108.78,CUST-2339
TXN-003461,2024-01-21,SOUTH,PROD-116,3,171.24,CUST-2851
TXN-003558,2024-01-21,SOUTH,PROD-111,4,187.08,CUST-2256
TXN-003579,2024-01-21,SOUTH,PROD-120,3,428.88,CUST-1767
TXN-003698,2024-01-21,SOUTH,PROD-103,3,1538.71,CUST-2914
TXN-003707,2024-01-21,SOUTH,PROD-111,2,107.72,CUST-2659
TXN-003747,2024-01-21,SOUTH,PROD-117,5,1006.14,CUST-1401
TXN-003854,2024-01-21,SOUTH,PROD-112,3,317.98,CUST-1764
TXN-003862,2024-01-21,SOUTH,PROD-103,4,2131.78,CUST-1855
TXN-003893,2024-01-21,SOUTH,PROD-116,5,288.57,CUST-1138
TXN-003922,2024-01-21,SOUTH,PROD-119,1,359.15,CUST-1035
TXN-003933,2024-01-21,SOUTH,PROD-119,1,382.69,CUST-1510
TXN-005132,2024-01-21,EAST,PROD-105,4,2597.18,CUST-1872
TXN-005166,2024-01-21,EAST,PROD-114,3,49.21,CUST-1700
TXN-005221,2024-01-21,EAST,PROD-113,4,108.08,CUST-2873
TXN-005231,2024-01-21,EAST,PROD-109,3,534.93,CUST-2084
TXN-005255,2024-01-21,EAST,PROD-112,4,396.91,CUST-1015
TXN-005261,2024-01-21,EAST,PROD-105,2,1365.15,CUST-2115
TXN-005291,2024-01-21,EAST,PROD-113,1,27.86,CUST-1371
TXN-005296,2024-01-21,EAST,PROD-112,3,275.63,CUST-2891
TXN-005328,2024-01-21,EAST,PROD-105,2,1206.09,CUST-2013
TXN-005349,2024-01-21,EAST,PROD-108,5,346.22,CUST-2890
TXN-005374,2024-01-21,EAST,PROD-107,3,898.5,CUST-1305
TXN-005408,2024-01-21,EAST,PROD-117,4,728.42,CUST-1120
TXN-005429,2024-01-21,EAST,PROD-113,3,89.63,CUST-2587
TXN-006780,2024-01-21,WEST,PROD-110,3,143.03,CUST-1608
TXN-006826,2024-01-21,WEST,PROD-101,4,12202.14,CUST-1175
TXN-006838,2024-01-21,WEST,PROD-111,4,196.3,CUST-2449
TXN-006847,2024-01-21,WEST,PROD-114,2,30.08,CUST-1589
TXN-006853,2024-01-21,WEST,PROD-107,1,315.54,CUST-2317
TXN-006914,2024-01-21,WEST,PROD-108,3,230.64,CUST-2101
TXN-006969,2024-01-21,WEST,PROD-101,2,6496.21,CUST-2941
TXN-006976,2024-01-21,WEST,PROD-117,5,1000.96,CUST-1893
TXN-007011,2024-01-21,WEST,PROD-107,1,326.25,CUST-1661
TXN-007020,2024-01-21,WEST,PROD-114,3,48.45,CUST-2253
TXN-007030,2024-01-21,WEST,PROD-102,1,127.3,CUST-2791
TXN-007071,2024-01-21,WEST,PROD-109,4,713.46,CUST-1469
TXN-007077,2024-01-21,WEST,PROD-116,3,151.62,CUST-2094
TXN-007083,2024-01-21,WEST,PROD-114,4,54.5,CUST-2613
TXN-007129,2024-01-21,WEST,PROD-109,4,779.68,CUST-2434
TXN-007187,2024-01-21,WEST,PROD-118,5,96.37,CUST-1490
TXN-008440,2024-01-21,CENTRAL,PROD-106,4,289.99,CUST-2558
TXN-008443,2024-01-21,CENTRAL,PROD-118,1,21.75,CUST-2229
TXN-008501,2024-01-21,CENTRAL,PROD-109,3,529.95,CUST-1595
TXN-008573,2024-01-21,CENTRAL,PROD-105,3,1904.62,CUST-2005
TXN-008584,2024-01-21,CENTRAL,PROD-114,3,46.22,CUST-2927
TXN-008595,2024-01-21,CENTRAL,PROD-109,2,389.67,CUST-2706
TXN-001425,2024-01-22,NORTH,PROD-103,5,2668.32,CUST-1235
TXN-001441,2024-01-22,NORTH,PROD-106,4,296.86,CUST-2138
TXN-001443,2024-01-22,NORTH,PROD-105,2,1173.0,CUST-2328
TXN-001482,2024-01-22,NORTH,PROD-108,5,368.88,CUST-2065
TXN-001543,2024-01-22,NORTH,PROD-102,1,123.47,CUST-1584
TXN-001583,2024-01-22,NORTH,PROD-114,3,40.96,CUST-1764
TXN-001587,2024-01-22,NORTH,PROD-103,2,1078.36,CUST-1938
TXN-001639,2024-01-22,NORTH,PROD-116,1,53.6,CUST-2502
TXN-001678,2024-01-22,NORTH,PROD-115,2,303.21,CUST-1596
TXN-001682,2024-01-22,NORTH,PROD-103,1,464.33,CUST-1821
TXN-001695,2024-01-22,NORTH,PROD-117,4,846.79,CUST-1414
TXN-001726,2024-01-22,NORTH,PROD-118,3,56.37,CUST-1824
TXN-001741,2024-01-22,NORTH,PROD-118,2,41.13,CUST-1087
TXN-001754,2024-01-22,NORTH,PROD-108,3,225.9,CUST-2919
TXN-001757,2024-01-22,NORTH,PROD-102,2,228.12,CUST-1788
TXN-003378,2024-01-22,SOUTH,PROD-119,1,374.33,CUST-1187
TXN-003379,2024-01-22,SOUTH,PROD-111,5,253.1,CUST-2439
TXN-003396,2024-01-22,SOUTH,PROD-111,2,109.72,CUST-2693
TXN-003415,2024-01-22,SOUTH,PROD-117,2,421.46,CUST-2485
TXN-003429,2024-01-22,SOUTH,PROD-120,4,593.92,CUST-2533
TXN-003442,2024-01-22,SOUTH,PROD-120,3,486.0,CUST-2123
TXN-003477,2024-01-22,SOUTH,PROD-115,1,144.98,CUST-1065
TXN-003484,2024-01-22,SOUTH,PROD-103,3,1608.41,CUST-2835
TXN-003528,2024-01-22,SOUTH,PROD-120,4,613.35,CUST-2227
TXN-003569,2024-01-22,SOUTH,PROD-118,1,18.2,CUST-2727
TXN-003573,2024-01-22,SOUTH,PROD-113,1,30.05,CUST-1594
TXN-003627,2024-01-22,SOUTH,PROD-106,2,165.87,CUST-2614
TXN-003630,2024-01-22,SOUTH,PROD-113,2,60.9,CUST-2536
TXN-003646,2024-01-22,SOUTH,PROD-116,1,53.67,CUST-2972
TXN-003652,2024-01-22,SOUTH,PROD-105,5,3485.71,CUST-2600
TXN-003668,2024-01-22,SOUTH,PROD-112,4,392.07,CUST-2883
TXN-003806,2024-01-22,SOUTH,PROD-119,5,1813.86,CUST-2652
TXN-003834,2024-01-22,SOUTH,PROD-106,4,339.81,CUST-1735
TXN-003857,2024-01-22,SOUTH,PROD-117,3,603.67,CUST-2822
TXN-003925,2024-01-22,SOUTH,PROD-117,3,609.17,CUST-2495
TXN-005135,2024-01-22,EAST,PROD-111,5,241.19,CUST-1371
TXN-005224,2024-01-22,EAST,PROD-114,1,13.6,CUST-1215
TXN-005299,2024-01-22,EAST,PROD-105,3,2124.69,CUST-2695
TXN-005302,2024-01-22,EAST,PROD-104,3,2945.71,CUST-2100
TXN-005397,2024-01-22,EAST,PROD-114,2,28.82,CUST-1691
TXN-005398,2024-01-22,EAST,PROD-119,3,1050.06,CUST-2770
TXN-005482,2024-01-22,EAST,PROD-107,2,597.37,CUST-1139
TXN-006791,2024-01-22,WEST,PROD-120,1,150.25,CUST-2689
TXN-006844,2024-01-22,WEST,PROD-108,5,337.61,CUST-2446
TXN-006863,2024-01-22,WEST,PROD-114,1,14.92,CUST-2725
TXN-006887,2024-01-22,WEST,PROD-101,1,2856.13,CUST-1060
TXN-006893,2024-01-22,WEST,PROD-111,5,235.7,CUST-2970
TXN-006905,2024-01-22,WEST,PROD-108,5,352.4,CUST-1358
TXN-006944,2024-01-22,WEST,PROD-111,3,148.67,CUST-2519
TXN-006953,2024-01-22,WEST,PROD-109,2,381.58,CUST-1253
TXN-006997,2024-01-22,WEST,PROD-113,4,108.15,CUST-2140
TXN-007006,2024-01-22,WEST,PROD-114,4,64.84,CUST-2309
TXN-007043,2024-01-22,WEST,PROD-105,5,3161.83,CUST-1088
TXN-007046,2024-01-22,WEST,PROD-116,4,212.93,CUST-1656
TXN-007052,2024-01-22,WEST,PROD-119,5,1903.3,CUST-2244
TXN-007059,2024-01-22,WEST,PROD-119,4,1336.15,CUST-1912
TXN-007073,2024-01-22,WEST,PROD-103,3,1558.24,CUST-1991
TXN-007089,2024-01-22,WEST,PROD-119,4,1461.66,CUST-2652
TXN-007102,2024-01-22,WEST,PROD-118,5,98.44,CUST-1823
TXN-007103,2024-01-22,WEST,PROD-108,3,230.89,CUST-2620
TXN-007134,2024-01-22,WEST,PROD-111,2,91.14,CUST-2132
TXN-007145,2024-01-22,WEST,PROD-116,4,202.73,CUST-2114
TXN-007172,2024-01-22,WEST,PROD-120,1,135.12,CUST-1742
TXN-007190,2024-01-22,WEST,PROD-114,1,13.52,CUST-1574
TXN-008306,2024-01-22,CENTRAL,PROD-107,4,1213.27,CUST-2238
TXN-008332,2024-01-22,CENTRAL,PROD-104,3,2825.16,CUST-2799
TXN-008371,2024-01-22,CENTRAL,PROD-116,4,203.02,CUST-2774
TXN-008392,2024-01-22,CENTRAL,PROD-116,2,112.74,CUST-1375
TXN-008410,2024-01-22,CENTRAL,PROD-117,5,979.62,CUST-2800
TXN-008454,2024-01-22,CENTRAL,PROD-110,4,201.2,CUST-1551
TXN-008470,2024-01-22,CENTRAL,PROD-120,4,585.69,CUST-1449
TXN-008532,2024-01-22,CENTRAL,PROD-116,4,216.21,CUST-1111
TXN-008542,2024-01-22,CENTRAL,PROD-101,1,2720.04,CUST-1762
TXN-008570,2024-01-22,CENTRAL,PROD-117,1,218.34,CUST-1250
TXN-008571,2024-01-22,CENTRAL,PROD-118,2,42.7,CUST-2181
TXN-008582,2024-01-22,CENTRAL,PROD-101,1,3232.0,CUST-1691
TXN-001409,2024-01-23,NORTH,PROD-115,5,728.3,CUST-1681
TXN-001419,2024-01-23,NORTH,PROD-104,3,2730.29,CUST-1146
TXN-001423,2024-01-23,NORTH,PROD-119,4,1479.57,CUST-1892
TXN-001453,2024-01-23,NORTH,PROD-103,2,1046.02,CUST-2079
TXN-001502,2024-01-23,NORTH,PROD-116,4,217.15,CUST-2729
TXN-001534,2024-01-23,NORTH,PROD-116,2,103.52,CUST-2311
TXN-001590,2024-01-23,NORTH,PROD-105,4,2418.22,CUST-1419
TXN-001596,2024-01-23,NORTH,PROD-117,5,989.0,CUST-1623
TXN-001602,2024-01-23,NORTH,PROD-105,2,1231.84,CUST-1085
TXN-001629,2024-01-23,NORTH,PROD-119,2,657.88,CUST-2705
TXN-001647,2024-01-23,NORTH,PROD-112,1,100.68,CUST-1721
TXN-001655,2024-01-23,NORTH,PROD-112,2,212.66,CUST-2823
TXN-001671,2024-01-23,NORTH,PROD-116,3,171.51,CUST-1380
TXN-001683,2024-01-23,NORTH,PROD-119,1,366.89,CUST-2828
TXN-001768,2024-01-23,NORTH,PROD-101,1,3084.81,CUST-1377
TXN-003393,2024-01-23,SOUTH,PROD-107,4,1129.58,CUST-2312
TXN-003404,2024-01-23,SOUTH,PROD-113,1,31.17,CUST-1920
TXN-003465,2024-01-23,SOUTH,PROD-112,4,406.75,CUST-1373
TXN-003491,2024-01-23,SOUTH,PROD-105,2,1408.66,CUST-2898
TXN-003561,2024-01-23,SOUTH,PROD-105,4,2373.18,CUST-1140
TXN-003563,2024-01-23,SOUTH,PROD-108,1,73.55,CUST-2992
TXN-003570,2024-01-23,SOUTH,PROD-108,4,254.34,CUST-1449
TXN-003603,2024-01-23,SOUTH,PROD-118,3,57.21,CUST-2440
TXN-003634,2024-01-23,SOUTH,PROD-110,2,105.09,CUST-1621
TXN-003645,2024-01-23,SOUTH,PROD-119,5,1883.17,CUST-2944
TXN-003662,2024-01-23,SOUTH,PROD-115,1,138.04,CUST-1286
TXN-003665,2024-01-23,SOUTH,PROD-112,5,460.59,CUST-1971
TXN-003695,2024-01-23,SOUTH,PROD-119,5,1898.15,CUST-2240
TXN-003697,2024-01-23,SOUTH,PROD-116,3,166.05,CUST-2263
TXN-003740,2024-01-23,SOUTH,PROD-110,2,97.57,CUST-2798
TXN-003832,2024-01-23,SOUTH,PROD-117,1,199.85,CUST-1459
TXN-003833,2024-01-23,SOUTH,PROD-110,1,48.92,CUST-1694
TXN-003841,2024-01-23,SOUTH,PROD-111,5,236.92,CUST-1987
TXN-003937,2024-01-23,SOUTH,PROD-104,1,884.39,CUST-1700
TXN-005212,2024-01-23,EAST,PROD-101,3,9080.16,CUST-2998
TXN-005257,2024-01-23,EAST,PROD-116,5,293.58,CUST-1558
TXN-005300,2024-01-23,EAST,PROD-112,5,503.95,CUST-1230
TXN-005323,2024-01-23,EAST,PROD-113,4,113.7,CUST-1228
TXN-005414,2024-01-23,EAST,PROD-116,1,55.98,CUST-1956
TXN-006766,2024-01-23,WEST,PROD-110,3,161.43,CUST-2187
TXN-006825,2024-01-23,WEST,PROD-104,4,3744.16,CUST-2752
TXN-006902,2024-01-23,WEST,PROD-108,2,126.08,CUST-1370
TXN-006922,2024-01-23,WEST,PROD-104,4,3636.23,CUST-1672
TXN-006975,2024-01-23,WEST,PROD-119,1,332.99,CUST-1171
TXN-007014,2024-01-23,WEST,PROD-115,3,412.8,CUST-2405
TXN-007068,2024-01-23,WEST,PROD-108,3,225.3,CUST-1709
TXN-007091,2024-01-23,WEST,PROD-111,5,241.95,CUST-1086
TXN-007093,2024-01-23,WEST,PROD-113,1,27.73,CUST-1053
TXN-007099,2024-01-23,WEST,PROD-120,2,326.63,CUST-1641
TXN-007148,2024-01-23,WEST,PROD-103,4,1874.18,CUST-1193
TXN-008314,2024-01-23,CENTRAL,PROD-115,3,429.38,CUST-1420
TXN-008325,2024-01-23,CENTRAL,PROD-105,1,632.62,CUST-2210
TXN-008395,2024-01-23,CENTRAL,PROD-118,5,98.35,CUST-1129
TXN-008399,2024-01-23,CENTRAL,PROD-107,4,1145.68,CUST-2810
TXN-008482,2024-01-23,CENTRAL,PROD-102,5,568.45,CUST-2982
TXN-001456,2024-01-24,NORTH,PROD-103,5,2649.0,CUST-1640
TXN-001459,2024-01-24,NORTH,PROD-111,4,194.08,CUST-2635
TXN-001499,2024-01-24,NORTH,PROD-109,4,650.67,CUST-2020
TXN-001503,2024-01-24,NORTH,PROD-103,5,2362.88,CUST-1788
TXN-001512,2024-01-24,NORTH,PROD-119,2,698.47,CUST-1130
TXN-001525,2024-01-24,NORTH,PROD-113,3,83.15,CUST-2402
TXN-001548,2024-01-24,NORTH,PROD-115,5,761.91,CUST-1859
TXN-001565,2024-01-24,NORTH,PROD-117,1,197.02,CUST-1808
TXN-001593,2024-01-24,NORTH,PROD-101,3,8440.28,CUST-1046
TXN-001624,2024-01-24,NORTH,PROD-114,4,55.64,CUST-2203
TXN-001632,2024-01-24,NORTH,PROD-115,2,271.59,CUST-1006
TXN-001676,2024-01-24,NORTH,PROD-102,1,115.87,CUST-1237
TXN-001746,2024-01-24,NORTH,PROD-117,1,200.87,CUST-2698
TXN-003388,2024-01-24,SOUTH,PROD-102,5,543.31,CUST-2980
TXN-003401,2024-01-24,SOUTH,PROD-109,4,747.36,CUST-1852
TXN-003414,2024-01-24,SOUTH,PROD-105,4,2650.4,CUST-1085
TXN-003434,2024-01-24,SOUTH,PROD-101,4,12733.04,CUST-1295
TXN-003440,2024-01-24,SOUTH,PROD-117,2,379.66,CUST-2460
TXN-003488,2024-01-24,SOUTH,PROD-101,3,9666.26,CUST-2265
TXN-003503,2024-01-24,SOUTH,PROD-108,5,315.44,CUST-2824
TXN-003557,2024-01-24,SOUTH,PROD-113,5,135.72,CUST-1890
TXN-003586,2024-01-24,SOUTH,PROD-110,2,107.71,CUST-2675
TXN-003591,2024-01-24,SOUTH,PROD-111,4,219.33,CUST-2233
TXN-003596,2024-01-24,SOUTH,PROD-119,2,643.59,CUST-1754
TXN-003616,2024-01-24,SOUTH,PROD-112,4,373.88,CUST-1823
TXN-003674,2024-01-24,SOUTH,PROD-113,1,29.22,CUST-2045
TXN-003721,2024-01-24,SOUTH,PROD-109,3,532.39,CUST-1473
TXN-003771,2024-01-24,SOUTH,PROD-113,3,90.39,CUST-1835
TXN-003794,2024-01-24,SOUTH,PROD-109,2,334.22,CUST-2874
TXN-003813,2024-01-24,SOUTH,PROD-113,4,121.56,CUST-1613
TXN-003822,2024-01-24,SOUTH,PROD-101,2,6048.42,CUST-2009
TXN-003876,2024-01-24,SOUTH,PROD-109,2,371.32,CUST-2376
TXN-003878,2024-01-24,SOUTH,PROD-106,3,220.66,CUST-2909
TXN-003894,2024-01-24,SOUTH,PROD-108,4,283.18,CUST-1938
TXN-003901,2024-01-24,SOUTH,PROD-111,1,51.24,CUST-1067
TXN-003907,2024-01-24,SOUTH,PROD-110,4,180.87,CUST-1584
TXN-003932,2024-01-24,SOUTH,PROD-109,2,365.5,CUST-2668
TXN-003961,2024-01-24,SOUTH,PROD-114,3,46.73,CUST-1557
TXN-003971,2024-01-24,SOUTH,PROD-107,2,584.49,CUST-1075
TXN-005144,2024-01-24,EAST,PROD-110,1,53.32,CUST-2729
TXN-005191,2024-01-24,EAST,PROD-120,5,769.49,CUST-1342
TXN-005197,2024-01-24,EAST,PROD-115,1,158.05,CUST-2370
TXN-005199,2024-01-24,EAST,PROD-104,1,913.61,CUST-2613
TXN-005246,2024-01-24,EAST,PROD-112,5,472.2,CUST-1480
TXN-005274,2024-01-24,EAST,PROD-105,1,659.25,CUST-1403
TXN-005314,2024-01-24,EAST,PROD-105,2,1374.19,CUST-1472
TXN-005389,2024-01-24,EAST,PROD-114,4,60.53,CUST-2941
TXN-005443,2024-01-24,EAST,PROD-104,4,3884.1,CUST-2687
TXN-006753,2024-01-24,WEST,PROD-107,5,1539.58,CUST-1298
TXN-006768,2024-01-24,WEST,PROD-102,5,658.18,CUST-2252
TXN-006858,2024-01-24,WEST,PROD-114,2,28.5,CUST-2393
TXN-006864,2024-01-24,WEST,PROD-102,4,516.71,CUST-2717
TXN-006881,2024-01-24,WEST,PROD-102,4,467.73,CUST-1732
TXN-006882,2024-01-24,WEST,PROD-117,2,379.35,CUST-1595
TXN-006883,2024-01-24,WEST,PROD-109,3,512.34,CUST-2964
TXN-006895,2024-01-24,WEST,PROD-110,4,197.91,CUST-2891
TXN-006965,2024-01-24,WEST,PROD-105,3,2068.94,CUST-2140
TXN-006989,2024-01-24,WEST,PROD-109,5,915.58,CUST-2568
TXN-006993,2024-01-24,WEST,PROD-102,3,340.77,CUST-1903
TXN-007086,2024-01-24,WEST,PROD-110,4,180.04,CUST-1038
TXN-007116,2024-01-24,WEST,PROD-108,3,221.48,CUST-1895
TXN-007144,2024-01-24,WEST,PROD-119,1,384.39,CUST-2355
TXN-007158,2024-01-24,WEST,PROD-116,1,52.01,CUST-1268
TXN-007176,2024-01-24,WEST,PROD-103,3,1364.1,CUST-2655
TXN-008333,2024-01-24,CENTRAL,PROD-117,2,423.78,CUST-2138
TXN-008393,2024-01-24,CENTRAL,PROD-114,1,15.94,CUST-2201
TXN-008404,2024-01-24,CENTRAL,PROD-113,4,122.82,CUST-2678
TXN-008422,2024-01-24,CENTRAL,PROD-105,4,2527.66,CUST-1472
TXN-008463,2024-01-24,CENTRAL,PROD-120,5,799.24,CUST-2942
TXN-008497,2024-01-24,CENTRAL,PROD-117,4,781.99,CUST-2383
TXN-008521,2024-01-24,CENTRAL,PROD-101,4,11522.66,CUST-2603
TXN-008611,2024-01-24,CENTRAL,PROD-112,1,94.41,CUST-1877
TXN-001411,2024-01-25,NORTH,PROD-115,5,694.72,CUST-2665
TXN-001429,2024-01-25,NORTH,PROD-113,3,89.87,CUST-2353
TXN-001574,2024-01-25,NORTH,PROD-109,5,907.59,CUST-2628
TXN-001653,2024-01-25,NORTH,PROD-104,4,3571.51,CUST-1157
TXN-001674,2024-01-25,NORTH,PROD-111,1,49.65,CUST-2065
TXN-001690,2024-01-25,NORTH,PROD-115,1,138.66,CUST-2003
TXN-001706,2024-01-25,NORTH,PROD-110,3,136.82,CUST-2210
TXN-001761,2024-01-25,NORTH,PROD-108,3,197.81,CUST-2824
TXN-003452,2024-01-25,SOUTH,PROD-120,5,785.25,CUST-2794
TXN-003463,2024-01-25,SOUTH,PROD-102,2,258.23,CUST-1969
TXN-003538,2024-01-25,SOUTH,PROD-105,5,3134.03,CUST-2084
TXN-003551,2024-01-25,SOUTH,PROD-105,4,2665.42,CUST-2138
TXN-003571,2024-01-25,SOUTH,PROD-108,2,152.7,CUST-1282
TXN-003592,2024-01-25,SOUTH,PROD-106,4,318.69,CUST-2223
TXN-003599,2024-01-25,SOUTH,PROD-102,1,115.24,CUST-1539
TXN-003660,2024-01-25,SOUTH,PROD-106,4,290.77,CUST-1375
TXN-003691,2024-01-25,SOUTH,PROD-105,1,633.03,CUST-1806
TXN-003761,2024-01-25,SOUTH,PROD-109,5,956.34,CUST-2026
TXN-003777,2024-01-25,SOUTH,PROD-105,4,2789.86,CUST-2619
TXN-003778,2024-01-25,SOUTH,PROD-105,3,1909.55,CUST-1292
TXN-003872,2024-01-25,SOUTH,PROD-104,2,1953.2,CUST-1797
TXN-003890,2024-01-25,SOUTH,PROD-112,1,96.79,CUST-1798
TXN-003916,2024-01-25,SOUTH,PROD-102,3,390.12,CUST-1861
TXN-003926,2024-01-25,SOUTH,PROD-107,4,1211.37,CUST-1122
TXN-003959,2024-01-25,SOUTH,PROD-118,4,81.05,CUST-1003
TXN-005133,2024-01-25,EAST,PROD-109,5,925.61,CUST-2499
TXN-005232,2024-01-25,EAST,PROD-119,2,712.86,CUST-2627
TXN-005235,2024-01-25,EAST,PROD-120,1,152.08,CUST-1355
TXN-005259,2024-01-25,EAST,PROD-108,5,359.98,CUST-1122
TXN-005280,2024-01-25,EAST,PROD-102,4,448.44,CUST-1192
TXN-005285,2024-01-25,EAST,PROD-109,4,762.06,CUST-2016
TXN-005313,2024-01-25,EAST,PROD-117,2,391.42,CUST-2971
TXN-005325,2024-01-25,EAST,PROD-119,1,323.48,CUST-1244
TXN-005330,2024-01-25,EAST,PROD-119,4,1467.16,CUST-2266
TXN-005340,2024-01-25,EAST,PROD-119,3,976.49,CUST-1038
TXN-005350,2024-01-25,EAST,PROD-110,1,46.48,CUST-2825
TXN-005357,2024-01-25,EAST,PROD-118,2,40.39,CUST-1680
TXN-005368,2024-01-25,EAST,PROD-111,2,109.09,CUST-2581
TXN-005415,2024-01-25,EAST,PROD-118,4,72.69,CUST-2535
TXN-005427,2024-01-25,EAST,PROD-120,4,657.07,CUST-1317
TXN-005468,2024-01-25,EAST,PROD-112,3,295.34,CUST-1948
TXN-006752,2024-01-25,WEST,PROD-104,2,1793.44,CUST-1571
TXN-006770,2024-01-25,WEST,PROD-107,3,927.12,CUST-2558
TXN-006781,2024-01-25,WEST,PROD-118,3,55.84,CUST-2369
TXN-006783,2024-01-25,WEST,PROD-112,1,103.94,CUST-1631
TXN-006793,2024-01-25,WEST,PROD-103,1,514.29,CUST-1652
TXN-006820,2024-01-25,WEST,PROD-119,5,1694.03,CUST-1280
TXN-006856,2024-01-25,WEST,PROD-116,1,59.3,CUST-1794
TXN-006860,2024-01-25,WEST,PROD-120,4,629.62,CUST-2472
TXN-006879,2024-01-25,WEST,PROD-107,2,547.11,CUST-2205
TXN-006891,2024-01-25,WEST,PROD-120,5,760.1,CUST-2507
TXN-006929,2024-01-25,WEST,PROD-119,1,353.33,CUST-2468
TXN-006930,2024-01-25,WEST,PROD-102,1,131.82,CUST-2968
TXN-006935,2024-01-25,WEST,PROD-102,5,628.21,CUST-1209
TXN-006992,2024-01-25,WEST,PROD-104,3,2678.16,CUST-2154
TXN-007003,2024-01-25,WEST,PROD-104,5,4246.45,CUST-1503
TXN-007027,2024-01-25,WEST,PROD-118,2,38.42,CUST-2358
TXN-007051,2024-01-25,WEST,PROD-101,4,12792.28,CUST-1169
TXN-007058,2024-01-25,WEST,PROD-108,5,369.59,CUST-1689
TXN-007072,2024-01-25,WEST,PROD-110,5,272.99,CUST-1493
TXN-007081,2024-01-25,WEST,PROD-119,3,1047.03,CUST-2225
TXN-007085,2024-01-25,WEST,PROD-107,4,1120.2,CUST-1438
TXN-007113,2024-01-25,WEST,PROD-119,4,1383.62,CUST-2680
TXN-007128,2024-01-25,WEST,PROD-111,4,218.51,CUST-2289
TXN-007168,2024-01-25,WEST,PROD-101,5,15623.46,CUST-1933
TXN-007175,2024-01-25,WEST,PROD-112,1,90.51,CUST-1334
TXN-007177,2024-01-25,WEST,PROD-103,2,1082.15,CUST-1501
TXN-007194,2024-01-25,WEST,PROD-108,1,66.18,CUST-1363
TXN-008343,2024-01-25,CENTRAL,PROD-115,2,295.58,CUST-2451
TXN-008361,2024-01-25,CENTRAL,PROD-107,1,282.51,CUST-2748
TXN-008366,2024-01-25,CENTRAL,PROD-110,1,49.85,CUST-2220
TXN-008450,2024-01-25,CENTRAL,PROD-101,4,12189.03,CUST-2554
TXN-008480,2024-01-25,CENTRAL,PROD-113,5,138.74,CUST-2861
TXN-008535,2024-01-25,CENTRAL,PROD-102,3,338.44,CUST-1971
TXN-008552,2024-01-25,CENTRAL,PROD-115,4,588.46,CUST-2532
TXN-008558,2024-01-25,CENTRAL,PROD-106,4,326.31,CUST-1890
TXN-008568,2024-01-25,CENTRAL,PROD-101,5,16316.17,CUST-2650
TXN-008599,2024-01-25,CENTRAL,PROD-109,2,338.9,CUST-2123
TXN-001412,2024-01-26,NORTH,PROD-115,1,148.66,CUST-2402
TXN-001420,2024-01-26,NORTH,PROD-110,5,248.0,CUST-2210
TXN-001513,2024-01-26,NORTH,PROD-118,3,59.97,CUST-2977
TXN-001527,2024-01-26,NORTH,PROD-107,1,305.57,CUST-1688
TXN-001542,2024-01-26,NORTH,PROD-105,4,2598.67,CUST-1328
TXN-001661,2024-01-26,NORTH,PROD-117,5,911.81,CUST-1244
TXN-001716,2024-01-26,NORTH,PROD-116,1,57.09,CUST-1422
TXN-001720,2024-01-26,NORTH,PROD-103,5,2356.99,CUST-1544
TXN-001731,2024-01-26,NORTH,PROD-120,4,652.11,CUST-2489
TXN-003385,2024-01-26,SOUTH,PROD-110,1,50.27,CUST-1086
TXN-003450,2024-01-26,SOUTH,PROD-107,2,589.34,CUST-1960
TXN-003518,2024-01-26,SOUTH,PROD-106,2,162.95,CUST-1377
TXN-003530,2024-01-26,SOUTH,PROD-105,3,1975.45,CUST-1970
TXN-003534,2024-01-26,SOUTH,PROD-111,2,108.02,CUST-2978
TXN-003544,2024-01-26,SOUTH,PROD-109,3,538.32,CUST-1644
TXN-003609,2024-01-26,SOUTH,PROD-109,1,186.15,CUST-2973
TXN-003624,2024-01-26,SOUTH,PROD-107,4,1099.58,CUST-1859
TXN-003629,2024-01-26,SOUTH,PROD-112,5,543.64,CUST-2072
TXN-003672,2024-01-26,SOUTH,PROD-106,5,393.01,CUST-2147
TXN-003675,2024-01-26,SOUTH,PROD-101,1,3014.73,CUST-1545
TXN-003712,2024-01-26,SOUTH,PROD-109,4,713.45,CUST-2128
TXN-003717,2024-01-26,SOUTH,PROD-102,1,128.32,CUST-1569
TXN-003768,2024-01-26,SOUTH,PROD-116,4,222.17,CUST-2488
TXN-003798,2024-01-26,SOUTH,PROD-105,4,2624.43,CUST-1523
TXN-003803,2024-01-26,SOUTH,PROD-111,5,261.34,CUST-1763
TXN-003810,2024-01-26,SOUTH,PROD-109,1,191.66,CUST-2137
TXN-003837,2024-01-26,SOUTH,PROD-110,3,141.29,CUST-1945
TXN-003882,2024-01-26,SOUTH,PROD-109,2,332.14,CUST-1925
TXN-003888,2024-01-26,SOUTH,PROD-103,1,466.22,CUST-1701
TXN-003891,2024-01-26,SOUTH,PROD-114,1,15.91,CUST-2589
TXN-003892,2024-01-26,SOUTH,PROD-113,2,55.99,CUST-2272
TXN-003902,2024-01-26,SOUTH,PROD-111,2,96.22,CUST-2684
TXN-003912,2024-01-26,SOUTH,PROD-103,2,909.8,CUST-1638
TXN-003914,2024-01-26,SOUTH,PROD-118,5,107.35,CUST-2119
TXN-003939,2024-01-26,SOUTH,PROD-104,3,2605.53,CUST-1842
TXN-003957,2024-01-26,SOUTH,PROD-117,2,410.18,CUST-2083
TXN-005146,2024-01-26,EAST,PROD-119,4,1315.81,CUST-1593
TXN-005150,2024-01-26,EAST,PROD-103,2,947.91,CUST-2320
TXN-005153,2024-01-26,EAST,PROD-118,1,19.4,CUST-1357
TXN-005159,2024-01-26,EAST,PROD-117,1,184.05,CUST-2157
TXN-005195,2024-01-26,EAST,PROD-112,1,102.55,CUST-2346
TXN-005208,2024-01-26,EAST,PROD-117,4,752.87,CUST-2552
TXN-005223,2024-01-26,EAST,PROD-109,3,493.39,CUST-2444
TXN-005241,2024-01-26,EAST,PROD-118,5,109.65,CUST-2616
TXN-005273,2024-01-26,EAST,PROD-108,4,301.98,CUST-1849
TXN-005278,2024-01-26,EAST,PROD-119,1,316.81,CUST-1945
TXN-005284,2024-01-26,EAST,PROD-109,3,579.94,CUST-2454
TXN-005306,2024-01-26,EAST,PROD-117,4,740.27,CUST-1950
TXN-005459,2024-01-26,EAST,PROD-114,1,14.45,CUST-1506
TXN-006744,2024-01-26,WEST,PROD-107,4,1300.98,CUST-2644
TXN-006759,2024-01-26,WEST,PROD-102,1,124.7,CUST-1810
TXN-006816,2024-01-26,WEST,PROD-120,4,573.97,CUST-1430
TXN-006819,2024-01-26,WEST,PROD-118,5,93.98,CUST-1078
TXN-006829,2024-01-26,WEST,PROD-115,1,145.09,CUST-1984
TXN-006884,2024-01-26,WEST,PROD-111,4,194.58,CUST-1701
TXN-006956,2024-01-26,WEST,PROD-116,3,179.09,CUST-1824
TXN-006974,2024-01-26,WEST,PROD-113,5,163.93,CUST-1086
TXN-007105,2024-01-26,WEST,PROD-112,5,509.38,CUST-1094
TXN-007125,2024-01-26,WEST,PROD-113,1,32.53,CUST-2200
TXN-007132,2024-01-26,WEST,PROD-118,3,55.0,CUST-1783
TXN-007157,2024-01-26,WEST,PROD-109,5,815.93,CUST-2157
TXN-008340,2024-01-26,CENTRAL,PROD-118,2,36.95,CUST-2698
TXN-008344,2024-01-26,CENTRAL,PROD-107,5,1411.75,CUST-2742
TXN-008402,2024-01-26,CENTRAL,PROD-112,5,489.32,CUST-2786
TXN-008403,2024-01-26,CENTRAL,PROD-109,3,541.94,CUST-2344
TXN-008418,2024-01-26,CENTRAL,PROD-101,4,11331.35,CUST-1429
TXN-008432,2024-01-26,CENTRAL,PROD-118,1,20.72,CUST-2222
TXN-008498,2024-01-26,CENTRAL,PROD-111,1,53.23,CUST-2561
TXN-008504,2024-01-26,CENTRAL,PROD-112,5,519.72,CUST-2585
TXN-008512,2024-01-26,CENTRAL,PROD-108,4,285.34,CUST-2261
TXN-008534,2024-01-26,CENTRAL,PROD-119,1,317.09,CUST-1855
TXN-008543,2024-01-26,CENTRAL,PROD-118,2,40.76,CUST-1191
TXN-008572,2024-01-26,CENTRAL,PROD-105,2,1342.88,CUST-2332
TXN-008601,2024-01-26,CENTRAL,PROD-117,5,1094.05,CUST-2509
TXN-008608,2024-01-26,CENTRAL,PROD-110,2,96.31,CUST-2032
TXN-001410,2024-01-27,NORTH,PROD-107,5,1373.52,CUST-2890
TXN-001427,2024-01-27,NORTH,PROD-115,2,288.46,CUST-1832
TXN-001514,2024-01-27,NORTH,PROD-115,1,136.1,CUST-1115
TXN-001522,2024-01-27,NORTH,PROD-119,1,372.24,CUST-1218
TXN-001631,2024-01-27,NORTH,PROD-110,5,240.15,CUST-2146
TXN-001648,2024-01-27,NORTH,PROD-105,1,602.79,CUST-1577
TXN-001651,2024-01-27,NORTH,PROD-107,5,1533.98,CUST-2703
TXN-001680,2024-01-27,NORTH,PROD-116,3,154.39,CUST-2381
TXN-001725,2024-01-27,NORTH,PROD-110,5,265.15,CUST-1887
TXN-001736,2024-01-27,NORTH,PROD-110,2,95.11,CUST-2232
TXN-001764,2024-01-27,NORTH,PROD-116,4,230.38,CUST-2898
TXN-001765,2024-01-27,NORTH,PROD-111,4,215.03,CUST-2680
TXN-001772,2024-01-27,NORTH,PROD-105,5,3370.69,CUST-2624
TXN-003369,2024-01-27,SOUTH,PROD-115,1,153.65,CUST-2916
TXN-003374,2024-01-27,SOUTH,PROD-113,4,130.61,CUST-2370
TXN-003402,2024-01-27,SOUTH,PROD-114,4,57.3,CUST-2846
TXN-003510,2024-01-27,SOUTH,PROD-111,4,194.29,CUST-2661
TXN-003559,2024-01-27,SOUTH,PROD-102,3,347.3,CUST-2550
TXN-003567,2024-01-27,SOUTH,PROD-107,4,1118.14,CUST-2563
TXN-003618,2024-01-27,SOUTH,PROD-116,5,269.88,CUST-2969
TXN-003623,2024-01-27,SOUTH,PROD-106,5,371.12,CUST-2672
TXN-003635,2024-01-27,SOUTH,PROD-107,5,1541.42,CUST-2949
TXN-003636,2024-01-27,SOUTH,PROD-107,1,270.96,CUST-1606
TXN-003683,2024-01-27,SOUTH,PROD-112,2,213.1,CUST-1833
TXN-003738,2024-01-27,SOUTH,PROD-113,2,63.44,CUST-1425
TXN-003764,2024-01-27,SOUTH,PROD-112,5,528.26,CUST-1948
TXN-003836,2024-01-27,SOUTH,PROD-113,4,127.32,CUST-1482
TXN-003913,2024-01-27,SOUTH,PROD-118,5,108.21,CUST-1164
TXN-003924,2024-01-27,SOUTH,PROD-117,2,439.15,CUST-1011
TXN-003928,2024-01-27,SOUTH,PROD-117,3,581.28,CUST-1829
TXN-005155,2024-01-27,EAST,PROD-118,4,74.91,CUST-2402
TXN-005192,2024-01-27,EAST,PROD-104,4,3576.93,CUST-1097
TXN-005243,2024-01-27,EAST,PROD-102,2,230.62,CUST-1427
TXN-005289,2024-01-27,EAST,PROD-108,3,201.28,CUST-2611
TXN-005294,2024-01-27,EAST,PROD-115,4,645.95,CUST-1770
TXN-005337,2024-01-27,EAST,PROD-108,4,256.58,CUST-1197
TXN-005378,2024-01-27,EAST,PROD-115,2,293.63,CUST-1008
TXN-005384,2024-01-27,EAST,PROD-103,2,1015.62,CUST-2309
TXN-005394,2024-01-27,EAST,PROD-103,1,460.1,CUST-2455
TXN-005402,2024-01-27,EAST,PROD-104,1,842.7,CUST-1330
TXN-005403,2024-01-27,EAST,PROD-112,3,281.74,CUST-2536
TXN-005491,2024-01-27,EAST,PROD-120,2,298.44,CUST-2184
TXN-006745,2024-01-27,WEST,PROD-108,1,69.57,CUST-2764
TXN-006790,2024-01-27,WEST,PROD-105,3,2082.09,CUST-1192
TXN-006801,2024-01-27,WEST,PROD-120,2,316.99,CUST-1626
TXN-006830,2024-01-27,WEST,PROD-112,4,394.53,CUST-1668
TXN-006846,2024-01-27,WEST,PROD-110,5,274.58,CUST-1147
TXN-006920,2024-01-27,WEST,PROD-103,3,1412.98,CUST-2274
TXN-006926,2024-01-27,WEST,PROD-104,4,3571.68,CUST-2553
TXN-006945,2024-01-27,WEST,PROD-114,2,31.47,CUST-1626
TXN-006972,2024-01-27,WEST,PROD-106,3,216.59,CUST-2604
TXN-006996,2024-01-27,WEST,PROD-119,3,1098.0,CUST-1259
TXN-007090,2024-01-27,WEST,PROD-108,3,194.2,CUST-1716
TXN-007117,2024-01-27,WEST,PROD-112,5,531.32,CUST-1799
TXN-007118,2024-01-27,WEST,PROD-101,5,14022.27,CUST-2741
TXN-007127,2024-01-27,WEST,PROD-111,5,268.2,CUST-1808
TXN-007135,2024-01-27,WEST,PROD-118,1,20.75,CUST-1444
TXN-007170,2024-01-27,WEST,PROD-120,2,281.92,CUST-1754
TXN-007192,2024-01-27,WEST,PROD-119,4,1449.33,CUST-2369
TXN-007193,2024-01-27,WEST,PROD-108,1,71.94,CUST-1968
TXN-008304,2024-01-27,CENTRAL,PROD-117,4,732.61,CUST-2363
TXN-008311,2024-01-27,CENTRAL,PROD-104,1,954.94,CUST-1168
TXN-008359,2024-01-27,CENTRAL,PROD-118,3,60.84,CUST-1529
TXN-008452,2024-01-27,CENTRAL,PROD-114,3,40.84,CUST-1074
TXN-008456,2024-01-27,CENTRAL,PROD-112,4,377.01,CUST-2905
TXN-008485,2024-01-27,CENTRAL,PROD-116,5,272.04,CUST-1419
TXN-008496,2024-01-27,CENTRAL,PROD-120,3,481.01,CUST-1537
TXN-008526,2024-01-27,CENTRAL,PROD-102,1,116.13,CUST-2967
TXN-008529,2024-01-27,CENTRAL,PROD-112,4,424.07,CUST-2963
TXN-008581,2024-01-27,CENTRAL,PROD-112,4,400.15,CUST-2151
TXN-008602,2024-01-27,CENTRAL,PROD-116,1,49.91,CUST-1310
TXN-008609,2024-01-27,CENTRAL,PROD-107,1,288.72,CUST-2777
TXN-008615,2024-01-27,CENTRAL,PROD-115,1,143.47,CUST-1916
TXN-001417,2024-01-28,NORTH,PROD-106,3,252.83,CUST-2238
TXN-001446,2024-01-28,NORTH,PROD-115,5,814.49,CUST-2277
TXN-001454,2024-01-28,NORTH,PROD-109,4,722.4,CUST-2072
TXN-001469,2024-01-28,NORTH,PROD-102,3,394.82,CUST-2982
TXN-001517,2024-01-28,NORTH,PROD-118,2,41.91,CUST-1478
TXN-001531,2024-01-28,NORTH,PROD-120,4,633.28,CUST-1033
TXN-001570,2024-01-28,NORTH,PROD-119,5,1583.5,CUST-1932
TXN-001594,2024-01-28,NORTH,PROD-108,5,360.08,CUST-1844
TXN-001599,2024-01-28,NORTH,PROD-102,2,232.93,CUST-1934
TXN-001617,2024-01-28,NORTH,PROD-115,1,164.26,CUST-1808
TXN-001620,2024-01-28,NORTH,PROD-114,3,43.95,CUST-1025
TXN-001622,2024-01-28,NORTH,PROD-118,1,18.85,CUST-2819
TXN-001626,2024-01-28,NORTH,PROD-117,3,547.91,CUST-2967
TXN-001679,2024-01-28,NORTH,PROD-114,2,32.12,CUST-2833
TXN-001699,2024-01-28,NORTH,PROD-113,4,118.99,CUST-1068
TXN-001704,2024-01-28,NORTH,PROD-106,5,364.41,CUST-1540
TXN-001713,2024-01-28,NORTH,PROD-114,5,75.17,CUST-1863
TXN-001729,2024-01-28,NORTH,PROD-106,5,399.89,CUST-2354
TXN-001759,2024-01-28,NORTH,PROD-115,4,540.91,CUST-2968
TXN-003367,2024-01-28,SOUTH,PROD-105,5,3168.16,CUST-1363
TXN-003427,2024-01-28,SOUTH,PROD-108,1,70.88,CUST-1152
TXN-003436,2024-01-28,SOUTH,PROD-108,4,258.96,CUST-2284
TXN-003443,2024-01-28,SOUTH,PROD-114,3,46.27,CUST-1438
TXN-003517,2024-01-28,SOUTH,PROD-105,4,2530.13,CUST-1890
TXN-003523,2024-01-28,SOUTH,PROD-106,4,349.98,CUST-1123
TXN-003610,2024-01-28,SOUTH,PROD-107,2,622.74,CUST-2660
TXN-003621,2024-01-28,SOUTH,PROD-106,1,77.49,CUST-2881
TXN-003622,2024-01-28,SOUTH,PROD-105,5,3147.02,CUST-2296
TXN-003657,2024-01-28,SOUTH,PROD-106,1,76.64,CUST-1679
TXN-003731,2024-01-28,SOUTH,PROD-113,4,113.08,CUST-1206
TXN-003732,2024-01-28,SOUTH,PROD-103,4,2084.93,CUST-1907
TXN-003748,2024-01-28,SOUTH,PROD-102,4,466.96,CUST-2558
TXN-003755,2024-01-28,SOUTH,PROD-106,3,242.27,CUST-2930
TXN-003785,2024-01-28,SOUTH,PROD-116,1,53.37,CUST-1397
TXN-003800,2024-01-28,SOUTH,PROD-102,3,376.33,CUST-2612
TXN-003804,2024-01-28,SOUTH,PROD-116,3,167.51,CUST-2123
TXN-003846,2024-01-28,SOUTH,PROD-109,4,674.83,CUST-2020
TXN-003941,2024-01-28,SOUTH,PROD-105,2,1271.18,CUST-1386
TXN-003942,2024-01-28,SOUTH,PROD-108,4,279.34,CUST-1561
TXN-003949,2024-01-28,SOUTH,PROD-109,4,786.7,CUST-1553
TXN-003954,2024-01-28,SOUTH,PROD-117,3,629.54,CUST-1042
TXN-005131,2024-01-28,EAST,PROD-103,4,1894.69,CUST-2595
TXN-005140,2024-01-28,EAST,PROD-102,3,346.18,CUST-1190
TXN-005147,2024-01-28,EAST,PROD-120,2,272.18,CUST-1474
TXN-005160,2024-01-28,EAST,PROD-104,3,2659.39,CUST-1980
TXN-005180,2024-01-28,EAST,PROD-103,2,959.83,CUST-2107
TXN-005213,2024-01-28,EAST,PROD-114,1,14.59,CUST-2958
TXN-005215,2024-01-28,EAST,PROD-113,4,113.71,CUST-1999
TXN-005251,2024-01-28,EAST,PROD-114,1,14.05,CUST-1262
TXN-005254,2024-01-28,EAST,PROD-108,1,71.55,CUST-2484
TXN-005264,2024-01-28,EAST,PROD-119,4,1317.27,CUST-1364
TXN-005311,2024-01-28,EAST,PROD-119,2,641.99,CUST-1616
TXN-005327,2024-01-28,EAST,PROD-103,4,2027.05,CUST-2519
TXN-005388,2024-01-28,EAST,PROD-109,2,346.13,CUST-1630
TXN-005432,2024-01-28,EAST,PROD-104,1,842.76,CUST-1588
TXN-005461,2024-01-28,EAST,PROD-104,2,1816.54,CUST-1157
TXN-005483,2024-01-28,EAST,PROD-107,3,847.46,CUST-2124
TXN-006747,2024-01-28,WEST,PROD-102,3,373.59,CUST-2710
TXN-006827,2024-01-28,WEST,PROD-109,5,889.21,CUST-1169
TXN-006843,2024-01-28,WEST,PROD-105,3,1776.69,CUST-2766
TXN-006851,2024-01-28,WEST,PROD-105,4,2625.58,CUST-1773
TXN-006888,2024-01-28,WEST,PROD-119,1,319.9,CUST-2507
TXN-006904,2024-01-28,WEST,PROD-101,3,8600.8,CUST-1986
TXN-006916,2024-01-28,WEST,PROD-116,4,211.27,CUST-1418
TXN-006928,2024-01-28,WEST,PROD-104,5,4248.26,CUST-2091
TXN-007033,2024-01-28,WEST,PROD-111,2,98.75,CUST-1496
TXN-007096,2024-01-28,WEST,PROD-102,1,118.51,CUST-1073
TXN-007150,2024-01-28,WEST,PROD-117,4,809.71,CUST-2346
TXN-008313,2024-01-28,CENTRAL,PROD-120,4,651.72,CUST-1722
TXN-008330,2024-01-28,CENTRAL,PROD-120,3,428.73,CUST-1084
TXN-008339,2024-01-28,CENTRAL,PROD-105,1,697.5,CUST-1371
TXN-008423,2024-01-28,CENTRAL,PROD-118,4,82.07,CUST-1885
TXN-008436,2024-01-28,CENTRAL,PROD-101,4,11009.23,CUST-1516
TXN-008457,2024-01-28,CENTRAL,PROD-111,3,155.67,CUST-1015
TXN-008458,2024-01-28,CENTRAL,PROD-110,3,153.58,CUST-1982
TXN-008472,2024-01-28,CENTRAL,PROD-113,3,85.74,CUST-1007
TXN-008489,2024-01-28,CENTRAL,PROD-107,5,1611.05,CUST-1895
TXN-008503,2024-01-28,CENTRAL,PROD-114,5,81.4,CUST-1710
TXN-008514,2024-01-28,CENTRAL,PROD-111,3,152.96,CUST-1583
TXN-008518,2024-01-28,CENTRAL,PROD-116,1,51.19,CUST-1746
TXN-008540,2024-01-28,CENTRAL,PROD-103,4,1814.38,CUST-2180
TXN-008594,2024-01-28,CENTRAL,PROD-118,3,54.57,CUST-1180
TXN-001455,2024-01-29,NORTH,PROD-120,1,142.35,CUST-2292
TXN-001492,2024-01-29,NORTH,PROD-111,3,139.83,CUST-1152
TXN-001532,2024-01-29,NORTH,PROD-116,1,49.56,CUST-1368
TXN-001545,2024-01-29,NORTH,PROD-115,1,138.12,CUST-1108
TXN-001586,2024-01-29,NORTH,PROD-110,4,204.8,CUST-2639
TXN-001744,2024-01-29,NORTH,PROD-114,3,46.51,CUST-2814
TXN-003368,2024-01-29,SOUTH,PROD-115,2,300.42,CUST-2668
TXN-003387,2024-01-29,SOUTH,PROD-119,5,1635.63,CUST-1643
TXN-003395,2024-01-29,SOUTH,PROD-104,3,2432.53,CUST-1493
TXN-003418,2024-01-29,SOUTH,PROD-102,4,468.44,CUST-2940
TXN-003425,2024-01-29,SOUTH,PROD-104,2,1622.11,CUST-1008
TXN-003507,2024-01-29,SOUTH,PROD-115,1,164.3,CUST-2382
TXN-003577,2024-01-29,SOUTH,PROD-112,5,539.8,CUST-1337
TXN-003615,2024-01-29,SOUTH,PROD-112,5,504.03,CUST-1657
TXN-003625,2024-01-29,SOUTH,PROD-104,5,4539.55,CUST-2065
TXN-003729,2024-01-29,SOUTH,PROD-106,2,152.92,CUST-1007
TXN-003782,2024-01-29,SOUTH,PROD-104,3,2631.95,CUST-1718
TXN-003805,2024-01-29,SOUTH,PROD-111,3,150.77,CUST-2368
TXN-003823,2024-01-29,SOUTH,PROD-103,2,1098.35,CUST-1005
TXN-003826,2024-01-29,SOUTH,PROD-110,3,137.97,CUST-2194
TXN-003839,2024-01-29,SOUTH,PROD-104,2,1658.74,CUST-1920
TXN-003865,2024-01-29,SOUTH,PROD-102,2,248.06,CUST-2187
TXN-003911,2024-01-29,SOUTH,PROD-104,2,1827.49,CUST-2193
TXN-005240,2024-01-29,EAST,PROD-107,1,308.5,CUST-1871
TXN-005267,2024-01-29,EAST,PROD-107,2,590.29,CUST-1221
TXN-005304,2024-01-29,EAST,PROD-113,3,94.15,CUST-2644
TXN-005320,2024-01-29,EAST,PROD-111,1,53.78,CUST-2560
TXN-005347,2024-01-29,EAST,PROD-101,2,6247.59,CUST-2105
TXN-005352,2024-01-29,EAST,PROD-103,4,1904.79,CUST-1666
TXN-005353,2024-01-29,EAST,PROD-105,4,2458.21,CUST-2870
TXN-005369,2024-01-29,EAST,PROD-109,3,527.21,CUST-1095
TXN-005370,2024-01-29,EAST,PROD-110,2,107.86,CUST-1901
TXN-005382,2024-01-29,EAST,PROD-115,4,642.23,CUST-1906
TXN-005462,2024-01-29,EAST,PROD-115,4,579.5,CUST-1202
TXN-005487,2024-01-29,EAST,PROD-101,3,9030.59,CUST-2918
TXN-006757,2024-01-29,WEST,PROD-109,4,772.9,CUST-2840
TXN-006779,2024-01-29,WEST,PROD-101,1,3234.93,CUST-1205
TXN-006789,2024-01-29,WEST,PROD-107,4,1089.31,CUST-1638
TXN-006855,2024-01-29,WEST,PROD-116,4,213.37,CUST-1771
TXN-006867,2024-01-29,WEST,PROD-105,4,2467.36,CUST-1804
TXN-006937,2024-01-29,WEST,PROD-107,3,826.29,CUST-1179
TXN-006943,2024-01-29,WEST,PROD-114,3,45.99,CUST-1621
TXN-006984,2024-01-29,WEST,PROD-103,1,529.93,CUST-2778
TXN-006987,2024-01-29,WEST,PROD-103,5,2557.65,CUST-1439
TXN-007012,2024-01-29,WEST,PROD-112,3,305.95,CUST-1325
TXN-007037,2024-01-29,WEST,PROD-113,1,30.68,CUST-1896
TXN-007045,2024-01-29,WEST,PROD-107,5,1423.72,CUST-1041
TXN-007061,2024-01-29,WEST,PROD-102,4,433.76,CUST-1668
TXN-007067,2024-01-29,WEST,PROD-102,4,470.83,CUST-2945
TXN-007084,2024-01-29,WEST,PROD-117,3,615.34,CUST-1241
TXN-007114,2024-01-29,WEST,PROD-103,3,1506.02,CUST-1046
TXN-007165,2024-01-29,WEST,PROD-113,2,63.35,CUST-1699
TXN-008347,2024-01-29,CENTRAL,PROD-113,4,123.8,CUST-1814
TXN-008380,2024-01-29,CENTRAL,PROD-116,2,110.65,CUST-2889
TXN-008387,2024-01-29,CENTRAL,PROD-109,3,552.98,CUST-1961
TXN-008420,2024-01-29,CENTRAL,PROD-113,2,56.1,CUST-2447
TXN-008553,2024-01-29,CENTRAL,PROD-109,2,377.2,CUST-2114
TXN-008597,2024-01-29,CENTRAL,PROD-114,4,62.48,CUST-1420
TXN-008613,2024-01-29,CENTRAL,PROD-105,1,637.18,CUST-2204
TXN-001434,2024-01-30,NORTH,PROD-110,4,208.67,CUST-2875
TXN-001495,2024-01-30,NORTH,PROD-107,5,1467.74,CUST-2322
TXN-001518,2024-01-30,NORTH,PROD-103,1,523.54,CUST-2002
TXN-001530,2024-01-30,NORTH,PROD-119,1,324.33,CUST-2621
TXN-001533,2024-01-30,NORTH,PROD-103,5,2693.4,CUST-1853
TXN-001546,2024-01-30,NORTH,PROD-118,2,37.25,CUST-1060
TXN-001563,2024-01-30,NORTH,PROD-119,2,757.9,CUST-2840
TXN-001576,2024-01-30,NORTH,PROD-102,5,653.38,CUST-2382
TXN-001611,2024-01-30,NORTH,PROD-115,3,466.99,CUST-2499
TXN-001616,2024-01-30,NORTH,PROD-109,2,325.61,CUST-2103
TXN-001628,2024-01-30,NORTH,PROD-109,4,673.15,CUST-1947
TXN-001662,2024-01-30,NORTH,PROD-109,1,164.38,CUST-2368
TXN-001735,2024-01-30,NORTH,PROD-103,2,1069.17,CUST-1547
TXN-003373,2024-01-30,SOUTH,PROD-111,4,217.1,CUST-2123
TXN-003399,2024-01-30,SOUTH,PROD-114,5,78.1,CUST-2848
TXN-003454,2024-01-30,SOUTH,PROD-102,3,385.36,CUST-1642
TXN-003455,2024-01-30,SOUTH,PROD-112,2,209.72,CUST-2962
TXN-003460,2024-01-30,SOUTH,PROD-120,4,558.96,CUST-2132
TXN-003469,2024-01-30,SOUTH,PROD-105,1,714.07,CUST-2620
TXN-003553,2024-01-30,SOUTH,PROD-109,4,687.7,CUST-2447
TXN-003568,2024-01-30,SOUTH,PROD-109,2,341.21,CUST-2321
TXN-003700,2024-01-30,SOUTH,PROD-111,2,101.3,CUST-1714
TXN-003723,2024-01-30,SOUTH,PROD-118,3,64.06,CUST-1311
TXN-003799,2024-01-30,SOUTH,PROD-107,1,329.45,CUST-1335
TXN-003802,2024-01-30,SOUTH,PROD-116,1,50.37,CUST-1942
TXN-003812,2024-01-30,SOUTH,PROD-104,5,4505.21,CUST-1846
TXN-003815,2024-01-30,SOUTH,PROD-103,3,1627.8,CUST-1117
TXN-003863,2024-01-30,SOUTH,PROD-115,5,760.73,CUST-2891
TXN-003881,2024-01-30,SOUTH,PROD-101,2,5479.16,CUST-2578
TXN-005158,2024-01-30,EAST,PROD-111,2,99.63,CUST-2651
TXN-005194,2024-01-30,EAST,PROD-114,5,70.57,CUST-2686
TXN-005290,2024-01-30,EAST,PROD-105,2,1263.72,CUST-1191
TXN-005348,2024-01-30,EAST,PROD-103,5,2326.06,CUST-1283
TXN-005355,2024-01-30,EAST,PROD-108,3,230.79,CUST-1036
TXN-005380,2024-01-30,EAST,PROD-112,4,436.17,CUST-2753
TXN-005386,2024-01-30,EAST,PROD-104,5,4322.93,CUST-2159
TXN-005413,2024-01-30,EAST,PROD-116,1,52.14,CUST-2537
TXN-005442,2024-01-30,EAST,PROD-112,2,183.56,CUST-1113
TXN-005455,2024-01-30,EAST,PROD-120,3,425.91,CUST-2127
TXN-006754,2024-01-30,WEST,PROD-111,3,138.15,CUST-2657
TXN-006771,2024-01-30,WEST,PROD-103,4,1960.14,CUST-1132
TXN-006837,2024-01-30,WEST,PROD-109,3,567.99,CUST-1035
TXN-006854,2024-01-30,WEST,PROD-117,3,557.66,CUST-2779
TXN-006906,2024-01-30,WEST,PROD-105,1,617.93,CUST-1727
TXN-006915,2024-01-30,WEST,PROD-114,4,57.68,CUST-2776
TXN-006921,2024-01-30,WEST,PROD-117,5,972.89,CUST-1344
TXN-006951,2024-01-30,WEST,PROD-113,4,124.52,CUST-1192
TXN-006955,2024-01-30,WEST,PROD-105,2,1348.6,CUST-2297
TXN-006980,2024-01-30,WEST,PROD-117,4,836.44,CUST-1781
TXN-007013,2024-01-30,WEST,PROD-117,5,997.66,CUST-2101
TXN-007016,2024-01-30,WEST,PROD-106,4,316.36,CUST-2558
TXN-007022,2024-01-30,WEST,PROD-101,1,3039.42,CUST-1424
TXN-007133,2024-01-30,WEST,PROD-115,2,300.65,CUST-1038
TXN-007164,2024-01-30,WEST,PROD-108,1,71.37,CUST-2306
TXN-007180,2024-01-30,WEST,PROD-108,3,222.91,CUST-2767
TXN-007185,2024-01-30,WEST,PROD-113,1,28.97,CUST-2973
TXN-008324,2024-01-30,CENTRAL,PROD-116,5,269.64,CUST-2942
TXN-008331,2024-01-30,CENTRAL,PROD-115,1,143.69,CUST-1424
TXN-008341,2024-01-30,CENTRAL,PROD-107,5,1474.55,CUST-2963
TXN-008478,2024-01-30,CENTRAL,PROD-111,1,45.21,CUST-1263
TXN-008490,2024-01-30,CENTRAL,PROD-109,2,366.24,CUST-2778
TXN-008505,2024-01-30,CENTRAL,PROD-107,3,964.94,CUST-2042
TXN-008577,2024-01-30,CENTRAL,PROD-110,5,273.13,CUST-2016
TXN-008580,2024-01-30,CENTRAL,PROD-111,4,206.46,CUST-2335
TXN-001504,2024-01-31,NORTH,PROD-116,1,55.73,CUST-2915
TXN-001506,2024-01-31,NORTH,PROD-103,3,1510.36,CUST-2968
TXN-001589,2024-01-31,NORTH,PROD-103,1,466.47,CUST-1230
TXN-001600,2024-01-31,NORTH,PROD-106,5,433.88,CUST-2458
TXN-001610,2024-01-31,NORTH,PROD-119,2,741.92,CUST-2493
TXN-001619,2024-01-31,NORTH,PROD-102,3,352.59,CUST-2467
TXN-001652,2024-01-31,NORTH,PROD-117,5,1042.46,CUST-2439
TXN-001669,2024-01-31,NORTH,PROD-110,2,108.01,CUST-2101
TXN-001689,2024-01-31,NORTH,PROD-113,4,120.23,CUST-1302
TXN-001730,2024-01-31,NORTH,PROD-115,3,489.31,CUST-2092
TXN-001742,2024-01-31,NORTH,PROD-116,1,50.1,CUST-2837
TXN-001753,2024-01-31,NORTH,PROD-104,3,2724.67,CUST-1973
TXN-001773,2024-01-31,NORTH,PROD-111,4,199.09,CUST-2506
TXN-003470,2024-01-31,SOUTH,PROD-107,3,862.59,CUST-2624
TXN-003471,2024-01-31,SOUTH,PROD-103,3,1530.81,CUST-2638
TXN-003504,2024-01-31,SOUTH,PROD-109,3,567.43,CUST-1133
TXN-003526,2024-01-31,SOUTH,PROD-116,2,108.14,CUST-1027
TXN-003527,2024-01-31,SOUTH,PROD-110,2,96.75,CUST-1637
TXN-003540,2024-01-31,SOUTH,PROD-109,1,178.17,CUST-2593
TXN-003595,2024-01-31,SOUTH,PROD-109,1,172.91,CUST-1782
TXN-003601,2024-01-31,SOUTH,PROD-101,4,11218.96,CUST-1231
TXN-003726,2024-01-31,SOUTH,PROD-106,1,81.13,CUST-2258
TXN-003835,2024-01-31,SOUTH,PROD-117,3,575.21,CUST-2446
TXN-003843,2024-01-31,SOUTH,PROD-118,5,96.0,CUST-2453
TXN-003850,2024-01-31,SOUTH,PROD-109,4,661.39,CUST-2794
TXN-003870,2024-01-31,SOUTH,PROD-110,5,258.11,CUST-2018
TXN-003875,2024-01-31,SOUTH,PROD-116,1,50.58,CUST-2907
TXN-003887,2024-01-31,SOUTH,PROD-109,1,194.78,CUST-2271
TXN-003904,2024-01-31,SOUTH,PROD-110,2,103.9,CUST-2671
TXN-005174,2024-01-31,EAST,PROD-120,4,609.9,CUST-1898
TXN-005183,2024-01-31,EAST,PROD-109,3,573.54,CUST-2618
TXN-005218,2024-01-31,EAST,PROD-120,1,154.79,CUST-2717
TXN-005250,2024-01-31,EAST,PROD-112,2,200.49,CUST-2305
TXN-005262,2024-01-31,EAST,PROD-115,1,152.61,CUST-2507
TXN-005293,2024-01-31,EAST,PROD-101,5,14314.74,CUST-2520
TXN-005377,2024-01-31,EAST,PROD-111,1,52.48,CUST-1259
TXN-005406,2024-01-31,EAST,PROD-117,4,720.63,CUST-2938
TXN-005446,2024-01-31,EAST,PROD-117,3,647.1,CUST-1321
TXN-005484,2024-01-31,EAST,PROD-113,4,117.98,CUST-1284
TXN-006751,2024-01-31,WEST,PROD-108,5,379.14,CUST-2123
TXN-006807,2024-01-31,WEST,PROD-117,4,789.75,CUST-2254
TXN-006823,2024-01-31,WEST,PROD-114,4,59.36,CUST-2104
TXN-006835,2024-01-31,WEST,PROD-112,5,538.71,CUST-1891
TXN-006862,2024-01-31,WEST,PROD-105,2,1227.79,CUST-1901
TXN-006885,2024-01-31,WEST,PROD-106,2,171.66,CUST-1267
TXN-006886,2024-01-31,WEST,PROD-114,4,65.76,CUST-2293
TXN-006940,2024-01-31,WEST,PROD-103,3,1417.01,CUST-1389
TXN-006948,2024-01-31,WEST,PROD-120,5,714.99,CUST-1313
TXN-006958,2024-01-31,WEST,PROD-105,1,653.77,CUST-2294
TXN-007001,2024-01-31,WEST,PROD-118,2,42.96,CUST-1326
TXN-007075,2024-01-31,WEST,PROD-117,3,588.13,CUST-1213
TXN-007097,2024-01-31,WEST,PROD-113,4,121.71,CUST-2324
TXN-007166,2024-01-31,WEST,PROD-106,4,338.89,CUST-1288
TXN-007179,2024-01-31,WEST,PROD-119,4,1418.51,CUST-1025
TXN-008353,2024-01-31,CENTRAL,PROD-109,2,332.5,CUST-2788
TXN-008356,2024-01-31,CENTRAL,PROD-108,4,266.1,CUST-2945
TXN-008413,2024-01-31,CENTRAL,PROD-102,4,482.36,CUST-1768
TXN-008426,2024-01-31,CENTRAL,PROD-113,4,125.85,CUST-1508
TXN-008453,2024-01-31,CENTRAL,PROD-115,5,705.7,CUST-2102
TXN-008491,2024-01-31,CENTRAL,PROD-104,5,4358.92,CUST-2784
TXN-008541,2024-01-31,CENTRAL,PROD-117,5,1009.21,CUST-2324
TXN-008567,2024-01-31,CENTRAL,PROD-105,4,2751.92,CUST-2195
